id,created,updated,barcode,activated,fnmemberId
cmjqa2tf40004xw8y6xbudxf7,2025-12-28T22:05:22.670Z,2026-08-04T15:47:27.975Z,TCNMEM13073,2,cmkujg7do0000xw2es2ubttb9
cmjqa2tf40006xw8yl2tlb3mc,2025-12-28T22:05:22.670Z,2026-08-04T15:47:27.993Z,TCNMEM13075,2,cmkujg7f70002xw2evfdg9sqi
cmjqa2tf40007xw8ywyb3xmwi,2025-12-28T22:05:22.670Z,2026-08-04T15:47:28.004Z,TCNMEM13076,2,cmkujg7fc0003xw2eymh79j6a
cmjqa2tf40008xw8ypfizi1tc,2025-12-28T22:05:22.670Z,2026-08-04T15:47:28.013Z,TCNMEM13077,2,cmkujg7fg0004xw2esiiwc13o
cmjqa2tf40009xw8yzuaga7v9,2025-12-28T22:05:22.670Z,2026-08-04T15:47:28.022Z,TCNMEM13078,2,cmkujg7fk0005xw2esdcp3o00
cmjqa2tf4000axw8yhsm9spsc,2025-12-28T22:05:22.670Z,2026-08-04T15:47:28.031Z,TCNMEM13079,2,cmkujg7fp0006xw2ei1it0ngi
cmjqa2tf4000hxw8yrqxpnfi5,2025-12-28T22:05:22.670Z,2026-08-04T15:47:28.041Z,TCNMEM13086,2,cmkujg7gg000dxw2ejti91li3
cmjqa2tf4000ixw8y9ikamzui,2025-12-28T22:05:22.670Z,2026-08-04T15:47:28.051Z,TCNMEM13087,2,cmkujg7gk000exw2et8kt8972
cmjqa2tf4000kxw8yj6rdn1jd,2025-12-28T22:05:22.670Z,2026-08-04T15:47:28.060Z,TCNMEM13089,2,cmkujg7gr000gxw2ez92xh4sk
cmjqa2tf4000mxw8y5evqf763,2025-12-28T22:05:22.670Z,2026-08-04T15:47:28.068Z,TCNMEM13091,2,cmkujg7gx000ixw2ei61aznny
cmjqa2tf4000nxw8yi78mrql7,2025-12-28T22:05:22.670Z,2026-08-04T15:47:28.076Z,TCNMEM13092,2,cmkujg7h1000jxw2ewe5exzpz
cmjqa2tf4000oxw8y7g17k4wr,2025-12-28T22:05:22.670Z,2026-08-04T15:47:28.084Z,TCNMEM13093,2,cmkujg7h4000kxw2ezf25yuu6
cmjqa2tf4000qxw8y95tckxz9,2025-12-28T22:05:22.670Z,2026-08-04T15:47:28.093Z,TCNMEM13095,2,cmkujg7hb000mxw2e4k2cz7n4
cmjqa2tf4000txw8y9y95sbfk,2025-12-28T22:05:22.670Z,2026-08-04T15:47:28.103Z,TCNMEM13098,2,cmkujg7hl000pxw2e6o5fdyt9
cmjqa2tf4000uxw8y4az9f3pl,2025-12-28T22:05:22.670Z,2026-08-04T15:47:28.112Z,TCNMEM13099,2,cmkujg7ho000qxw2ettx05n97
cmjqa2tf4000vxw8yj6g84vm6,2025-12-28T22:05:22.670Z,2026-08-04T15:47:28.120Z,TCNMEM13100,2,cmkujg7hs000rxw2e32sg5hm9
cmjqa2tf4000wxw8ygb26ad73,2025-12-28T22:05:22.670Z,2026-08-04T15:47:28.128Z,TCNMEM13101,2,cmkujg7hv000sxw2er9r26agi
cmjqa2tf4000yxw8y8ayx35qy,2025-12-28T22:05:22.670Z,2026-08-04T15:47:28.138Z,TCNMEM13103,2,cmkujg7i2000uxw2e38alams6
cmjqa2tf4000zxw8y5dkosij4,2025-12-28T22:05:22.670Z,2026-08-04T15:47:28.178Z,TCNMEM13104,2,cmkujg7i5000vxw2ezpxhskaf
cmjqa2tf40011xw8y40559nfj,2025-12-28T22:05:22.670Z,2026-08-04T15:47:28.186Z,TCNMEM13106,2,cmkujg7ic000xxw2el4t8813h
cmjqa2tf40012xw8yk5hgqq0q,2025-12-28T22:05:22.670Z,2026-08-04T15:47:28.195Z,TCNMEM13107,2,cmkujg7if000yxw2e0gsj1qmz
cmjqa2tf40013xw8ys3o5uciu,2025-12-28T22:05:22.670Z,2026-08-04T15:47:28.202Z,TCNMEM13108,2,cmkujg7ii000zxw2ebcryl1tw
cmjqa2tf40015xw8ywe5y5hob,2025-12-28T22:05:22.670Z,2026-08-04T15:47:28.210Z,TCNMEM13110,2,cmkujg7ip0011xw2ed4xuygc6
cmjqa2tf40017xw8you8q92ko,2025-12-28T22:05:22.670Z,2026-08-04T15:47:28.219Z,TCNMEM13112,2,cmkujg7iw0013xw2e7gb7ivhd
cmjqa2tf4001dxw8yu7zu080h,2025-12-28T22:05:22.670Z,2026-08-04T15:47:28.229Z,TCNMEM13118,2,cmkujg7jg0019xw2e86zwjqdu
cmjqa2tf4001exw8y20qhzd5k,2025-12-28T22:05:22.670Z,2026-08-04T15:47:28.240Z,TCNMEM13119,2,cmkujg7ji001axw2e88u3ytrj
cmjqa2tf4001fxw8ydoodpp08,2025-12-28T22:05:22.670Z,2026-08-04T15:47:28.252Z,TCNMEM13120,2,cmkujg7jk001bxw2e4u17szk5
cmjqa2tf4001gxw8yz82t51di,2025-12-28T22:05:22.670Z,2026-08-04T15:47:28.263Z,TCNMEM13121,2,cmkujg7jm001cxw2ex8vupflp
cmjqa2tf4001hxw8yanwildo5,2025-12-28T22:05:22.670Z,2026-08-04T15:47:28.274Z,TCNMEM13122,2,cmkujg7jo001dxw2e8lc0uj0t
cmjqa2tf4001ixw8yjk3vd5na,2025-12-28T22:05:22.670Z,2026-08-04T15:47:28.287Z,TCNMEM13123,2,cmkujg7jq001exw2eofl1yaq8
cmjqa2tf4001jxw8yu6ncwo0j,2025-12-28T22:05:22.670Z,2026-08-04T15:47:28.299Z,TCNMEM13124,2,cmkujg7js001fxw2ec4yq75ps
cmjqa2tf4001kxw8y32mf8cpt,2025-12-28T22:05:22.670Z,2026-08-04T15:47:28.310Z,TCNMEM13125,2,cmkujg7jt001gxw2ebt2x68j9
cmjqa2tf4001lxw8yxlpln80j,2025-12-28T22:05:22.670Z,2026-08-04T15:47:28.322Z,TCNMEM13126,2,cmkujg7jv001hxw2e1zd7fdnr
cmjqa2tf4001mxw8ylu6nxuh0,2025-12-28T22:05:22.670Z,2026-08-04T15:47:28.334Z,TCNMEM13127,2,cmkujg7jw001ixw2eza3y4zv6
cmjqa2tf4001nxw8y4coutxul,2025-12-28T22:05:22.670Z,2026-08-04T15:47:28.347Z,TCNMEM13128,2,cmkujg7jy001jxw2e2tjitmbw
cmjqa2tf4001oxw8ycdu5tumr,2025-12-28T22:05:22.670Z,2026-08-04T15:47:28.357Z,TCNMEM13129,2,cmkujg7jz001kxw2emxdf3glf
cmjqa2tf4001pxw8ye4gbeqqn,2025-12-28T22:05:22.670Z,2026-08-04T15:47:28.365Z,TCNMEM13130,2,cmkujg7k1001lxw2e3ytgrdod
cmjqa2tf4001qxw8yl8gorf0d,2025-12-28T22:05:22.670Z,2026-08-04T15:47:28.377Z,TCNMEM13131,2,cmkujg7k2001mxw2ekf0lg7i5
cmjqa2tf4001rxw8yyci7iw3k,2025-12-28T22:05:22.670Z,2026-08-04T15:47:28.387Z,TCNMEM13132,2,cmkujg7k4001nxw2edm8bjx5f
cmjqa2tf4001sxw8yfgt4nrwl,2025-12-28T22:05:22.670Z,2026-08-04T15:47:28.395Z,TCNMEM13133,2,cmkujg7k5001oxw2ejubdnxez
cmjqa2tf4001txw8ylj52irzc,2025-12-28T22:05:22.670Z,2026-08-04T15:47:28.405Z,TCNMEM13134,2,cmkujg7k7001pxw2e8juvc0jg
cmjqa2tf4001vxw8ydfr5iqae,2025-12-28T22:05:22.670Z,2026-08-04T15:47:28.414Z,TCNMEM13136,2,cmkujg7ka001rxw2ed7pcs9my
cmjqa2tf4001wxw8yy1ncp1hp,2025-12-28T22:05:22.670Z,2026-08-04T15:47:28.423Z,TCNMEM13137,2,cmkujg7kc001sxw2euleirucu
cmjqa2tf4001zxw8yo5lqs805,2025-12-28T22:05:22.670Z,2026-08-04T15:47:28.431Z,TCNMEM13140,2,cmkujg7kg001vxw2e53623p5v
cmjqa2tf40020xw8yzvfyhgd2,2025-12-28T22:05:22.670Z,2026-08-04T15:47:28.442Z,TCNMEM13141,2,cmkujg7ki001wxw2e6xx89jdx
cmjqa2tf40021xw8yrppph5uh,2025-12-28T22:05:22.670Z,2026-08-04T15:47:28.450Z,TCNMEM13142,2,cmkujg7kj001xxw2embnscmp5
cmjqa2tf40022xw8ynpsqkish,2025-12-28T22:05:22.670Z,2026-08-04T15:47:28.459Z,TCNMEM13143,2,cmkujg7kl001yxw2e3qsubb8o
cmjqa2tf40023xw8y5u00lqcw,2025-12-28T22:05:22.670Z,2026-08-04T15:47:28.468Z,TCNMEM13144,2,cmkujg7km001zxw2e5o81f52c
cmjqa2tf40024xw8y3rf5zhew,2025-12-28T22:05:22.670Z,2026-08-04T15:47:28.476Z,TCNMEM13145,2,cmkujg7ko0020xw2ex8la9d3t
cmjqa2tf40026xw8yff1qsqoq,2025-12-28T22:05:22.670Z,2026-08-04T15:47:28.484Z,TCNMEM13147,2,cmkujg7kr0022xw2eci1iwig7
cmjqa2tf40027xw8y8v3gcpjf,2025-12-28T22:05:22.670Z,2026-08-04T15:47:28.497Z,TCNMEM13148,2,cmkujg7ks0023xw2eql0u42sl
cmjqa2tf40028xw8ylx65m9mn,2025-12-28T22:05:22.670Z,2026-08-04T15:47:28.507Z,TCNMEM13149,2,cmkujg7ku0024xw2ek5lsp8fj
cmjqa2tf40029xw8y6jgue69q,2025-12-28T22:05:22.670Z,2026-08-04T15:47:28.521Z,TCNMEM13150,2,cmkujg7kv0025xw2e2zn0zx08
cmjqa2tf4002axw8y75vx5cxb,2025-12-28T22:05:22.670Z,2026-08-04T15:47:28.531Z,TCNMEM13151,2,cmkujg7kx0026xw2ekrdzlhmd
cmjqa2tf4002dxw8yjqgrv39w,2025-12-28T22:05:22.670Z,2026-08-04T15:47:28.543Z,TCNMEM13154,2,cmkujg7l40029xw2etifoxieq
cmjqa2tf4002exw8ynhsnq28g,2025-12-28T22:05:22.670Z,2026-08-04T15:47:28.552Z,TCNMEM13155,2,cmkujg7l7002axw2eptxdtz9m
cmjqa2tf4002fxw8y3tb8fbj8,2025-12-28T22:05:22.670Z,2026-08-04T15:47:28.562Z,TCNMEM13156,2,cmkujg7la002bxw2e8sbcakk2
cmjqa2tf4002gxw8ym8yq1slx,2025-12-28T22:05:22.670Z,2026-08-04T15:47:28.572Z,TCNMEM13157,2,cmkujg7le002cxw2eqv1ny52b
cmjqa2tf4002hxw8yzqcz48mc,2025-12-28T22:05:22.670Z,2026-08-04T15:47:28.581Z,TCNMEM13158,2,cmkujg7lh002dxw2eorc5kvfv
cmjqa2tf4002jxw8yky6xrnrp,2025-12-28T22:05:22.670Z,2026-08-04T15:47:28.590Z,TCNMEM13160,2,cmkujg7lo002fxw2eggpljstg
cmjqa2tf4002lxw8yxtpnznp8,2025-12-28T22:05:22.670Z,2026-08-04T15:47:28.600Z,TCNMEM13162,2,cmkujg7lu002hxw2egllr5ol1
cmjqa2tf4002mxw8y1hped3gm,2025-12-28T22:05:22.670Z,2026-08-04T15:47:28.608Z,TCNMEM13163,2,cmkujg7ly002ixw2eyel25j0f
cmjqa2tf4002oxw8y1azvtsj6,2025-12-28T22:05:22.670Z,2026-08-04T15:47:28.616Z,TCNMEM13165,2,cmkujg7m4002kxw2e14y5d0ht
cmjqa2tf4002pxw8yexcf9a3y,2025-12-28T22:05:22.670Z,2026-08-04T15:47:28.624Z,TCNMEM13166,2,cmkujg7m7002lxw2e3s2tutgz
cmjqa2tf5002rxw8ycga30t9g,2025-12-28T22:05:22.670Z,2026-08-04T15:47:28.634Z,TCNMEM13168,2,cmkujg7me002nxw2ero0x9d7i
cmjqa2tf5002sxw8y184f5vo6,2025-12-28T22:05:22.670Z,2026-08-04T15:47:28.642Z,TCNMEM13169,2,cmkujg7mh002oxw2e8z6b1cpn
cmjqa2tf5002txw8ym22us7hj,2025-12-28T22:05:22.670Z,2026-08-04T15:47:28.652Z,TCNMEM13170,2,cmkujg7mk002pxw2ei9v1yizs
cmjqa2tf5002uxw8y0tyy0gm7,2025-12-28T22:05:22.670Z,2026-08-04T15:47:28.663Z,TCNMEM13171,2,cmkujg7mo002qxw2e3zv1brwt
cmjqa2tf5002vxw8y840dqq66,2025-12-28T22:05:22.670Z,2026-08-04T15:47:28.672Z,TCNMEM13172,2,cmkujg7mr002rxw2es1vorloi
cmjqa2tf5002wxw8yrndnvyvw,2025-12-28T22:05:22.670Z,2026-08-04T15:47:28.683Z,TCNMEM13173,2,cmkujg7mu002sxw2e8zg961mi
cmjqa2tf5002yxw8y23m7hgd7,2025-12-28T22:05:22.670Z,2026-08-04T15:47:28.694Z,TCNMEM13175,2,cmkujg7n1002uxw2etoqktiyq
cmjqa2tf5002zxw8yjn4mm6gr,2025-12-28T22:05:22.670Z,2026-08-04T15:47:28.704Z,TCNMEM13176,2,cmkujg7n4002vxw2ezbhuww3x
cmjqa2tf50031xw8y45p8ujpz,2025-12-28T22:05:22.670Z,2026-08-04T15:47:28.713Z,TCNMEM13178,2,cmkujg7nb002xxw2epicdwx81
cmjqa2tf50032xw8ybhrgb0m5,2025-12-28T22:05:22.670Z,2026-08-04T15:47:28.723Z,TCNMEM13179,2,cmkujg7ne002yxw2ez7lj1gcl
cmjqa2tf50033xw8yw603b7mw,2025-12-28T22:05:22.670Z,2026-08-04T15:47:28.733Z,TCNMEM13180,2,cmkujg7nh002zxw2emuspa73s
cmjqa2tf50034xw8y4r5ioje8,2025-12-28T22:05:22.670Z,2026-08-04T15:47:28.741Z,TCNMEM13181,2,cmkujg7nl0030xw2epwnt2hmp
cmjqa2tf50036xw8yigezqymg,2025-12-28T22:05:22.670Z,2026-08-04T15:47:28.750Z,TCNMEM13183,2,cmkujg7nr0032xw2ex8durs6b
cmjqa2tf50037xw8yh5ggg8tb,2025-12-28T22:05:22.670Z,2026-08-04T15:47:28.758Z,TCNMEM13184,2,cmkujg7nv0033xw2e1tctumcx
cmjqa2tf50038xw8yvkbdje5n,2025-12-28T22:05:22.670Z,2026-08-04T15:47:28.765Z,TCNMEM13185,2,cmkujg7ny0034xw2e9fcx201f
cmjqa2tf50039xw8y2mcgmqkj,2025-12-28T22:05:22.670Z,2026-08-04T15:47:28.772Z,TCNMEM13186,2,cmkujg7o10035xw2efxrpdd4f
cmjqa2tf5003axw8yt43gjwoh,2025-12-28T22:05:22.670Z,2026-08-04T15:47:28.800Z,TCNMEM13187,2,cmkujg7o40036xw2ezpn4lp36
cmjqa2tf5003bxw8ycsmzss31,2025-12-28T22:05:22.670Z,2026-08-04T15:47:28.810Z,TCNMEM13188,2,cmkujg7o80037xw2e9w9nasc1
cmjqa2tf5003cxw8yq0hmh2a0,2025-12-28T22:05:22.670Z,2026-08-04T15:47:28.819Z,TCNMEM13189,2,cmkujg7ob0038xw2e3xza1420
cmjqa2tf5003dxw8yxi9djyfe,2025-12-28T22:05:22.670Z,2026-08-04T15:47:28.832Z,TCNMEM13190,2,cmkujg7oe0039xw2enu1cyivo
cmjqa2tf5003gxw8yw2oh6ldp,2025-12-28T22:05:22.670Z,2026-08-04T15:47:28.842Z,TCNMEM13193,2,cmkujg7oo003cxw2enmwd1qq4
cmjqa2tf5003hxw8ybula0ws8,2025-12-28T22:05:22.670Z,2026-08-04T15:47:28.851Z,TCNMEM13194,2,cmkujg7os003dxw2e0qukj1e8
cmjqa2tf5003ixw8y6761878q,2025-12-28T22:05:22.670Z,2026-08-04T15:47:28.860Z,TCNMEM13195,2,cmkujg7ov003exw2eybh8zpwn
cmjqa2tf5003mxw8y7d5ym4mu,2025-12-28T22:05:22.670Z,2026-08-04T15:47:28.871Z,TCNMEM13199,2,cmkujg7p8003ixw2e6ge54kjq
cmjqa2tf5003nxw8yzup2zb64,2025-12-28T22:05:22.670Z,2026-08-04T15:47:28.882Z,TCNMEM13200,2,cmkujg7pb003jxw2e3gpugyh2
cmjqa2tf5003oxw8yb4451mpm,2025-12-28T22:05:22.670Z,2026-08-04T15:47:28.894Z,TCNMEM13201,2,cmkujg7pe003kxw2e148rns3x
cmjqa2tf5003pxw8ysjb3hd39,2025-12-28T22:05:22.670Z,2026-08-04T15:47:28.907Z,TCNMEM13202,2,cmkujg7pi003lxw2eznkn72hp
cmjqa2tf5003qxw8ya8u99q38,2025-12-28T22:05:22.670Z,2026-08-04T15:47:28.919Z,TCNMEM13203,2,cmkujg7pl003mxw2epqoiahf0
cmjqa2tf5003sxw8yxgjxw009,2025-12-28T22:05:22.670Z,2026-08-04T15:47:28.928Z,TCNMEM13205,2,cmkujg7ps003oxw2e9v10p967
cmjqa2tf5003vxw8ym31c30y9,2025-12-28T22:05:22.670Z,2026-08-04T15:47:28.939Z,TCNMEM13208,2,cmkujg7q1003rxw2e9om3o1lz
cmjqa2tf5003wxw8yac7dbr93,2025-12-28T22:05:22.670Z,2026-08-04T15:47:28.951Z,TCNMEM13209,2,cmkujg7q5003sxw2eeysr7rez
cmjqa2tf5003xxw8yl6j9le83,2025-12-28T22:05:22.670Z,2026-08-04T15:47:28.962Z,TCNMEM13210,2,cmkujg7q8003txw2eyrmy1xh5
cmjqa2tf5003zxw8yonh8829r,2025-12-28T22:05:22.670Z,2026-08-04T15:47:28.972Z,TCNMEM13212,2,cmkujg7qf003vxw2eexskxu1x
cmjqa2tf50040xw8ytp2ovvee,2025-12-28T22:05:22.670Z,2026-08-04T15:47:28.981Z,TCNMEM13213,2,cmkujg7qi003wxw2ewxyxmvmd
cmjqa2tf50043xw8yhn4rduvy,2025-12-28T22:05:22.670Z,2026-08-04T15:47:28.989Z,TCNMEM13216,2,cmkujg7qs003zxw2esutd5ngn
cmjqa2tf50044xw8yy0m5y5rl,2025-12-28T22:05:22.670Z,2026-08-04T15:47:28.999Z,TCNMEM13217,2,cmkujg7qu0040xw2ell8kwkbp
cmjqa2tf50045xw8yot90xs8j,2025-12-28T22:05:22.670Z,2026-08-04T15:47:36.341Z,TCNMEM13218,2,cmkujg7qx0041xw2egbgmjrjn
cmjqa2tf50046xw8y5ohbh9bg,2025-12-28T22:05:22.670Z,2026-08-04T15:47:36.350Z,TCNMEM13219,2,cmkujg7qz0042xw2eipmx4u2m
cmjqa2tf50048xw8yv5cp41n7,2025-12-28T22:05:22.670Z,2026-08-04T15:47:36.360Z,TCNMEM13221,2,cmkujg7r30044xw2e47cz9h5u
cmjqa2tf50049xw8y4q2qtmt5,2025-12-28T22:05:22.670Z,2026-08-04T15:47:36.370Z,TCNMEM13222,2,cmkujg7r50045xw2el9k2snlb
cmjqa2tf5004axw8yq2fktwq3,2025-12-28T22:05:22.670Z,2026-08-04T15:47:36.381Z,TCNMEM13223,2,cmkujg7r70046xw2ebw6cqi13
cmjqa2tf5004bxw8yei3a0vit,2025-12-28T22:05:22.670Z,2026-08-04T15:47:36.390Z,TCNMEM13224,2,cmkujg7r90047xw2e8ia2r5mz
cmjqa2tf5004dxw8ya93f834u,2025-12-28T22:05:22.670Z,2026-08-04T15:47:36.399Z,TCNMEM13226,2,cmkujg7rd0049xw2eyqzqa7l3
cmjqa2tf5004gxw8yrfp4het8,2025-12-28T22:05:22.670Z,2026-08-04T15:47:36.407Z,TCNMEM13229,2,cmkujg7rj004cxw2evari0if1
cmjqa2tf5004hxw8y8gkhnlvd,2025-12-28T22:05:22.670Z,2026-08-04T15:47:36.416Z,TCNMEM13230,2,cmkujg7rl004dxw2edolm0u0o
cmjqa2tf5004ixw8ya9l3m2hb,2025-12-28T22:05:22.670Z,2026-08-04T15:47:36.426Z,TCNMEM13231,2,cmkujg7rn004exw2e5hqfwn23
cmjqa2tf5004kxw8yyqj3eqnv,2025-12-28T22:05:22.670Z,2026-08-04T15:47:36.437Z,TCNMEM13233,2,cmkujg7rr004gxw2egq2zow7i
cmjqa2tf5004lxw8yjgbx7vs7,2025-12-28T22:05:22.670Z,2026-08-04T15:47:36.447Z,TCNMEM13234,2,cmkujg7rt004hxw2ejgn3a5sa
cmjqa2tf5004mxw8ymxunjoc0,2025-12-28T22:05:22.670Z,2026-08-04T15:47:36.457Z,TCNMEM13235,2,cmkujg7rv004ixw2esrzss2xp
cmjqa2tf5004oxw8y3c6mu72d,2025-12-28T22:05:22.670Z,2026-08-04T15:47:36.466Z,TCNMEM13237,2,cmkujg7rz004kxw2ermx9g6kc
cmjqa2tf5004pxw8yi3xlm6d1,2025-12-28T22:05:22.670Z,2026-08-04T15:47:36.476Z,TCNMEM13238,2,cmkujg7s1004lxw2ezuuoxqdj
cmjqa2tf5004qxw8ygyjp5xqs,2025-12-28T22:05:22.670Z,2026-08-04T15:47:36.486Z,TCNMEM13239,2,cmkujg7s3004mxw2ex8hcygnm
cmjqa2tf5004rxw8y0ivtbfy0,2025-12-28T22:05:22.670Z,2026-08-04T15:47:36.495Z,TCNMEM13240,2,cmkujg7s5004nxw2ewwjcb29x
cmjqa2tf5004sxw8ykpzh2zyt,2025-12-28T22:05:22.670Z,2026-08-04T15:47:36.506Z,TCNMEM13241,2,cmkujg7s7004oxw2ez744na0g
cmjqa2tf5004txw8ywrq3i9s9,2025-12-28T22:05:22.670Z,2026-08-04T15:47:36.516Z,TCNMEM13242,2,cmkujg7s9004pxw2elp772fhf
cmjqa2tf5004uxw8y6dv0ekv3,2025-12-28T22:05:22.670Z,2026-08-04T15:47:36.527Z,TCNMEM13243,2,cmkujg7sb004qxw2eo8c975ry
cmjqa2tf5004vxw8yre8h312c,2025-12-28T22:05:22.670Z,2026-08-04T15:47:36.537Z,TCNMEM13244,2,cmkujg7sd004rxw2evsr1i9dn
cmjqa2tf5004wxw8y5jfb1fd1,2025-12-28T22:05:22.670Z,2026-08-04T15:47:36.547Z,TCNMEM13245,2,cmkujg7sf004sxw2eofmba55x
cmjqa2tf5004xxw8yajw72g17,2025-12-28T22:05:22.670Z,2026-08-04T15:47:36.558Z,TCNMEM13246,2,cmkujg7sh004txw2ewc385e8l
cmjqa2tf5004yxw8y586kb9kp,2025-12-28T22:05:22.670Z,2026-08-04T15:47:36.569Z,TCNMEM13247,2,cmkujg7sk004uxw2enni9nk6h
cmjqa2tf5004zxw8y3pfsfp59,2025-12-28T22:05:22.670Z,2026-08-04T15:47:36.578Z,TCNMEM13248,2,cmkujg7sl004vxw2eebuiyb3y
cmjqa2tf50051xw8ycmcb5o4i,2025-12-28T22:05:22.670Z,2026-08-04T15:47:36.587Z,TCNMEM13250,2,cmkujg7sq004xxw2enewak4ac
cmjqa2tf50052xw8y0m7wxbcz,2025-12-28T22:05:22.670Z,2026-08-04T15:47:36.597Z,TCNMEM13251,2,cmkujg7ss004yxw2erwd2bc2b
cmjqa2tf50053xw8yue7xc0up,2025-12-28T22:05:22.670Z,2026-08-04T15:47:36.606Z,TCNMEM13252,2,cmkujg7st004zxw2esw10ujiu
cmjqa2tf50054xw8ycj4f845h,2025-12-28T22:05:22.670Z,2026-08-04T15:47:36.616Z,TCNMEM13253,2,cmkujg7sv0050xw2ehvqitbx6
cmjqa2tf50055xw8ygs7lfxqn,2025-12-28T22:05:22.670Z,2026-08-04T15:47:36.625Z,TCNMEM13254,2,cmkujg7sx0051xw2ecd89tym9
cmjqa2tf50057xw8yd71r79v8,2025-12-28T22:05:22.670Z,2026-08-04T15:47:36.637Z,TCNMEM13256,2,cmkujg7t10053xw2ex34bq1as
cmjqa2tf50058xw8ytck6ekt4,2025-12-28T22:05:22.670Z,2026-08-04T15:47:36.648Z,TCNMEM13257,2,cmkujg7t30054xw2e2x1l1elw
cmjqa2tf5005axw8y9s6bdizk,2025-12-28T22:05:22.670Z,2026-08-04T15:47:36.658Z,TCNMEM13259,2,cmkujg7t70056xw2ebf8nsxxp
cmjqa2tf5005bxw8y4io4722i,2025-12-28T22:05:22.670Z,2026-08-04T15:47:36.668Z,TCNMEM13260,2,cmkujg7ta0057xw2e1znefe6e
cmjqa2tf5005cxw8yygvtduyo,2025-12-28T22:05:22.670Z,2026-08-04T15:47:36.677Z,TCNMEM13261,2,cmkujg7tc0058xw2e79pqtg2r
cmjqa2tf5005dxw8yyh24pfko,2025-12-28T22:05:22.670Z,2026-08-04T15:47:36.689Z,TCNMEM13262,2,cmkujg7te0059xw2eq7ttyrmq
cmjqa2tf5005exw8yfqmbbdor,2025-12-28T22:05:22.670Z,2026-08-04T15:47:36.701Z,TCNMEM13263,2,cmkujg7tg005axw2e7y9382iz
cmjqa2tf5005fxw8ycsfimkh8,2025-12-28T22:05:22.670Z,2026-08-04T15:47:36.710Z,TCNMEM13264,2,cmkujg7ti005bxw2e5e59al8q
cmjqa2tf6005gxw8y2l1ielvj,2025-12-28T22:05:22.670Z,2026-08-04T15:47:36.719Z,TCNMEM13265,2,cmkujg7tk005cxw2eef79vvnd
cmjqa2tf6005hxw8yrqmro3zw,2025-12-28T22:05:22.670Z,2026-08-04T15:47:36.728Z,TCNMEM13266,2,cmkujg7tm005dxw2e1a3laniy
cmjqa2tf6005kxw8y0q8uuvu1,2025-12-28T22:05:22.670Z,2026-08-04T15:47:36.738Z,TCNMEM13269,2,cmkujg7ts005gxw2ev11kzk1c
cmjqa2tf6005lxw8y4gm59xjk,2025-12-28T22:05:22.670Z,2026-08-04T15:47:36.747Z,TCNMEM13270,2,cmkujg7tu005hxw2e2vr1ondk
cmjqa2tf6005nxw8yhfxn7o69,2025-12-28T22:05:22.670Z,2026-08-04T15:47:36.757Z,TCNMEM13272,2,cmkujg7ty005jxw2eyio93gh7
cmjqa2tf6005oxw8yqdxdsb2a,2025-12-28T22:05:22.670Z,2026-08-04T15:47:36.767Z,TCNMEM13273,2,cmkujg7u0005kxw2em9k6kxl3
cmjqa2tf6005pxw8y0c0imxnq,2025-12-28T22:05:22.670Z,2026-08-04T15:47:36.777Z,TCNMEM13274,2,cmkujg7u2005lxw2exalvhoti
cmjqa2tf6005qxw8yhhcbaeo8,2025-12-28T22:05:22.670Z,2026-08-04T15:47:36.786Z,TCNMEM13275,2,cmkujg7u4005mxw2eejt8dhgd
cmjqa2tf6005rxw8y7xrk42t9,2025-12-28T22:05:22.670Z,2026-08-04T15:47:36.795Z,TCNMEM13276,2,cmkujg7u6005nxw2ei27s5d27
cmjqa2tf6005txw8y4dym63er,2025-12-28T22:05:22.670Z,2026-08-04T15:47:36.805Z,TCNMEM13278,2,cmkujg7ua005pxw2e5pr8dqut
cmjqa2tf6005uxw8yl41ek2nw,2025-12-28T22:05:22.670Z,2026-08-04T15:47:36.815Z,TCNMEM13279,2,cmkujg7uc005qxw2er2kisabr
cmjqa2tf6005wxw8yg5y8ezti,2025-12-28T22:05:22.670Z,2026-08-04T15:47:36.828Z,TCNMEM13281,2,cmkujg7ug005sxw2e7mj9qv5r
cmjqa2tf6005xxw8yimwt15lo,2025-12-28T22:05:22.670Z,2026-08-04T15:47:36.838Z,TCNMEM13282,2,cmkujg7ui005txw2edi4qq8s9
cmjqa2tf6005yxw8yctslx5og,2025-12-28T22:05:22.670Z,2026-08-04T15:47:36.847Z,TCNMEM13283,2,cmkujg7uk005uxw2ejc5z8fd0
cmjqa2tf6005zxw8ycxdl6e7k,2025-12-28T22:05:22.670Z,2026-08-04T15:47:36.856Z,TCNMEM13284,2,cmkujg7um005vxw2exho2ukro
cmjqa2tf60060xw8yn4eh12p5,2025-12-28T22:05:22.670Z,2026-08-04T15:47:36.867Z,TCNMEM13285,2,cmkujg7uo005wxw2ezigare1s
cmjqa2tf60063xw8yv6cjgx9i,2025-12-28T22:05:22.670Z,2026-08-04T15:47:36.878Z,TCNMEM13288,2,cmkujg7uu005zxw2ec228nmll
cmjqa2tf60064xw8ygbwskled,2025-12-28T22:05:22.670Z,2026-08-04T15:47:36.890Z,TCNMEM13289,2,cmkujg7uv0060xw2ea4rh2ss2
cmjqa2tf60065xw8y4zffy91q,2025-12-28T22:05:22.670Z,2026-08-04T15:47:36.901Z,TCNMEM13290,2,cmkujg7ux0061xw2ew9ehwanh
cmjqa2tf60066xw8yx4iyxncq,2025-12-28T22:05:22.670Z,2026-08-04T15:47:36.910Z,TCNMEM13291,2,cmkujg7uz0062xw2efnying50
cmjqa2tf60069xw8y9nsvl8es,2025-12-28T22:05:22.670Z,2026-08-04T15:47:36.921Z,TCNMEM13294,2,cmkujg7v50065xw2e5grr1hg7
cmjqa2tf6006axw8yxf9norcj,2025-12-28T22:05:22.670Z,2026-08-04T15:47:36.930Z,TCNMEM13295,2,cmkujg7v70066xw2ebjgj1dsx
cmjqa2tf6006bxw8yw95sbn9w,2025-12-28T22:05:22.670Z,2026-08-04T15:47:36.939Z,TCNMEM13296,2,cmkujg7v90067xw2evu4xebhy
cmjqa2tf6006cxw8ydfwa5mvx,2025-12-28T22:05:22.670Z,2026-08-04T15:47:36.948Z,TCNMEM13297,2,cmkujg7vb0068xw2ec2mambcg
cmjqa2tf6006dxw8yg428utl6,2025-12-28T22:05:22.670Z,2026-08-04T15:47:36.958Z,TCNMEM13298,2,cmkujg7vd0069xw2efx3e8cto
cmjqa2tf6006exw8y1865f9ge,2025-12-28T22:05:22.670Z,2026-08-04T15:47:36.967Z,TCNMEM13299,2,cmkujg7vf006axw2e04w8y477
cmjqa2tf6006gxw8y80dpjnhb,2025-12-28T22:05:22.670Z,2026-08-04T15:47:36.976Z,TCNMEM13301,2,cmkujg7vj006cxw2e9namzajq
cmjqa2tf6006ixw8yugzp6ejp,2025-12-28T22:05:22.670Z,2026-08-04T15:47:36.985Z,TCNMEM13303,2,cmkujg7vn006exw2et87nkxcl
cmjqa2tf6006jxw8yi2aq3h3g,2025-12-28T22:05:22.670Z,2026-08-04T15:47:36.994Z,TCNMEM13304,2,cmkujg7vp006fxw2enzlnmuia
cmjqa2tf6006kxw8y7ws3fj2c,2025-12-28T22:05:22.670Z,2026-08-04T15:47:37.002Z,TCNMEM13305,2,cmkujg7vr006gxw2ejvj6njqe
cmjqa2tf6006lxw8yu3ai8o9j,2025-12-28T22:05:22.670Z,2026-08-04T15:47:37.013Z,TCNMEM13306,2,cmkujg7vt006hxw2eal773m2g
cmjqa2tf6006nxw8y3hu42xgz,2025-12-28T22:05:22.670Z,2026-08-04T15:47:37.024Z,TCNMEM13308,2,cmkujg7vx006jxw2e3yt8jpmf
cmjqa2tf6006pxw8yuavmiotd,2025-12-28T22:05:22.670Z,2026-08-04T15:47:37.034Z,TCNMEM13310,2,cmkujg7w0006lxw2eebnid9dh
cmjqa2tf6006qxw8y97m6a45i,2025-12-28T22:05:22.670Z,2026-08-04T15:47:37.043Z,TCNMEM13311,2,cmkujg7w2006mxw2ea6q69ohn
cmjqa2tf6006sxw8ytpx55g61,2025-12-28T22:05:22.670Z,2026-08-04T15:47:37.052Z,TCNMEM13313,2,cmkujg7w6006oxw2ezgpv4bn2
cmjqa2tf6006txw8y417erbee,2025-12-28T22:05:22.670Z,2026-08-04T15:47:37.062Z,TCNMEM13314,2,cmkujg7w8006pxw2etn3vxge9
cmjqa2tf6006vxw8y6e470jti,2025-12-28T22:05:22.670Z,2026-08-04T15:47:37.072Z,TCNMEM13316,2,cmkujg7wc006rxw2e2uscfmsk
cmjqa2tf6006wxw8yfrz3hu4u,2025-12-28T22:05:22.670Z,2026-08-04T15:47:37.083Z,TCNMEM13317,2,cmkujg7we006sxw2efmhl3l0e
cmjqa2tf6006xxw8y1j5t5nvc,2025-12-28T22:05:22.670Z,2026-08-04T15:47:37.092Z,TCNMEM13318,2,cmkujg7wg006txw2euvuzhzqk
cmjqa2tf6006yxw8y7j81v4c3,2025-12-28T22:05:22.670Z,2026-08-04T15:47:37.100Z,TCNMEM13319,2,cmkujg7wi006uxw2eb0gkj8lh
cmjqa2tf6006zxw8yix5reflq,2025-12-28T22:05:22.670Z,2026-08-04T15:47:37.111Z,TCNMEM13320,2,cmkujg7wk006vxw2ee6om2rss
cmjqa2tf60070xw8y6wtfay7g,2025-12-28T22:05:22.670Z,2026-08-04T15:47:37.121Z,TCNMEM13321,2,cmkujg7wm006wxw2esvrncgfj
cmjqa2tf60071xw8y0qx7bur2,2025-12-28T22:05:22.670Z,2026-08-04T15:47:37.130Z,TCNMEM13322,2,cmkujg7wo006xxw2e5wamw5xb
cmjqa2tf60072xw8ylyhgq42n,2025-12-28T22:05:22.670Z,2026-08-04T15:47:37.138Z,TCNMEM13323,2,cmkujg7wp006yxw2evv65bf24
cmjqa2tf60073xw8yjo15hcm6,2025-12-28T22:05:22.670Z,2026-08-04T15:47:37.150Z,TCNMEM13324,2,cmkujg7wr006zxw2ejj77jfgo
cmjqa2tf60076xw8y6l9ojb1o,2025-12-28T22:05:22.670Z,2026-08-04T15:47:37.162Z,TCNMEM13327,2,cmkujg7wx0072xw2e0z1r2afz
cmjqa2tf60077xw8yuuvm1c2x,2025-12-28T22:05:22.670Z,2026-08-04T15:47:37.172Z,TCNMEM13328,2,cmkujg7wz0073xw2e9iz7m3bz
cmjqa2tf60078xw8ytl7fwosj,2025-12-28T22:05:22.670Z,2026-08-04T15:47:37.181Z,TCNMEM13329,2,cmkujg7x10074xw2ej1vyra8n
cmjqa2tf60079xw8yl5chg798,2025-12-28T22:05:22.670Z,2026-08-04T15:47:37.190Z,TCNMEM13330,2,cmkujg7x40075xw2en60uvilt
cmjqa2tf6007axw8y2r2fghd5,2025-12-28T22:05:22.670Z,2026-08-04T15:47:37.200Z,TCNMEM13331,2,cmkujg7x70076xw2e8u36myfv
cmjqa2tf6007bxw8yvkwr24ae,2025-12-28T22:05:22.670Z,2026-08-04T15:47:37.210Z,TCNMEM13332,2,cmkujg7xa0077xw2e95un8p6o
cmjqa2tf6007fxw8yb33nf2fj,2025-12-28T22:05:22.670Z,2026-08-04T15:47:37.219Z,TCNMEM13336,2,cmkujg7xm007bxw2eki3ylgd9
cmjqa2tf6007gxw8yoxdwr4ta,2025-12-28T22:05:22.670Z,2026-08-04T15:47:37.228Z,TCNMEM13337,2,cmkujg7xq007cxw2elsmiib1k
cmjqa2tf6007hxw8yu2nkgwj8,2025-12-28T22:05:22.670Z,2026-08-04T15:47:37.238Z,TCNMEM13338,2,cmkujg7xt007dxw2edwfatse9
cmjqa2tf6007ixw8y9t2uvn5s,2025-12-28T22:05:22.670Z,2026-08-04T15:47:37.247Z,TCNMEM13339,2,cmkujg7xw007exw2ep3dxtwc0
cmjqa2tf6007jxw8ykccwhbcb,2025-12-28T22:05:22.670Z,2026-08-04T15:47:37.257Z,TCNMEM13340,2,cmkujg7xz007fxw2ebb1bltfc
cmjqa2tf6007kxw8yq9s654s7,2025-12-28T22:05:22.670Z,2026-08-04T15:47:37.267Z,TCNMEM13341,2,cmkujg7y2007gxw2e9qqez0hx
cmjqa2tf6007lxw8ydjghgrng,2025-12-28T22:05:22.670Z,2026-08-04T15:47:37.277Z,TCNMEM13342,2,cmkujg7y5007hxw2e88luqo7c
cmjqa2tf6007mxw8yerea9p1l,2025-12-28T22:05:22.670Z,2026-08-04T15:47:37.287Z,TCNMEM13343,2,cmkujg7y8007ixw2eht7rg311
cmjqa2tf6007nxw8yszfm9xyd,2025-12-28T22:05:22.670Z,2026-08-04T15:47:37.297Z,TCNMEM13344,2,cmkujg7yc007jxw2e949h7bkp
cmjqa2tf6007oxw8y1x9z44tq,2025-12-28T22:05:22.670Z,2026-08-04T15:47:37.305Z,TCNMEM13345,2,cmkujg7yf007kxw2eufwf11h9
cmjqa2tf6007pxw8yv8yqojsx,2025-12-28T22:05:22.670Z,2026-08-04T15:47:37.314Z,TCNMEM13346,2,cmkujg7yi007lxw2efjx0gr4n
cmjqa2tf6007qxw8ygyn5e7kn,2025-12-28T22:05:22.670Z,2026-08-04T15:47:44.691Z,TCNMEM13347,2,cmkujg7yl007mxw2eqq7gh7pc
cmjqa2tf6007rxw8y0e4i7lov,2025-12-28T22:05:22.670Z,2026-08-04T15:47:44.703Z,TCNMEM13348,2,cmkujg7yo007nxw2epi40jmzf
cmjqa2tf6007sxw8yyahee75x,2025-12-28T22:05:22.670Z,2026-08-04T15:47:44.713Z,TCNMEM13349,2,cmkujg7yr007oxw2ezrsv8j8o
cmjqa2tf6007txw8ydcrssfnh,2025-12-28T22:05:22.670Z,2026-08-04T15:47:44.723Z,TCNMEM13350,2,cmkujg7yu007pxw2e81ys82i7
cmjqa2tf6007uxw8yf5isi6m0,2025-12-28T22:05:22.670Z,2026-08-04T15:47:44.732Z,TCNMEM13351,2,cmkujg7yy007qxw2ei4s9fxhv
cmjqa2tf6007vxw8ynb6l9v0c,2025-12-28T22:05:22.670Z,2026-08-04T15:47:44.743Z,TCNMEM13352,2,cmkujg7z1007rxw2ewg61iw9y
cmjqa2tf6007wxw8yy3q7uwse,2025-12-28T22:05:22.670Z,2026-08-04T15:47:44.753Z,TCNMEM13353,2,cmkujg7z4007sxw2efrt1en8q
cmjqa2tf6007xxw8yjnu2ftg8,2025-12-28T22:05:22.670Z,2026-08-04T15:47:44.763Z,TCNMEM13354,2,cmkujg7z7007txw2enes5hij2
cmjqa2tf6007yxw8yvkb96u5d,2025-12-28T22:05:22.670Z,2026-08-04T15:47:44.774Z,TCNMEM13355,2,cmkujg7za007uxw2egqqdwa45
cmjqa2tf60081xw8yffud1ga9,2025-12-28T22:05:22.670Z,2026-08-04T15:47:44.782Z,TCNMEM13358,2,cmkujg7zk007xxw2e6s6prgpg
cmjqa2tf60083xw8ycoag4i5m,2025-12-28T22:05:22.670Z,2026-08-04T15:47:44.792Z,TCNMEM13360,2,cmkujg7zq007zxw2e2jr3q3b6
cmjqa2tf70086xw8y5kfmzrbc,2025-12-28T22:05:22.670Z,2026-08-04T15:47:44.801Z,TCNMEM13363,2,cmkujg8000082xw2epwiv2cz3
cmjqa2tf70087xw8yivs1a4pb,2025-12-28T22:05:22.670Z,2026-08-04T15:47:44.808Z,TCNMEM13364,2,cmkujg8030083xw2es1q0prqg
cmjqa2tf70088xw8yte3schk1,2025-12-28T22:05:22.670Z,2026-08-04T15:47:44.818Z,TCNMEM13365,2,cmkujg8060084xw2ei15vbhqh
cmjqa2tf70089xw8y6rep90y2,2025-12-28T22:05:22.670Z,2026-08-04T15:47:44.828Z,TCNMEM13366,2,cmkujg8090085xw2euskl0cek
cmjqa2tf7008axw8yi0e37zv7,2025-12-28T22:05:22.670Z,2026-08-04T15:47:44.838Z,TCNMEM13367,2,cmkujg80c0086xw2e3qw8o2sk
cmjqa2tf7008bxw8yd96mewc2,2025-12-28T22:05:22.670Z,2026-08-04T15:47:44.849Z,TCNMEM13368,2,cmkujg80f0087xw2eia1pqg5k
cmjqa2tf7008cxw8ysfrzrcp3,2025-12-28T22:05:22.670Z,2026-08-04T15:47:44.858Z,TCNMEM13369,2,cmkujg80i0088xw2eupb3qd73
cmjqa2tf7008dxw8yb7nc0y0a,2025-12-28T22:05:22.670Z,2026-08-04T15:47:44.868Z,TCNMEM13370,2,cmkujg80l0089xw2edlfsj6j8
cmjqa2tf7008exw8yp6ew4vbm,2025-12-28T22:05:22.670Z,2026-08-04T15:47:44.876Z,TCNMEM13371,2,cmkujg80p008axw2eieu3vzfj
cmjqa2tf7008fxw8yjnfgrf0o,2025-12-28T22:05:22.670Z,2026-08-04T15:47:44.885Z,TCNMEM13372,2,cmkujg80s008bxw2e6lmzrhiq
cmjqa2tf7008ixw8yte64ehjj,2025-12-28T22:05:22.670Z,2026-08-04T15:47:44.895Z,TCNMEM13375,2,cmkujg811008exw2ew3ev0yxx
cmjqa2tf7008kxw8ysrrhf1cn,2025-12-28T22:05:22.670Z,2026-08-04T15:47:44.905Z,TCNMEM13377,2,cmkujg818008gxw2eg4e16wql
cmjqa2tf7008mxw8yvnehxym9,2025-12-28T22:05:22.670Z,2026-08-04T15:47:44.914Z,TCNMEM13379,2,cmkujg81e008ixw2eyf1xsm6o
cmjqa2tf7008nxw8y07bons3j,2025-12-28T22:05:22.670Z,2026-08-04T15:47:44.923Z,TCNMEM13380,2,cmkujg81h008jxw2e7yzujywl
cmjqa2tf7008oxw8ygmgrhjao,2025-12-28T22:05:22.670Z,2026-08-04T15:47:44.932Z,TCNMEM13381,2,cmkujg81k008kxw2einw43zw7
cmjqa2tf7008pxw8yvbgq45pw,2025-12-28T22:05:22.670Z,2026-08-04T15:47:44.940Z,TCNMEM13382,2,cmkujg81n008lxw2ejjsk0y91
cmjqa2tf7008rxw8ye8yah2ac,2025-12-28T22:05:22.670Z,2026-08-04T15:47:44.951Z,TCNMEM13384,2,cmkujg81u008nxw2e0mmnp3eb
cmjqa2tf7008sxw8yzpmrba7o,2025-12-28T22:05:22.670Z,2026-08-04T15:47:44.962Z,TCNMEM13385,2,cmkujg81x008oxw2esikxgppk
cmjqa2tf7008txw8y2medy24w,2025-12-28T22:05:22.670Z,2026-08-04T15:47:44.972Z,TCNMEM13386,2,cmkujg820008pxw2ep25tcrma
cmjqa2tf7008vxw8y6txvixyd,2025-12-28T22:05:22.670Z,2026-08-04T15:47:44.983Z,TCNMEM13388,2,cmkujg826008rxw2eatdko03w
cmjqa2tf7008wxw8yu0mu0pka,2025-12-28T22:05:22.670Z,2026-08-04T15:47:44.993Z,TCNMEM13389,2,cmkujg829008sxw2epj46lp5h
cmjqa2tf7008xxw8yyqqnlqac,2025-12-28T22:05:22.670Z,2026-08-04T15:47:45.002Z,TCNMEM13390,2,cmkujg82d008txw2ecbkqqyc1
cmjqa2tf7008yxw8y6dxxw33g,2025-12-28T22:05:22.670Z,2026-08-04T15:47:45.012Z,TCNMEM13391,2,cmkujg82g008uxw2ek6d6x064
cmjqa2tf7008zxw8yd8mhycq9,2025-12-28T22:05:22.670Z,2026-08-04T15:47:45.023Z,TCNMEM13392,2,cmkujg82j008vxw2e0vyrci1i
cmjqa2tf70090xw8yzxyv1vp9,2025-12-28T22:05:22.670Z,2026-08-04T15:47:45.033Z,TCNMEM13393,2,cmkujg82m008wxw2eqxt8xjgk
cmjqa2tf70092xw8yv9eoqpln,2025-12-28T22:05:22.670Z,2026-08-04T15:47:45.043Z,TCNMEM13395,2,cmkujg82t008yxw2edgadqc89
cmjqa2tf70094xw8y9ppiawuv,2025-12-28T22:05:22.670Z,2026-08-04T15:47:45.052Z,TCNMEM13397,2,cmkujg82z0090xw2ef463fgqp
cmjqa2tf70095xw8yy6b2um8b,2025-12-28T22:05:22.670Z,2026-08-04T15:47:45.060Z,TCNMEM13398,2,cmkujg8320091xw2esydoqakz
cmjqa2tf70096xw8ytku3wqgm,2025-12-28T22:05:22.670Z,2026-08-04T15:47:45.079Z,TCNMEM13399,2,cmkujg8350092xw2ehu6xm27a
cmjqa2tf70097xw8y2kag1m94,2025-12-28T22:05:22.670Z,2026-08-04T15:47:45.089Z,TCNMEM13400,2,cmkujg8380093xw2edzr7m6l3
cmjqa2tf70098xw8ylghqbze7,2025-12-28T22:05:22.670Z,2026-08-04T15:47:45.098Z,TCNMEM13401,2,cmkujg83c0094xw2edi2me3go
cmjqa2tf70099xw8y07lwhpsv,2025-12-28T22:05:22.670Z,2026-08-04T15:47:45.106Z,TCNMEM13402,2,cmkujg83f0095xw2e9u3dwxgk
cmjqa2tf7009axw8yhhob2ahk,2025-12-28T22:05:22.670Z,2026-08-04T15:47:45.115Z,TCNMEM13403,2,cmkujg83i0096xw2etebp5j27
cmjqa2tf7009bxw8yi4u3yong,2025-12-28T22:05:22.670Z,2026-08-04T15:47:45.125Z,TCNMEM13404,2,cmkujg83l0097xw2et9a6lr79
cmjqa2tf7009exw8ycwddzsbu,2025-12-28T22:05:22.670Z,2026-08-04T15:47:45.134Z,TCNMEM13407,2,cmkujg83v009axw2e4fp0cgvi
cmjqa2tf7009fxw8ywknj2vi7,2025-12-28T22:05:22.670Z,2026-08-04T15:47:45.145Z,TCNMEM13408,2,cmkujg83y009bxw2evu7mdbu5
cmjqa2tf7009gxw8yuovzbdmj,2025-12-28T22:05:22.670Z,2026-08-04T15:47:45.155Z,TCNMEM13409,2,cmkujg841009cxw2et55yvgph
cmjqa2tf7009hxw8ysgtu8564,2025-12-28T22:05:22.670Z,2026-08-04T15:47:45.163Z,TCNMEM13410,2,cmkujg845009dxw2e3oki4nqt
cmjqa2tf7009ixw8yuak2d6kw,2025-12-28T22:05:22.670Z,2026-08-04T15:47:45.172Z,TCNMEM13411,2,cmkujg848009exw2egwxsc8ip
cmjqa2tf7009jxw8yaqi6jkl2,2025-12-28T22:05:22.670Z,2026-08-04T15:47:45.182Z,TCNMEM13412,2,cmkujg84b009fxw2e5n6z36st
cmjqa2tf7009kxw8ye8uduo7e,2025-12-28T22:05:22.670Z,2026-08-04T15:47:45.192Z,TCNMEM13413,2,cmkujg84e009gxw2et10vxrhc
cmjqa2tf7009lxw8yzvv6kwf1,2025-12-28T22:05:22.670Z,2026-08-04T15:47:45.201Z,TCNMEM13414,2,cmkujg84h009hxw2e2fskhyxd
cmjqa2tf7009mxw8y5k0qffsg,2025-12-28T22:05:22.670Z,2026-08-04T15:47:45.213Z,TCNMEM13415,2,cmkujg84k009ixw2e6kvoc30p
cmjqa2tf7009nxw8yhjkm53sj,2025-12-28T22:05:22.670Z,2026-08-04T15:47:45.224Z,TCNMEM13416,2,cmkujg84n009jxw2etun0suyq
cmjqa2tf7009oxw8yxo1rklb9,2025-12-28T22:05:22.670Z,2026-08-04T15:47:45.234Z,TCNMEM13417,2,cmkujg84q009kxw2eo1zjr7z1
cmjqa2tf7009pxw8yj30yq69n,2025-12-28T22:05:22.670Z,2026-08-04T15:47:45.244Z,TCNMEM13418,2,cmkujg84u009lxw2evjhzcm8j
cmjqa2tf7009qxw8y2bhz6m3n,2025-12-28T22:05:22.670Z,2026-08-04T15:47:45.253Z,TCNMEM13419,2,cmkujg84x009mxw2em8ezfghq
cmjqa2tf7009rxw8yjxnp1qyu,2025-12-28T22:05:22.670Z,2026-08-04T15:47:45.264Z,TCNMEM13420,2,cmkujg850009nxw2e3ac2gf59
cmjqa2tf7009sxw8ywd81o77a,2025-12-28T22:05:22.670Z,2026-08-04T15:47:45.273Z,TCNMEM13421,2,cmkujg853009oxw2eckc296fq
cmjqa2tf7009txw8y52dp4od0,2025-12-28T22:05:22.670Z,2026-08-04T15:47:45.282Z,TCNMEM13422,2,cmkujg856009pxw2eoc2anobq
cmjqa2tf7009uxw8yc6cxum44,2025-12-28T22:05:22.670Z,2026-08-04T15:47:45.290Z,TCNMEM13423,2,cmkujg859009qxw2ed5ec2k5u
cmjqa2tf7009vxw8y3wc3w5db,2025-12-28T22:05:22.670Z,2026-08-04T15:47:45.298Z,TCNMEM13424,2,cmkujg85d009rxw2egoa2yfte
cmjqa2tf7009wxw8yt37v07wr,2025-12-28T22:05:22.670Z,2026-08-04T15:47:45.307Z,TCNMEM13425,2,cmkujg85g009sxw2e2nt1o6rx
cmjqa2tf7009xxw8yv5s681pl,2025-12-28T22:05:22.670Z,2026-08-04T15:47:45.316Z,TCNMEM13426,2,cmkujg85j009txw2e1ymidho3
cmjqa2tf7009yxw8y7f0pdxvy,2025-12-28T22:05:22.670Z,2026-08-04T15:47:45.327Z,TCNMEM13427,2,cmkujg85m009uxw2earufou48
cmjqa2tf7009zxw8y3b15d3m2,2025-12-28T22:05:22.670Z,2026-08-04T15:47:45.339Z,TCNMEM13428,2,cmkujg85p009vxw2ezya7z4fs
cmjqa2tf700a0xw8ye33dhor2,2025-12-28T22:05:22.670Z,2026-08-04T15:47:45.349Z,TCNMEM13429,2,cmkujg85s009wxw2eynip73p4
cmjqa2tf700a1xw8yzkbahvmd,2025-12-28T22:05:22.670Z,2026-08-04T15:47:45.360Z,TCNMEM13430,2,cmkujg85w009xxw2e5brhjlgk
cmjqa2tf700a2xw8y88lyfgg0,2025-12-28T22:05:22.670Z,2026-08-04T15:47:45.370Z,TCNMEM13431,2,cmkujg85z009yxw2ereppllsu
cmjqa2tf700a3xw8yd1xwu848,2025-12-28T22:05:22.670Z,2026-08-04T15:47:45.380Z,TCNMEM13432,2,cmkujg862009zxw2es4cw8wfo
cmjqa2tf700a4xw8yh1eqxd2k,2025-12-28T22:05:22.670Z,2026-08-04T15:47:45.391Z,TCNMEM13433,2,cmkujg86500a0xw2eyhpmnxo7
cmjqa2tf700a5xw8ymoluwy0i,2025-12-28T22:05:22.670Z,2026-08-04T15:47:45.403Z,TCNMEM13434,2,cmkujg86800a1xw2eozxhztbw
cmjqa2tf700a6xw8y5kvc9w6d,2025-12-28T22:05:22.670Z,2026-08-04T15:47:45.413Z,TCNMEM13435,2,cmkujg86b00a2xw2ejvdxmwe6
cmjqa2tf700a7xw8yssotzouc,2025-12-28T22:05:22.670Z,2026-08-04T15:47:45.421Z,TCNMEM13436,2,cmkujg86e00a3xw2ehj7z4a33
cmjqa2tf700a8xw8yeob9tdug,2025-12-28T22:05:22.670Z,2026-08-04T15:47:45.430Z,TCNMEM13437,2,cmkujg86i00a4xw2eyz8rjt3z
cmjqa2tf700a9xw8ytg9bk15x,2025-12-28T22:05:22.670Z,2026-08-04T15:47:45.439Z,TCNMEM13438,2,cmkujg86l00a5xw2esgb13909
cmjqa2tf700aaxw8ym8vhq6c6,2025-12-28T22:05:22.670Z,2026-08-04T15:47:45.450Z,TCNMEM13439,2,cmkujg86o00a6xw2esgyginhc
cmjqa2tf700acxw8yqfa2k81j,2025-12-28T22:05:22.670Z,2026-08-04T15:47:45.471Z,TCNMEM13441,2,cmkujg86u00a8xw2e0qng5pha
cmjqa2tf700aexw8yk91saqjd,2025-12-28T22:05:22.670Z,2026-08-04T15:47:45.482Z,TCNMEM13443,2,cmkujg87000aaxw2edj50se1h
cmjqa2tf700afxw8yri14gugc,2025-12-28T22:05:22.670Z,2026-08-04T15:47:45.492Z,TCNMEM13444,2,cmkujg87300abxw2es89um1wy
cmjqa2tf700agxw8yvw7aypvy,2025-12-28T22:05:22.670Z,2026-08-04T15:47:45.500Z,TCNMEM13445,2,cmkujg87600acxw2e9gqpatmd
cmjqa2tf700ahxw8ypel0xx5a,2025-12-28T22:05:22.670Z,2026-08-04T15:47:45.508Z,TCNMEM13446,2,cmkujg87a00adxw2ez7h6545z
cmjqa2tf700aixw8yxbb8yr9q,2025-12-28T22:05:22.670Z,2026-08-04T15:47:45.517Z,TCNMEM13447,2,cmkujg87d00aexw2eabx2bfuq
cmjqa2tf700ajxw8y0dzo655p,2025-12-28T22:05:22.670Z,2026-08-04T15:47:45.527Z,TCNMEM13448,2,cmkujg87g00afxw2ey83qwk6d
cmjqa2tf700akxw8y8vrjn5qf,2025-12-28T22:05:22.670Z,2026-08-04T15:47:45.536Z,TCNMEM13449,2,cmkujg87j00agxw2eihjrah0r
cmjqa2tf700alxw8yy19ygf5e,2025-12-28T22:05:22.670Z,2026-08-04T15:47:45.545Z,TCNMEM13450,2,cmkujg87m00ahxw2edrpx6qn8
cmjqa2tf700amxw8yiigx6vl7,2025-12-28T22:05:22.670Z,2026-08-04T15:47:45.554Z,TCNMEM13451,2,cmkujg87q00aixw2ecpirq90w
cmjqa2tf700anxw8y344z7o3r,2025-12-28T22:05:22.670Z,2026-08-04T15:47:45.563Z,TCNMEM13452,2,cmkujg87t00ajxw2e898k8mfl
cmjqa2tf700aoxw8yqhqsi165,2025-12-28T22:05:22.670Z,2026-08-04T15:47:45.571Z,TCNMEM13453,2,cmkujg87w00akxw2e3i02a32i
cmjqa2tf700apxw8yge4c6ep4,2025-12-28T22:05:22.670Z,2026-08-04T15:47:45.580Z,TCNMEM13454,2,cmkujg87z00alxw2ejixxvf39
cmjqa2tf700aqxw8yhqsa0xrq,2025-12-28T22:05:22.670Z,2026-08-04T15:47:45.589Z,TCNMEM13455,2,cmkujg88200amxw2ezj89kifu
cmjqa2tf700arxw8y7oev3p45,2025-12-28T22:05:22.670Z,2026-08-04T15:47:45.599Z,TCNMEM13456,2,cmkujg88500anxw2ed52pqko1
cmjqa2tf700atxw8yxvavf8ls,2025-12-28T22:05:22.670Z,2026-08-04T15:47:45.607Z,TCNMEM13458,2,cmkujg88c00apxw2e9a5mchnw
cmjqa2tf700auxw8y0aevjymf,2025-12-28T22:05:22.670Z,2026-08-04T15:47:45.615Z,TCNMEM13459,2,cmkujg88f00aqxw2eg79wxvdr
cmjqa2tf700awxw8y4evsmzgr,2025-12-28T22:05:22.670Z,2026-08-04T15:47:45.623Z,TCNMEM13461,2,cmkujg88l00asxw2e5tjga4kg
cmjqa2tf800ayxw8ysthn09yq,2025-12-28T22:05:22.670Z,2026-08-04T15:47:45.631Z,TCNMEM13463,2,cmkujg88s00auxw2ehh1zeo9a
cmjqa2tf800b0xw8yvdivx4ot,2025-12-28T22:05:22.670Z,2026-08-04T15:47:45.639Z,TCNMEM13465,2,cmkujg88z00awxw2egrv1opf6
cmjqa2tf800b4xw8yu8zw5vof,2025-12-28T22:05:22.670Z,2026-08-04T15:47:45.648Z,TCNMEM13469,2,cmkujg89b00b0xw2eft42d7ma
cmjqa2tf800b6xw8y6kxx1zti,2025-12-28T22:05:22.670Z,2026-08-04T15:47:45.659Z,TCNMEM13471,2,cmkujg89h00b2xw2edmd4s17f
cmjqa2tf800b7xw8y8usyzvag,2025-12-28T22:05:22.670Z,2026-08-04T15:47:52.941Z,TCNMEM13472,2,cmkujg89l00b3xw2eklwofe8o
cmjqa2tf800b8xw8y2k9zkrug,2025-12-28T22:05:22.670Z,2026-08-04T15:47:52.952Z,TCNMEM13473,2,cmkujg89o00b4xw2ebmij6dkv
cmjqa2tf800b9xw8ylpdpxtja,2025-12-28T22:05:22.670Z,2026-08-04T15:47:52.964Z,TCNMEM13474,2,cmkujg89r00b5xw2etjplqcht
cmjqa2tf800bcxw8yc180fb0u,2025-12-28T22:05:22.670Z,2026-08-04T15:47:52.973Z,TCNMEM13477,2,cmkujg8a000b8xw2e0mfbuwmu
cmjqa2tf800bdxw8yix8713yf,2025-12-28T22:05:22.670Z,2026-08-04T15:47:52.986Z,TCNMEM13478,2,cmkujg8a300b9xw2e5495dnp6
cmjqa2tf800bexw8yo8ietkbq,2025-12-28T22:05:22.670Z,2026-08-04T15:47:52.996Z,TCNMEM13479,2,cmkujg8a700baxw2elgbxm7n5
cmjqa2tf800bfxw8y4lkn77aj,2025-12-28T22:05:22.670Z,2026-08-04T15:47:53.009Z,TCNMEM13480,2,cmkujg8aa00bbxw2eqr3c8y28
cmjqa2tf800bgxw8yenf5j49g,2025-12-28T22:05:22.670Z,2026-08-04T15:47:53.022Z,TCNMEM13481,2,cmkujg8ad00bcxw2etem8vpfd
cmjqa2tf800bhxw8y5v2rulrs,2025-12-28T22:05:22.670Z,2026-08-04T15:47:53.034Z,TCNMEM13482,2,cmkujg8ag00bdxw2ezfkct77t
cmjqa2tf800bjxw8yjky8ez5w,2025-12-28T22:05:22.670Z,2026-08-04T15:47:53.044Z,TCNMEM13484,2,cmkujg8an00bfxw2evpu4515d
cmjqa2tf800bmxw8yqm2p8yua,2025-12-28T22:05:22.670Z,2026-08-04T15:47:53.057Z,TCNMEM13487,2,cmkujg8aw00bixw2eqboutykx
cmjqa2tf800bnxw8yp0l5ddjr,2025-12-28T22:05:22.670Z,2026-08-04T15:47:53.068Z,TCNMEM13488,2,cmkujg8az00bjxw2e46ovpy5l
cmjqa2tf800boxw8y4yxn58q4,2025-12-28T22:05:22.670Z,2026-08-04T15:47:53.079Z,TCNMEM13489,2,cmkujg8b300bkxw2efmkw0asd
cmjqa2tf800bqxw8y3vppgt9w,2025-12-28T22:05:22.670Z,2026-08-04T15:47:53.089Z,TCNMEM13491,2,cmkujg8b900bmxw2e6d04q5fa
cmjqa2tf800brxw8y9g3ny3q9,2025-12-28T22:05:22.670Z,2026-08-04T15:47:53.099Z,TCNMEM13492,2,cmkujg8bc00bnxw2eoa0pqbd8
cmjqa2tf800btxw8yq4ilqllc,2025-12-28T22:05:22.670Z,2026-08-04T15:47:53.111Z,TCNMEM13494,2,cmkujg8bh00bpxw2e9nbvbpqi
cmjqa2tf800buxw8yvofvw1v8,2025-12-28T22:05:22.670Z,2026-08-04T15:47:53.122Z,TCNMEM13495,2,cmkujg8bj00bqxw2eocm1jig3
cmjqa2tf800bxxw8y1qqlweg4,2025-12-28T22:05:22.670Z,2026-08-04T15:47:53.137Z,TCNMEM13498,2,cmkujg8bp00btxw2eykww2xsk
cmjqa2tf800byxw8ygs9qj6ep,2025-12-28T22:05:22.670Z,2026-08-04T15:47:53.150Z,TCNMEM13499,2,cmkujg8bq00buxw2egk90bg8e
cmjqa2tf800bzxw8ye9x0adrc,2025-12-28T22:05:22.670Z,2026-08-04T15:47:53.160Z,TCNMEM13500,2,cmkujg8bs00bvxw2eo8gyy8t0
cmjqa2tf800c2xw8yhhewsv63,2025-12-28T22:05:22.670Z,2026-08-04T15:47:53.172Z,TCNMEM13503,2,cmkujg8bx00byxw2ekvg9t1o5
cmjqa2tf800c3xw8ysggmgbag,2025-12-28T22:05:22.670Z,2026-08-04T15:47:53.181Z,TCNMEM13504,2,cmkujg8bz00bzxw2ettfq09uv
cmjqa2tf800c4xw8y07tdstp6,2025-12-28T22:05:22.670Z,2026-08-04T15:47:53.192Z,TCNMEM13505,2,cmkujg8c100c0xw2edqi0835p
cmjqa2tf800c5xw8yantrkeq8,2025-12-28T22:05:22.670Z,2026-08-04T15:47:53.204Z,TCNMEM13506,2,cmkujg8c300c1xw2efzogn4kw
cmjqa2tf800c6xw8ymef43m6j,2025-12-28T22:05:22.670Z,2026-08-04T15:47:53.216Z,TCNMEM13507,2,cmkujg8c400c2xw2enn4fe5b6
cmjqa2tf800c7xw8yyr8qggmm,2025-12-28T22:05:22.670Z,2026-08-04T15:47:53.227Z,TCNMEM13508,2,cmkujg8c600c3xw2ec8h4k4y9
cmjqa2tf800c9xw8ylowyobxp,2025-12-28T22:05:22.670Z,2026-08-04T15:47:53.237Z,TCNMEM13510,2,cmkujg8ca00c5xw2e4ia2ac57
cmjqa2tf800cbxw8yy0c5z2qc,2025-12-28T22:05:22.670Z,2026-08-04T15:47:53.247Z,TCNMEM13512,2,cmkujg8cd00c7xw2eejgnioxd
cmjqa2tf800ccxw8yvv4ofbqf,2025-12-28T22:05:22.670Z,2026-08-04T15:47:53.258Z,TCNMEM13513,2,cmkujg8cf00c8xw2e9x15uadu
cmjqa2tf800cdxw8yrc29sist,2025-12-28T22:05:22.670Z,2026-08-04T15:47:53.267Z,TCNMEM13514,2,cmkujg8cg00c9xw2e40sx7882
cmjqa2tf800cgxw8yy1k0w7bk,2025-12-28T22:05:22.670Z,2026-08-04T15:47:53.280Z,TCNMEM13517,2,cmkujg8cm00ccxw2elh50865w
cmjqa2tf800chxw8yr54kmyq3,2025-12-28T22:05:22.670Z,2026-08-04T15:47:53.289Z,TCNMEM13518,2,cmkujg8cn00cdxw2e8qhxnyoy
cmjqa2tf800cixw8yq4k7pyxn,2025-12-28T22:05:22.670Z,2026-08-04T15:47:53.301Z,TCNMEM13519,2,cmkujg8cp00cexw2e0c9bfk89
cmjqa2tf800ckxw8yu5usjpkg,2025-12-28T22:05:22.670Z,2026-08-04T15:47:53.311Z,TCNMEM13521,2,cmkujg8cs00cgxw2ej5xm8b29
cmjqa2tf800clxw8y3easkrgx,2025-12-28T22:05:22.670Z,2026-08-04T15:47:53.322Z,TCNMEM13522,2,cmkujg8cu00chxw2echlp90j4
cmjqa2tf800cmxw8yl59b97lo,2025-12-28T22:05:22.670Z,2026-08-04T15:47:53.332Z,TCNMEM13523,2,cmkujg8cv00cixw2ehq4fgu2m
cmjqa2tf800cnxw8yrq2mcgxl,2025-12-28T22:05:22.670Z,2026-08-04T15:47:53.343Z,TCNMEM13524,2,cmkujg8cx00cjxw2e7z90eqpn
cmjqa2tf800coxw8yjw3biuow,2025-12-28T22:05:22.670Z,2026-08-04T15:47:53.351Z,TCNMEM13525,2,cmkujg8cz00ckxw2e8jd10b2v
cmjqa2tf800cqxw8y8a9us2tb,2025-12-28T22:05:22.670Z,2026-08-04T15:47:53.363Z,TCNMEM13527,2,cmkujg8d200cmxw2e5z3jqx4q
cmjqa2tf800crxw8yg4mizbi9,2025-12-28T22:05:22.670Z,2026-08-04T15:47:53.377Z,TCNMEM13528,2,cmkujg8d400cnxw2ebxeamllh
cmjqa2tf800csxw8yc9lmp15q,2025-12-28T22:05:22.670Z,2026-08-04T15:47:53.388Z,TCNMEM13529,2,cmkujg8d600coxw2e0xccfnyi
cmjqa2tf800cuxw8y5prooa8u,2025-12-28T22:05:22.670Z,2026-08-04T15:47:53.397Z,TCNMEM13531,2,cmkujg8d900cqxw2ewen1zt2e
cmjqa2tf800cvxw8yljof5lb3,2025-12-28T22:05:22.670Z,2026-08-04T15:47:53.408Z,TCNMEM13532,2,cmkujg8db00crxw2emqdvb7u4
cmjqa2tf800cwxw8yt9t1nqiz,2025-12-28T22:05:22.670Z,2026-08-04T15:47:53.416Z,TCNMEM13533,2,cmkujg8dd00csxw2e0iecbtg4
cmjqa2tf800cyxw8ykirxkiqd,2025-12-28T22:05:22.670Z,2026-08-04T15:47:53.426Z,TCNMEM13535,2,cmkujg8dg00cuxw2exghbsluo
cmjqa2tf800czxw8yppdyhups,2025-12-28T22:05:22.670Z,2026-08-04T15:47:53.435Z,TCNMEM13536,2,cmkujg8di00cvxw2e9e86ie6p
cmjqa2tf800d0xw8ykujby1b8,2025-12-28T22:05:22.670Z,2026-08-04T15:47:53.443Z,TCNMEM13537,2,cmkujg8dk00cwxw2eev753ott
cmjqa2tf800d1xw8yp0lw6m0f,2025-12-28T22:05:22.670Z,2026-08-04T15:47:53.452Z,TCNMEM13538,2,cmkujg8dl00cxxw2e8hkfx68u
cmjqa2tf800d2xw8ydsvrh98y,2025-12-28T22:05:22.670Z,2026-08-04T15:47:53.462Z,TCNMEM13539,2,cmkujg8dn00cyxw2ep6jn415c
cmjqa2tf800d3xw8yb1vuoei6,2025-12-28T22:05:22.670Z,2026-08-04T15:47:53.474Z,TCNMEM13540,2,cmkujg8dp00czxw2e9wvxkoaw
cmjqa2tf800d4xw8yqtyvz1i9,2025-12-28T22:05:22.670Z,2026-08-04T15:47:53.483Z,TCNMEM13541,2,cmkujg8dq00d0xw2eu9bosist
cmjqa2tf800d6xw8yhpgrfmox,2025-12-28T22:05:22.670Z,2026-08-04T15:47:53.490Z,TCNMEM13543,2,cmkujg8du00d2xw2esyz8wjmr
cmjqa2tf800d7xw8yz6tb9drx,2025-12-28T22:05:22.670Z,2026-08-04T15:47:53.500Z,TCNMEM13544,2,cmkujg8dv00d3xw2eic8cycch
cmjqa2tf800daxw8ythq9d3u0,2025-12-28T22:05:22.670Z,2026-08-04T15:47:53.508Z,TCNMEM13547,2,cmkujg8e100d6xw2egbk96upx
cmjqa2tf800dbxw8ynk4b7zry,2025-12-28T22:05:22.670Z,2026-08-04T15:47:53.521Z,TCNMEM13548,2,cmkujg8e200d7xw2eb1crkral
cmjqa2tf800dcxw8y6lacsskf,2025-12-28T22:05:22.670Z,2026-08-04T15:47:53.531Z,TCNMEM13549,2,cmkujg8e400d8xw2eg0n99axq
cmjqa2tf800ddxw8yj16yw0fg,2025-12-28T22:05:22.670Z,2026-08-04T15:47:53.542Z,TCNMEM13550,2,cmkujg8e600d9xw2eho2kcyn1
cmjqa2tf800dexw8yx7w63cqx,2025-12-28T22:05:22.670Z,2026-08-04T15:47:53.551Z,TCNMEM13551,2,cmkujg8e700daxw2eo7leivxk
cmjqa2tf800dfxw8ylt1no99l,2025-12-28T22:05:22.670Z,2026-08-04T15:47:53.559Z,TCNMEM13552,2,cmkujg8e900dbxw2e4l46oy4j
cmjqa2tf800dhxw8yipjmlcd9,2025-12-28T22:05:22.670Z,2026-08-04T15:47:53.569Z,TCNMEM13554,2,cmkujg8ec00ddxw2esro6kvdc
cmjqa2tf800dixw8ygyt31gce,2025-12-28T22:05:22.670Z,2026-08-04T15:47:53.578Z,TCNMEM13555,2,cmkujg8ee00dexw2eaym1kvjx
cmjqa2tf800djxw8yk2c8o5m2,2025-12-28T22:05:22.670Z,2026-08-04T15:47:53.589Z,TCNMEM13556,2,cmkujg8eg00dfxw2ef6nj4qn4
cmjqa2tf900dkxw8yfmojpqse,2025-12-28T22:05:22.670Z,2026-08-04T15:47:53.599Z,TCNMEM13557,2,cmkujg8eh00dgxw2emkbnpkgk
cmjqa2tf900dlxw8yukrho7nx,2025-12-28T22:05:22.670Z,2026-08-04T15:47:53.610Z,TCNMEM13558,2,cmkujg8ej00dhxw2eaq8xbc0o
cmjqa2tf900dmxw8yvl8liffs,2025-12-28T22:05:22.670Z,2026-08-04T15:47:53.619Z,TCNMEM13559,2,cmkujg8el00dixw2e67b2vcr6
cmjqa2tf900dnxw8yv4kydvuq,2025-12-28T22:05:22.670Z,2026-08-04T15:47:53.630Z,TCNMEM13560,2,cmkujg8em00djxw2ejudbqghc
cmjqa2tf900doxw8y785ksgnj,2025-12-28T22:05:22.670Z,2026-08-04T15:47:53.638Z,TCNMEM13561,2,cmkujg8eo00dkxw2eygcfri6b
cmjqa2tf900drxw8yod9ejc06,2025-12-28T22:05:22.670Z,2026-08-04T15:47:53.649Z,TCNMEM13564,2,cmkujg8et00dnxw2elc77f794
cmjqa2tf900dvxw8y8bgehdk7,2025-12-28T22:05:22.670Z,2026-08-04T15:47:53.660Z,TCNMEM13568,2,cmkujg8f000drxw2eqxub0nec
cmjqa2th600ruxw8ybx558142,2025-12-28T22:05:22.746Z,2026-08-04T15:47:53.670Z,TCNMEM13570,2,cmkujg8f300dtxw2erxgjvde2
cmjqa2th600ryxw8yg0f5rtfx,2025-12-28T22:05:22.746Z,2026-08-04T15:47:53.679Z,TCNMEM13574,2,cmkujg8fa00dxxw2e5xbwjv2t
cmjqa2th600s3xw8y7pvdcf2c,2025-12-28T22:05:22.746Z,2026-08-04T15:47:53.687Z,TCNMEM13579,2,cmkujg8fi00e2xw2eda1swafo
cmjqa2th600s4xw8yaegc0lyh,2025-12-28T22:05:22.746Z,2026-08-04T15:47:53.697Z,TCNMEM13580,2,cmkujg8fk00e3xw2eqt59eex7
cmjqa2th600s5xw8yqp37id03,2025-12-28T22:05:22.746Z,2026-08-04T15:47:53.705Z,TCNMEM13581,2,cmkujg8fm00e4xw2etz3co55v
cmjqa2th600s6xw8ypqityu8j,2025-12-28T22:05:22.746Z,2026-08-04T15:47:53.717Z,TCNMEM13582,2,cmkujg8fn00e5xw2ewer6d08k
cmjqa2th600s7xw8yzlbz6wba,2025-12-28T22:05:22.746Z,2026-08-04T15:47:53.726Z,TCNMEM13583,2,cmkujg8fp00e6xw2eoksvag2p
cmjqa2th600s8xw8yakro0y3x,2025-12-28T22:05:22.746Z,2026-08-04T15:47:53.737Z,TCNMEM13584,2,cmkujg8fr00e7xw2essm31uvm
cmjqa2th600s9xw8y7henjvvd,2025-12-28T22:05:22.746Z,2026-08-04T15:47:53.744Z,TCNMEM13585,2,cmkujg8fs00e8xw2ec3d8v2a4
cmjqa2th600saxw8y95x9tmak,2025-12-28T22:05:22.746Z,2026-08-04T15:47:53.753Z,TCNMEM13586,2,cmkujg8fu00e9xw2eqvanuog7
cmjqa2th600sfxw8yxg1akyd1,2025-12-28T22:05:22.746Z,2026-08-04T15:47:53.761Z,TCNMEM13591,2,cmkujg8g200eexw2eej63hi6j
cmjqa2th600sgxw8yusi5ipnw,2025-12-28T22:05:22.746Z,2026-08-04T15:47:53.770Z,TCNMEM13592,2,cmkujg8g400efxw2e6zo86mbt
cmjqa2th600shxw8yiqxq101v,2025-12-28T22:05:22.746Z,2026-08-04T15:47:53.779Z,TCNMEM13593,2,cmkujg8g600egxw2ejhpxgoj6
cmjqa2th600sixw8yzpphozu0,2025-12-28T22:05:22.746Z,2026-08-04T15:47:53.789Z,TCNMEM13594,2,cmkujg8g700ehxw2etmuoszf7
cmjqa2th600skxw8yqnk69pnx,2025-12-28T22:05:22.746Z,2026-08-04T15:47:53.797Z,TCNMEM13596,2,cmkujg8gb00ejxw2e2b4b9jrf
cmjqa2th600smxw8yx464c4q4,2025-12-28T22:05:22.746Z,2026-08-04T15:47:53.807Z,TCNMEM13598,2,cmkujg8ge00elxw2eb9wgxnfc
cmjqa2th600snxw8yx3fmnnsk,2025-12-28T22:05:22.746Z,2026-08-04T15:47:53.815Z,TCNMEM13599,2,cmkujg8gg00emxw2e9fi55e6b
cmjqa2th700spxw8ys1c92rji,2025-12-28T22:05:22.746Z,2026-08-04T15:47:53.823Z,TCNMEM13601,2,cmkujg8gj00eoxw2exvu0ptcc
cmjqa2th700sqxw8ykl4l6spx,2025-12-28T22:05:22.746Z,2026-08-04T15:47:53.832Z,TCNMEM13602,2,cmkujg8gk00epxw2etv2zbw4x
cmjqa2th700srxw8ytb4sd7xk,2025-12-28T22:05:22.746Z,2026-08-04T15:47:53.839Z,TCNMEM13603,2,cmkujg8gm00eqxw2etoyqeqdv
cmjqa2th700suxw8yi55r2dkl,2025-12-28T22:05:22.746Z,2026-08-04T15:47:53.851Z,TCNMEM13606,2,cmkujg8gr00etxw2eyc0wv2lj
cmjqa2th700t0xw8yezb1ah1y,2025-12-28T22:05:22.746Z,2026-08-04T15:47:53.859Z,TCNMEM13612,2,cmkujg8h100ezxw2ebsez78i3
cmjqa2th700t3xw8yv8stn21g,2025-12-28T22:05:22.746Z,2026-08-04T15:47:53.868Z,TCNMEM13615,2,cmkujg8h600f2xw2egpu081xf
cmjqa2th700t5xw8ye7202hqb,2025-12-28T22:05:22.746Z,2026-08-04T15:47:53.877Z,TCNMEM13617,2,cmkujg8ha00f4xw2ewikhb6kn
cmjqa2th700t6xw8y8gkn61t6,2025-12-28T22:05:22.746Z,2026-08-04T15:47:53.885Z,TCNMEM13618,2,cmkujg8hb00f5xw2exp0mlaqc
cmjqa2th700t7xw8ywld9pvng,2025-12-28T22:05:22.746Z,2026-08-04T15:47:53.894Z,TCNMEM13619,2,cmkujg8hd00f6xw2e0svklosx
cmjqa2th700t8xw8yw8joi17s,2025-12-28T22:05:22.746Z,2026-08-04T15:47:53.902Z,TCNMEM13620,2,cmkujg8hf00f7xw2eu6dv6xtd
cmjqa2th700t9xw8ywchkvrwj,2025-12-28T22:05:22.746Z,2026-08-04T15:47:53.915Z,TCNMEM13621,2,cmkujg8hh00f8xw2es5i5e5xf
cmjqa2th700tbxw8ypqmn8k39,2025-12-28T22:05:22.746Z,2026-08-04T15:47:53.925Z,TCNMEM13623,2,cmkujg8hk00faxw2er12mx56o
cmjqa2th700tdxw8y07b8iyvq,2025-12-28T22:05:22.746Z,2026-08-04T15:47:53.934Z,TCNMEM13625,2,cmkujg8hn00fcxw2ey66gl9c4
cmjqa2th700tfxw8yny7xhkit,2025-12-28T22:05:22.746Z,2026-08-04T15:47:53.944Z,TCNMEM13627,2,cmkujg8hr00fexw2exw660ml2
cmjqa2th700thxw8y0qb0qzs9,2025-12-28T22:05:22.746Z,2026-08-04T15:48:01.183Z,TCNMEM13629,2,cmkujg8hu00fgxw2etazqhrxs
cmjqa2th700tixw8yabnpxvxw,2025-12-28T22:05:22.746Z,2026-08-04T15:48:01.195Z,TCNMEM13630,2,cmkujg8hw00fhxw2ey8hj74c8
cmjqa2th700tkxw8y9jyblzb9,2025-12-28T22:05:22.746Z,2026-08-04T15:48:01.208Z,TCNMEM13632,2,cmkujg8hz00fjxw2eudjurzpb
cmjqa2th700tlxw8yth1zti0w,2025-12-28T22:05:22.746Z,2026-08-04T15:48:01.221Z,TCNMEM13633,2,cmkujg8i100fkxw2ejf431i2c
cmjqa2th700tmxw8ynu36vzxc,2025-12-28T22:05:22.746Z,2026-08-04T15:48:01.230Z,TCNMEM13634,2,cmkujg8i300flxw2ezft8ttd3
cmjqa2th700tnxw8y1c3nc49l,2025-12-28T22:05:22.746Z,2026-08-04T15:48:01.240Z,TCNMEM13635,2,cmkujg8i400fmxw2econii2cc
cmjqa2th700toxw8y5q504hrd,2025-12-28T22:05:22.746Z,2026-08-04T15:48:01.252Z,TCNMEM13636,2,cmkujg8i600fnxw2e4is600rn
cmjqa2th700tpxw8ypfzks8xa,2025-12-28T22:05:22.746Z,2026-08-04T15:48:01.262Z,TCNMEM13637,2,cmkujg8i800foxw2e1tumv2c2
cmjqa2th700tqxw8yi3v739pk,2025-12-28T22:05:22.746Z,2026-08-04T15:48:01.276Z,TCNMEM13638,2,cmkujg8i900fpxw2elljidxo7
cmjqa2th700tsxw8yb4sff4m4,2025-12-28T22:05:22.746Z,2026-08-04T15:48:01.287Z,TCNMEM13640,2,cmkujg8id00frxw2ek3ooipzz
cmjqa2th700ttxw8yrbsteueg,2025-12-28T22:05:22.746Z,2026-08-04T15:48:01.301Z,TCNMEM13641,2,cmkujg8ie00fsxw2eyjxlmyl7
cmjqa2th700tuxw8y50sebnaw,2025-12-28T22:05:22.746Z,2026-08-04T15:48:01.312Z,TCNMEM13642,2,cmkujg8ig00ftxw2e3m9b3pv2
cmjqa2th700txxw8yfsavxowu,2025-12-28T22:05:22.746Z,2026-08-04T15:48:01.324Z,TCNMEM13645,2,cmkujg8il00fwxw2e7ozgmur1
cmjqa2th700tzxw8yi1pz7lgc,2025-12-28T22:05:22.746Z,2026-08-04T15:48:01.336Z,TCNMEM13647,2,cmkujg8ip00fyxw2ed711wxqv
cmjqa2th700u0xw8y8z3cdc9w,2025-12-28T22:05:22.746Z,2026-08-04T15:48:01.348Z,TCNMEM13648,2,cmkujg8ir00fzxw2em9ldsvki
cmjqa2th700u1xw8ykbgghltg,2025-12-28T22:05:22.746Z,2026-08-04T15:48:01.358Z,TCNMEM13649,2,cmkujg8is00g0xw2e6pe8usdk
cmjqa2th700u3xw8y5qmdxv48,2025-12-28T22:05:22.746Z,2026-08-04T15:48:01.368Z,TCNMEM13651,2,cmkujg8iw00g2xw2ea01yp4fy
cmjqa2th700u4xw8yi1nopsb5,2025-12-28T22:05:22.746Z,2026-08-04T15:48:01.377Z,TCNMEM13652,2,cmkujg8ix00g3xw2eq3ik9x2e
cmjqa2th700u5xw8yufgol9kt,2025-12-28T22:05:22.746Z,2026-08-04T15:48:01.386Z,TCNMEM13653,2,cmkujg8iz00g4xw2eezfbdfbs
cmjqa2th700u6xw8y1rravig6,2025-12-28T22:05:22.746Z,2026-08-04T15:48:01.396Z,TCNMEM13654,2,cmkujg8j100g5xw2e1qp87xrf
cmjqa2th700u7xw8yslx6tx06,2025-12-28T22:05:22.746Z,2026-08-04T15:48:01.408Z,TCNMEM13655,2,cmkujg8j300g6xw2eqq0eeyqe
cmjqa2th700u8xw8yi9t99665,2025-12-28T22:05:22.746Z,2026-08-04T15:48:01.417Z,TCNMEM13656,2,cmkujg8j400g7xw2ef7dgtq7n
cmjqa2th700u9xw8ym1pqudcv,2025-12-28T22:05:22.746Z,2026-08-04T15:48:01.427Z,TCNMEM13657,2,cmkujg8j600g8xw2elr2p49na
cmjqa2th700uaxw8yqan5nda1,2025-12-28T22:05:22.746Z,2026-08-04T15:48:01.436Z,TCNMEM13658,2,cmkujg8j800g9xw2earnufv98
cmjqa2th700ubxw8yksso1a35,2025-12-28T22:05:22.746Z,2026-08-04T15:48:01.445Z,TCNMEM13659,2,cmkujg8ja00gaxw2e0yhjgvpf
cmjqa2th700ucxw8ydxpw61ix,2025-12-28T22:05:22.746Z,2026-08-04T15:48:01.454Z,TCNMEM13660,2,cmkujg8jb00gbxw2ez2q3gvaj
cmjqa2th700udxw8y9hfbbuta,2025-12-28T22:05:22.746Z,2026-08-04T15:48:01.472Z,TCNMEM13661,2,cmkujg8jd00gcxw2emu68owdi
cmjqa2th700uexw8yrgs8ssr8,2025-12-28T22:05:22.746Z,2026-08-04T15:48:01.481Z,TCNMEM13662,2,cmkujg8jf00gdxw2ecn2fudi5
cmjqa2th700ufxw8y9knaupol,2025-12-28T22:05:22.746Z,2026-08-04T15:48:01.490Z,TCNMEM13663,2,cmkujg8jh00gexw2eot1ys5ho
cmjqa2th700ugxw8y4dusi1cw,2025-12-28T22:05:22.746Z,2026-08-04T15:48:01.500Z,TCNMEM13664,2,cmkujg8ji00gfxw2es6degnn9
cmjqa2th700uixw8yeovwl1yb,2025-12-28T22:05:22.746Z,2026-08-04T15:48:01.510Z,TCNMEM13666,2,cmkujg8jm00ghxw2edsswjw40
cmjqa2th700ujxw8y6rxlxdfb,2025-12-28T22:05:22.746Z,2026-08-04T15:48:01.520Z,TCNMEM13667,2,cmkujg8jo00gixw2ey80cpfhd
cmjqa2th700ukxw8yuyimt0z5,2025-12-28T22:05:22.746Z,2026-08-04T15:48:01.533Z,TCNMEM13668,2,cmkujg8jp00gjxw2eejyl3gkz
cmjqa2th700ulxw8ys2peb7qf,2025-12-28T22:05:22.746Z,2026-08-04T15:48:01.544Z,TCNMEM13669,2,cmkujg8jr00gkxw2e3dmj1wgr
cmjqa2th700umxw8yi4o1qogf,2025-12-28T22:05:22.746Z,2026-08-04T15:48:01.555Z,TCNMEM13670,2,cmkujg8jt00glxw2ez1vi1vh0
cmjqa2th700uoxw8yuj8j3uvy,2025-12-28T22:05:22.746Z,2026-08-04T15:48:01.566Z,TCNMEM13672,2,cmkujg8jw00gnxw2en20bmdyr
cmjqa2th700uqxw8yiobelybk,2025-12-28T22:05:22.746Z,2026-08-04T15:48:01.575Z,TCNMEM13674,2,cmkujg8k000gpxw2egbksqrf7
cmjqa2th700urxw8yh8gv6e4g,2025-12-28T22:05:22.746Z,2026-08-04T15:48:01.585Z,TCNMEM13675,2,cmkujg8k100gqxw2elffkgqs9
cmjqa2th700utxw8y9qqr4anz,2025-12-28T22:05:22.746Z,2026-08-04T15:48:01.597Z,TCNMEM13677,2,cmkujg8k500gsxw2ej7cifni2
cmjqa2th700uuxw8yu3bsmqtn,2025-12-28T22:05:22.746Z,2026-08-04T15:48:01.607Z,TCNMEM13678,2,cmkujg8k700gtxw2esfb9ig6c
cmjqa2th700uvxw8yuj8xhgx2,2025-12-28T22:05:22.746Z,2026-08-04T15:48:01.616Z,TCNMEM13679,2,cmkujg8k800guxw2eflo8jvgr
cmjqa2th700uwxw8ymhx0krd2,2025-12-28T22:05:22.746Z,2026-08-04T15:48:01.626Z,TCNMEM13680,2,cmkujg8ka00gvxw2e79vzny8m
cmjqa2th700uxxw8yt8t0zqt3,2025-12-28T22:05:22.746Z,2026-08-04T15:48:01.636Z,TCNMEM13681,2,cmkujg8kc00gwxw2ean1pv11o
cmjqa2th700uyxw8y7rkmbx0n,2025-12-28T22:05:22.746Z,2026-08-04T15:48:01.645Z,TCNMEM13682,2,cmkujg8kd00gxxw2eypa5giqo
cmjqa2th700uzxw8ybnl6o1v3,2025-12-28T22:05:22.746Z,2026-08-04T15:48:01.656Z,TCNMEM13683,2,cmkujg8kf00gyxw2epogqc8ku
cmjqa2th700v0xw8ymip2soqe,2025-12-28T22:05:22.746Z,2026-08-04T15:48:01.665Z,TCNMEM13684,2,cmkujg8kh00gzxw2ecxkf1ne2
cmjqa2th700v1xw8ykr6iaggj,2025-12-28T22:05:22.746Z,2026-08-04T15:48:01.674Z,TCNMEM13685,2,cmkujg8kj00h0xw2ea4621ew3
cmjqa2th700v2xw8yqei3pqko,2025-12-28T22:05:22.746Z,2026-08-04T15:48:01.689Z,TCNMEM13686,2,cmkujg8kk00h1xw2eeeqxxyvl
cmjqa2th700v4xw8yfjmtesw7,2025-12-28T22:05:22.746Z,2026-08-04T15:48:01.700Z,TCNMEM13688,2,cmkujg8ko00h3xw2e7cj4u9c9
cmjqa2th700v5xw8yymxc7j6u,2025-12-28T22:05:22.746Z,2026-08-04T15:48:01.710Z,TCNMEM13689,2,cmkujg8kq00h4xw2epwssvu2e
cmjqa2th800v6xw8yfp9plp04,2025-12-28T22:05:22.746Z,2026-08-04T15:48:01.722Z,TCNMEM13690,2,cmkujg8kr00h5xw2e173qft29
cmjqa2th800v8xw8y9v04rfwr,2025-12-28T22:05:22.746Z,2026-08-04T15:48:01.731Z,TCNMEM13692,2,cmkujg8kv00h7xw2enu3hszpg
cmjqa2th800v9xw8yjkq32lyx,2025-12-28T22:05:22.746Z,2026-08-04T15:48:01.739Z,TCNMEM13693,2,cmkujg8kx00h8xw2es3u0vh2b
cmjqa2th800vaxw8yiy9cernh,2025-12-28T22:05:22.746Z,2026-08-04T15:48:01.749Z,TCNMEM13694,2,cmkujg8kz00h9xw2ef3hdrps1
cmjqa2th800vexw8yicva7xvj,2025-12-28T22:05:22.746Z,2026-08-04T15:48:01.760Z,TCNMEM13698,2,cmkujg8l600hdxw2e2npda00l
cmjqa2th800vfxw8ycjncru3s,2025-12-28T22:05:22.746Z,2026-08-04T15:48:01.771Z,TCNMEM13699,2,cmkujg8l700hexw2eqgtloet5
cmjqa2th800vgxw8ygen1q0ow,2025-12-28T22:05:22.746Z,2026-08-04T15:48:01.781Z,TCNMEM13700,2,cmkujg8l900hfxw2ef2v4ppmb
cmjqa2th800vhxw8yo6f9y49h,2025-12-28T22:05:22.746Z,2026-08-04T15:48:01.791Z,TCNMEM13701,2,cmkujg8lb00hgxw2eov1vxp9x
cmjqa2th800vixw8y1x08s25n,2025-12-28T22:05:22.746Z,2026-08-04T15:48:01.801Z,TCNMEM13702,2,cmkujg8ld00hhxw2e77bk7xhd
cmjqa2th800vjxw8yfq6oj2wv,2025-12-28T22:05:22.746Z,2026-08-04T15:48:01.810Z,TCNMEM13703,2,cmkujg8lf00hixw2e77fxic9x
cmjqa2th800vkxw8yadi4c6yu,2025-12-28T22:05:22.746Z,2026-08-04T15:48:01.819Z,TCNMEM13704,2,cmkujg8lg00hjxw2eaeu9peii
cmjqa2th800vlxw8yfd2jtw96,2025-12-28T22:05:22.746Z,2026-08-04T15:48:01.853Z,TCNMEM13705,2,cmkujg8li00hkxw2efel562ng
cmjqa2th800vmxw8ydy1hee36,2025-12-28T22:05:22.746Z,2026-08-04T15:48:01.864Z,TCNMEM13706,2,cmkujg8lk00hlxw2eklctxfjk
cmjqa2th800voxw8yu1u8rff6,2025-12-28T22:05:22.746Z,2026-08-04T15:48:01.875Z,TCNMEM13708,2,cmkujg8ln00hnxw2evodbl5ns
cmjqa2th800vpxw8yw20267ib,2025-12-28T22:05:22.746Z,2026-08-04T15:48:01.889Z,TCNMEM13709,2,cmkujg8lp00hoxw2e0s5vzh9p
cmjqa2th800vqxw8y2tx9ef0q,2025-12-28T22:05:22.746Z,2026-08-04T15:48:01.900Z,TCNMEM13710,2,cmkujg8lr00hpxw2eby0y5m5u
cmjqa2th800vrxw8yqok123q7,2025-12-28T22:05:22.746Z,2026-08-04T15:48:01.910Z,TCNMEM13711,2,cmkujg8ls00hqxw2e6vyz1u5e
cmjqa2th800vtxw8yrsy7sa7g,2025-12-28T22:05:22.746Z,2026-08-04T15:48:01.920Z,TCNMEM13713,2,cmkujg8lw00hsxw2eam86hwuc
cmjqa2th800vuxw8ycwqeou0r,2025-12-28T22:05:22.746Z,2026-08-04T15:48:01.930Z,TCNMEM13714,2,cmkujg8ly00htxw2e0d3b0ega
cmjqa2th800vvxw8ys4seesy9,2025-12-28T22:05:22.746Z,2026-08-04T15:48:01.940Z,TCNMEM13715,2,cmkujg8lz00huxw2enst4wyw3
cmjqa2th800vyxw8y0k91cwyk,2025-12-28T22:05:22.746Z,2026-08-04T15:48:01.948Z,TCNMEM13718,2,cmkujg8m500hxxw2ehlg1qr48
cmjqa2th800w2xw8y3slsiesd,2025-12-28T22:05:22.746Z,2026-08-04T15:48:01.958Z,TCNMEM13722,2,cmkujg8mb00i1xw2ejhp2yjc4
cmjqa2th800w3xw8ys98hkryq,2025-12-28T22:05:22.746Z,2026-08-04T15:48:01.968Z,TCNMEM13723,2,cmkujg8md00i2xw2eilvs0w6d
cmjqa2th800w4xw8y7755rnl6,2025-12-28T22:05:22.746Z,2026-08-04T15:48:01.980Z,TCNMEM13724,2,cmkujg8mf00i3xw2e81rbedg7
cmjqa2th800w5xw8ywcsnhqbm,2025-12-28T22:05:22.746Z,2026-08-04T15:48:01.994Z,TCNMEM13725,2,cmkujg8mh00i4xw2eok97172z
cmjqa2th800w6xw8yr2w9hqwg,2025-12-28T22:05:22.746Z,2026-08-04T15:48:02.005Z,TCNMEM13726,2,cmkujg8mi00i5xw2e4iizqc85
cmjqa2th800w7xw8yq8hr45ci,2025-12-28T22:05:22.746Z,2026-08-04T15:48:02.016Z,TCNMEM13727,2,cmkujg8mk00i6xw2e4j5vsvx8
cmjqa2th800w8xw8y0pb2bvfg,2025-12-28T22:05:22.746Z,2026-08-04T15:48:02.026Z,TCNMEM13728,2,cmkujg8mm00i7xw2emy7a1oyy
cmjqa2th800w9xw8ynqoo7w6l,2025-12-28T22:05:22.746Z,2026-08-04T15:48:02.038Z,TCNMEM13729,2,cmkujg8mo00i8xw2e1jar9wga
cmjqa2th800waxw8y1t9nyvgq,2025-12-28T22:05:22.746Z,2026-08-04T15:48:02.048Z,TCNMEM13730,2,cmkujg8mp00i9xw2em63a7weg
cmjqa2th800wbxw8yfujz0hg9,2025-12-28T22:05:22.746Z,2026-08-04T15:48:02.058Z,TCNMEM13731,2,cmkujg8mr00iaxw2etphlmcr6
cmjqa2th800wcxw8y5priyx5o,2025-12-28T22:05:22.746Z,2026-08-04T15:48:02.069Z,TCNMEM13732,2,cmkujg8mt00ibxw2ezby90cj3
cmjqa2th800whxw8y46vm3nq4,2025-12-28T22:05:22.746Z,2026-08-04T15:48:02.078Z,TCNMEM13737,2,cmkujg8n200igxw2e31lm1drd
cmjqa2th800wixw8yaz70whj5,2025-12-28T22:05:22.746Z,2026-08-04T15:48:02.085Z,TCNMEM13738,2,cmkujg8n400ihxw2e67mekeq3
cmjqa2th800wjxw8y497sl3fd,2025-12-28T22:05:22.746Z,2026-08-04T15:48:02.093Z,TCNMEM13739,2,cmkujg8n500iixw2ejh0e5s1e
cmjqa2th800wkxw8you1yvrsm,2025-12-28T22:05:22.746Z,2026-08-04T15:48:02.105Z,TCNMEM13740,2,cmkujg8n700ijxw2etfo0kp3n
cmjqa2th800wnxw8yprfumo2y,2025-12-28T22:05:22.746Z,2026-08-04T15:48:02.116Z,TCNMEM13743,2,cmkujg8nc00imxw2eptefrltq
cmjqa2th800woxw8y14vcg6p7,2025-12-28T22:05:22.746Z,2026-08-04T15:48:02.124Z,TCNMEM13744,2,cmkujg8ne00inxw2empwjgrjk
cmjqa2th800wpxw8yldk565vu,2025-12-28T22:05:22.746Z,2026-08-04T15:48:02.135Z,TCNMEM13745,2,cmkujg8ng00ioxw2e2uwx7jlu
cmjqa2th800wqxw8y8cup0q9l,2025-12-28T22:05:22.746Z,2026-08-04T15:48:02.144Z,TCNMEM13746,2,cmkujg8ni00ipxw2e77jhv4bs
cmjqa2th800wrxw8yattfd3sa,2025-12-28T22:05:22.746Z,2026-08-04T15:48:02.155Z,TCNMEM13747,2,cmkujg8nj00iqxw2e26nha5cz
cmjqa2th800wsxw8ykqaye5u9,2025-12-28T22:05:22.746Z,2026-08-04T15:48:02.167Z,TCNMEM13748,2,cmkujg8nl00irxw2ejzn2399v
cmjqa2th800wtxw8yz0lyw4mu,2025-12-28T22:05:22.746Z,2026-08-04T15:48:02.180Z,TCNMEM13749,2,cmkujg8nn00isxw2ec3xxmlxa
cmjqa2th800wuxw8ysysllqs2,2025-12-28T22:05:22.746Z,2026-08-04T15:48:02.192Z,TCNMEM13750,2,cmkujg8np00itxw2exrku6qc1
cmjqa2th800wvxw8ytaas5nlr,2025-12-28T22:05:22.746Z,2026-08-04T15:48:02.203Z,TCNMEM13751,2,cmkujg8nq00iuxw2ezgni6b7h
cmjqa2th800wxxw8yodhrlxs3,2025-12-28T22:05:22.746Z,2026-08-04T15:48:02.214Z,TCNMEM13753,2,cmkujg8nu00iwxw2eydrpfs90
cmjqa2th800wyxw8yt8l66xgf,2025-12-28T22:05:22.746Z,2026-08-04T15:48:02.228Z,TCNMEM13754,2,cmkujg8nw00ixxw2eglu1zxma
cmjqa2th800wzxw8yfoy6qle9,2025-12-28T22:05:22.746Z,2026-08-04T15:48:02.243Z,TCNMEM13755,2,cmkujg8nx00iyxw2ebspgn8r8
cmjqa2th800x0xw8ywy9afbyz,2025-12-28T22:05:22.746Z,2026-08-04T15:48:02.252Z,TCNMEM13756,2,cmkujg8nz00izxw2ekpg82ep8
cmjqa2th800x1xw8yt3v1gw2g,2025-12-28T22:05:22.746Z,2026-08-04T15:48:02.263Z,TCNMEM13757,2,cmkujg8o100j0xw2epbhe10dy
cmjqa2th800x2xw8yz6a9zl6f,2025-12-28T22:05:22.746Z,2026-08-04T15:48:09.555Z,TCNMEM13758,2,cmkujg8o300j1xw2ef865n6dm
cmjqa2th800x4xw8yil5xgt3h,2025-12-28T22:05:22.746Z,2026-08-04T15:48:09.566Z,TCNMEM13760,2,cmkujg8o600j3xw2eh2gb8d2d
cmjqa2th800x6xw8ygrhyjp0y,2025-12-28T22:05:22.746Z,2026-08-04T15:48:09.576Z,TCNMEM13762,2,cmkujg8o900j5xw2ekw3pt4qm
cmjqa2th800x7xw8ykkq67e5w,2025-12-28T22:05:22.746Z,2026-08-04T15:48:09.586Z,TCNMEM13763,2,cmkujg8ob00j6xw2eqs67wfjt
cmjqa2th800x8xw8ygdcnc9oz,2025-12-28T22:05:22.746Z,2026-08-04T15:48:09.596Z,TCNMEM13764,2,cmkujg8od00j7xw2ehvblfn6v
cmjqa2th800xaxw8ybfmenn8n,2025-12-28T22:05:22.746Z,2026-08-04T15:48:09.605Z,TCNMEM13766,2,cmkujg8og00j9xw2erdbxlan0
cmjqa2th800xbxw8y0qiawu6v,2025-12-28T22:05:22.746Z,2026-08-04T15:48:09.614Z,TCNMEM13767,2,cmkujg8oi00jaxw2e7gciroan
cmjqa2th800xdxw8y7ft97s4f,2025-12-28T22:05:22.746Z,2026-08-04T15:48:09.625Z,TCNMEM13769,2,cmkujg8ol00jcxw2e4g4n527g
cmjqa2th800xexw8y5nonq8ta,2025-12-28T22:05:22.746Z,2026-08-04T15:48:09.633Z,TCNMEM13770,2,cmkujg8on00jdxw2ef18xbwxb
cmjqa2th800xfxw8ymx2ca2zh,2025-12-28T22:05:22.746Z,2026-08-04T15:48:09.643Z,TCNMEM13771,2,cmkujg8op00jexw2exidisuww
cmjqa2th800xgxw8yi3tve32a,2025-12-28T22:05:22.746Z,2026-08-04T15:48:09.655Z,TCNMEM13772,2,cmkujg8or00jfxw2ebvwhemr3
cmjqa2th800xhxw8yvc9e3uzo,2025-12-28T22:05:22.746Z,2026-08-04T15:48:09.665Z,TCNMEM13773,2,cmkujg8os00jgxw2einscmnsd
cmjqa2th800xixw8y0szm8miq,2025-12-28T22:05:22.746Z,2026-08-04T15:48:09.674Z,TCNMEM13774,2,cmkujg8ou00jhxw2eqhxjb2ge
cmjqa2th800xjxw8ym8dxlwpg,2025-12-28T22:05:22.746Z,2026-08-04T15:48:09.684Z,TCNMEM13775,2,cmkujg8ow00jixw2emjwcdzan
cmjqa2th800xlxw8ylcx9cxpl,2025-12-28T22:05:22.746Z,2026-08-04T15:48:09.693Z,TCNMEM13777,2,cmkujg8p000jkxw2esos83x8s
cmjqa2th800xmxw8y4gn700ui,2025-12-28T22:05:22.746Z,2026-08-04T15:48:09.703Z,TCNMEM13778,2,cmkujg8p100jlxw2eeigk8p0w
cmjqa2th800xnxw8yyi6qxa27,2025-12-28T22:05:22.746Z,2026-08-04T15:48:09.712Z,TCNMEM13779,2,cmkujg8p300jmxw2evho45i3l
cmjqa2th900xoxw8yyhk4wdfc,2025-12-28T22:05:22.746Z,2026-08-04T15:48:09.724Z,TCNMEM13780,2,cmkujg8p500jnxw2efuwic3yj
cmjqa2th900xpxw8yz3qibyn7,2025-12-28T22:05:22.746Z,2026-08-04T15:48:09.733Z,TCNMEM13781,2,cmkujg8p700joxw2eigi9x3rn
cmjqa2th900xqxw8yj4kl5h96,2025-12-28T22:05:22.746Z,2026-08-04T15:48:09.744Z,TCNMEM13782,2,cmkujg8p800jpxw2eozxd5ivt
cmjqa2th900xsxw8yimnrruph,2025-12-28T22:05:22.746Z,2026-08-04T15:48:09.752Z,TCNMEM13784,2,cmkujg8pc00jrxw2ek2y3e2dh
cmjqa2th900xuxw8yb8hafbx7,2025-12-28T22:05:22.746Z,2026-08-04T15:48:09.763Z,TCNMEM13786,2,cmkujg8pf00jtxw2e1t07f3fj
cmjqa2th900xwxw8y03zlyqd3,2025-12-28T22:05:22.746Z,2026-08-04T15:48:09.773Z,TCNMEM13788,2,cmkujg8pi00jvxw2e9ha7y73m
cmjqa2th900xzxw8yi1zt6m66,2025-12-28T22:05:22.746Z,2026-08-04T15:48:09.784Z,TCNMEM13791,2,cmkujg8pn00jyxw2ejeuo4yhx
cmjqa2th900y0xw8y85hhbgtd,2025-12-28T22:05:22.746Z,2026-08-04T15:48:09.796Z,TCNMEM13792,2,cmkujg8pp00jzxw2eh2mldoob
cmjqa2th900y2xw8yu006qs89,2025-12-28T22:05:22.746Z,2026-08-04T15:48:09.805Z,TCNMEM13794,2,cmkujg8ps00k1xw2en6puqg7t
cmjqa2th900y3xw8yjfvl6fyp,2025-12-28T22:05:22.746Z,2026-08-04T15:48:09.813Z,TCNMEM13795,2,cmkujg8pu00k2xw2ehhsx2y4j
cmjqa2th900y4xw8y6t0p4e0v,2025-12-28T22:05:22.746Z,2026-08-04T15:48:09.821Z,TCNMEM13796,2,cmkujg8pw00k3xw2epqcq57to
cmjqa2th900y5xw8ykd3itexg,2025-12-28T22:05:22.746Z,2026-08-04T15:48:09.831Z,TCNMEM13797,2,cmkujg8px00k4xw2esqxkqml9
cmjqa2th900y9xw8yje1ncu86,2025-12-28T22:05:22.746Z,2026-08-04T15:48:09.840Z,TCNMEM13801,2,cmkujg8q400k8xw2eioa5jmwk
cmjqa2th900yaxw8ydnkbc3yf,2025-12-28T22:05:22.746Z,2026-08-04T15:48:09.850Z,TCNMEM13802,2,cmkujg8q600k9xw2ex3gxkvbo
cmjqa2th900ybxw8yp71fshsz,2025-12-28T22:05:22.746Z,2026-08-04T15:48:09.862Z,TCNMEM13803,2,cmkujg8q700kaxw2e6auxtnd0
cmjqa2th900ycxw8y84apynnb,2025-12-28T22:05:22.746Z,2026-08-04T15:48:09.871Z,TCNMEM13804,2,cmkujg8q900kbxw2eue9xjtaf
cmjqa2th900ydxw8yjynvruoc,2025-12-28T22:05:22.746Z,2026-08-04T15:48:09.880Z,TCNMEM13805,2,cmkujg8qb00kcxw2ee8ylwkn9
cmjqa2th900yexw8ydxc3rpl6,2025-12-28T22:05:22.746Z,2026-08-04T15:48:09.889Z,TCNMEM13806,2,cmkujg8qc00kdxw2eok569u6z
cmjqa2th900yfxw8yu9y9on4x,2025-12-28T22:05:22.746Z,2026-08-04T15:48:09.897Z,TCNMEM13807,2,cmkujg8qe00kexw2eat7iw4o8
cmjqa2th900ygxw8ynbh04s1i,2025-12-28T22:05:22.746Z,2026-08-04T15:48:09.907Z,TCNMEM13808,2,cmkujg8qg00kfxw2e0t4sm4k2
cmjqa2th900yhxw8ye4shy6ye,2025-12-28T22:05:22.746Z,2026-08-04T15:48:09.918Z,TCNMEM13809,2,cmkujg8qh00kgxw2ex8twg67s
cmjqa2th900yixw8yuf7zdsmz,2025-12-28T22:05:22.746Z,2026-08-04T15:48:09.926Z,TCNMEM13810,2,cmkujg8qj00khxw2e5p6f1193
cmjqa2th900yjxw8yira2qdpl,2025-12-28T22:05:22.746Z,2026-08-04T15:48:09.936Z,TCNMEM13811,2,cmkujg8ql00kixw2ee8ohzdvg
cmjqa2th900ykxw8yr1jxzggd,2025-12-28T22:05:22.746Z,2026-08-04T15:48:09.945Z,TCNMEM13812,2,cmkujg8qm00kjxw2e463v8jkb
cmjqa2th900ymxw8yjbecpelb,2025-12-28T22:05:22.746Z,2026-08-04T15:48:09.954Z,TCNMEM13814,2,cmkujg8qq00klxw2eg0777mwg
cmjqa2th900ynxw8ypb2s1eti,2025-12-28T22:05:22.746Z,2026-08-04T15:48:09.963Z,TCNMEM13815,2,cmkujg8qr00kmxw2ego4az931
cmjqa2th900ypxw8yxfdkpcnf,2025-12-28T22:05:22.746Z,2026-08-04T15:48:09.973Z,TCNMEM13817,2,cmkujg8qv00koxw2e7c4hqq79
cmjqa2th900yrxw8yr8tatfxc,2025-12-28T22:05:22.746Z,2026-08-04T15:48:09.983Z,TCNMEM13819,2,cmkujg8qy00kqxw2enzqxt705
cmjqa2th900ytxw8yoxmg80w3,2025-12-28T22:05:22.746Z,2026-08-04T15:48:09.992Z,TCNMEM13821,2,cmkujg8r200ksxw2e7327owqd
cmjqa2th900yuxw8yc0zq1zyi,2025-12-28T22:05:22.746Z,2026-08-04T15:48:10.002Z,TCNMEM13822,2,cmkujg8r300ktxw2edijo3j10
cmjqa2th900yvxw8yzxsklzrh,2025-12-28T22:05:22.746Z,2026-08-04T15:48:10.013Z,TCNMEM13823,2,cmkujg8r500kuxw2eeyirphvr
cmjqa2th900yyxw8y7yri004l,2025-12-28T22:05:22.746Z,2026-08-04T15:48:10.023Z,TCNMEM13826,2,cmkujg8ra00kxxw2eatxs09ke
cmjqa2th900yzxw8ymp8hzzoz,2025-12-28T22:05:22.746Z,2026-08-04T15:48:10.033Z,TCNMEM13827,2,cmkujg8rc00kyxw2ecfa55c5h
cmjqa2th900z0xw8yzvnbgf1u,2025-12-28T22:05:22.746Z,2026-08-04T15:48:10.044Z,TCNMEM13828,2,cmkujg8re00kzxw2enb48mmji
cmjqa2th900z1xw8y52h9jphi,2025-12-28T22:05:22.746Z,2026-08-04T15:48:10.054Z,TCNMEM13829,2,cmkujg8rf00l0xw2ezppa0hos
cmjqa2th900z2xw8ydwabatza,2025-12-28T22:05:22.746Z,2026-08-04T15:48:10.064Z,TCNMEM13830,2,cmkujg8rh00l1xw2eckrxt1wz
cmjqa2th900z3xw8y22dnqbo7,2025-12-28T22:05:22.746Z,2026-08-04T15:48:10.073Z,TCNMEM13831,2,cmkujg8rj00l2xw2egnb66794
cmjqa2th900z4xw8y80gqa3ei,2025-12-28T22:05:22.746Z,2026-08-04T15:48:10.084Z,TCNMEM13832,2,cmkujg8rk00l3xw2ehbd86v2h
cmjqa2th900z5xw8yuronwtmx,2025-12-28T22:05:22.746Z,2026-08-04T15:48:10.094Z,TCNMEM13833,2,cmkujg8rm00l4xw2ea5mul69f
cmjqa2th900z6xw8yqvmwwhrc,2025-12-28T22:05:22.746Z,2026-08-04T15:48:10.123Z,TCNMEM13834,2,cmkujg8ro00l5xw2ez5ikeiqc
cmjqa2th900z8xw8y50fd4w96,2025-12-28T22:05:22.746Z,2026-08-04T15:48:10.135Z,TCNMEM13836,2,cmkujg8rr00l7xw2ecevvyoo9
cmjqa2th900zbxw8yemy2xdcv,2025-12-28T22:05:22.746Z,2026-08-04T15:48:10.142Z,TCNMEM13839,2,cmkujg8rw00laxw2el7gelzga
cmjqa2th900zdxw8ybs6ecs4s,2025-12-28T22:05:22.746Z,2026-08-04T15:48:10.152Z,TCNMEM13841,2,cmkujg8rz00lcxw2efdep7p0h
cmjqa2th900zexw8y2ax8k3lj,2025-12-28T22:05:22.746Z,2026-08-04T15:48:10.161Z,TCNMEM13842,2,cmkujg8s100ldxw2epxi7yvxt
cmjqa2th900zfxw8yw6m3ltsk,2025-12-28T22:05:22.746Z,2026-08-04T15:48:10.173Z,TCNMEM13843,2,cmkujg8s300lexw2eas9b0gs1
cmjqa2th900zgxw8yjce5i459,2025-12-28T22:05:22.746Z,2026-08-04T15:48:10.183Z,TCNMEM13844,2,cmkujg8s400lfxw2e6y4gpeou
cmjqa2th900zhxw8yc4z60nrf,2025-12-28T22:05:22.746Z,2026-08-04T15:48:10.193Z,TCNMEM13845,2,cmkujg8s600lgxw2e6bwt0pyr
cmjqa2th900zixw8yw4ipl7lu,2025-12-28T22:05:22.746Z,2026-08-04T15:48:10.202Z,TCNMEM13846,2,cmkujg8s800lhxw2emgny8qyp
cmjqa2th900zjxw8y8mbo13jb,2025-12-28T22:05:22.746Z,2026-08-04T15:48:10.211Z,TCNMEM13847,2,cmkujg8s900lixw2e09wspveh
cmjqa2th900zkxw8y94tc6000,2025-12-28T22:05:22.746Z,2026-08-04T15:48:10.221Z,TCNMEM13848,2,cmkujg8sb00ljxw2ecj4p8xyp
cmjqa2th900zlxw8ywhqkh36e,2025-12-28T22:05:22.746Z,2026-08-04T15:48:10.229Z,TCNMEM13849,2,cmkujg8sd00lkxw2e9j1twr9x
cmjqa2th900zmxw8yov9467em,2025-12-28T22:05:22.746Z,2026-08-04T15:48:10.240Z,TCNMEM13850,2,cmkujg8se00llxw2e3b4yhckg
cmjqa2th900znxw8yequy2xzs,2025-12-28T22:05:22.746Z,2026-08-04T15:48:10.248Z,TCNMEM13851,2,cmkujg8sg00lmxw2erkfnoi1u
cmjqa2th900zoxw8yf9tet6ut,2025-12-28T22:05:22.746Z,2026-08-04T15:48:10.257Z,TCNMEM13852,2,cmkujg8si00lnxw2ex99el262
cmjqa2th900zpxw8ymeaqlhyx,2025-12-28T22:05:22.746Z,2026-08-04T15:48:10.267Z,TCNMEM13853,2,cmkujg8sj00loxw2e8ycb52r5
cmjqa2th900zqxw8y1ikl1ttw,2025-12-28T22:05:22.746Z,2026-08-04T15:48:10.274Z,TCNMEM13854,2,cmkujg8sl00lpxw2e4d7ja0ao
cmjqa2th900zrxw8yg65ya45g,2025-12-28T22:05:22.746Z,2026-08-04T15:48:10.282Z,TCNMEM13855,2,cmkujg8sn00lqxw2e8ofyg3qp
cmjqa2th900zsxw8yicjzkwet,2025-12-28T22:05:22.746Z,2026-08-04T15:48:10.290Z,TCNMEM13856,2,cmkujg8sp00lrxw2eefelal8k
cmjqa2th900ztxw8ylo3lj6ri,2025-12-28T22:05:22.746Z,2026-08-04T15:48:10.300Z,TCNMEM13857,2,cmkujg8sq00lsxw2ej0ctqaud
cmjqa2th900zuxw8ykkqi79o1,2025-12-28T22:05:22.746Z,2026-08-04T15:48:10.310Z,TCNMEM13858,2,cmkujg8ss00ltxw2emk6v7pdk
cmjqa2th900zvxw8yanden8w5,2025-12-28T22:05:22.746Z,2026-08-04T15:48:10.319Z,TCNMEM13859,2,cmkujg8su00luxw2eizxpfew8
cmjqa2th900zwxw8ypeqv21kg,2025-12-28T22:05:22.746Z,2026-08-04T15:48:10.327Z,TCNMEM13860,2,cmkujg8sv00lvxw2eycb0nrp4
cmjqa2th900zxxw8y9bo2c7cb,2025-12-28T22:05:22.746Z,2026-08-04T15:48:10.337Z,TCNMEM13861,2,cmkujg8sx00lwxw2ezgt56bys
cmjqa2th900zyxw8yulq0td0b,2025-12-28T22:05:22.746Z,2026-08-04T15:48:10.344Z,TCNMEM13862,2,cmkujg8sz00lxxw2e6acr4pwv
cmjqa2th900zzxw8yjshswfbe,2025-12-28T22:05:22.746Z,2026-08-04T15:48:10.353Z,TCNMEM13863,2,cmkujg8t000lyxw2esgwvl6a0
cmjqa2th90100xw8y9yypz7t3,2025-12-28T22:05:22.746Z,2026-08-04T15:48:10.362Z,TCNMEM13864,2,cmkujg8t200lzxw2ew7max5kh
cmjqa2th90101xw8yo046z4fu,2025-12-28T22:05:22.746Z,2026-08-04T15:48:10.370Z,TCNMEM13865,2,cmkujg8t400m0xw2e6kq3rdwh
cmjqa2th90102xw8y9j44tnom,2025-12-28T22:05:22.746Z,2026-08-04T15:48:10.377Z,TCNMEM13866,2,cmkujg8t500m1xw2eah288m1j
cmjqa2th90103xw8yyr7zya0f,2025-12-28T22:05:22.746Z,2026-08-04T15:48:10.385Z,TCNMEM13867,2,cmkujg8t700m2xw2ejii82sb5
cmjqa2th90104xw8y7hahei65,2025-12-28T22:05:22.746Z,2026-08-04T15:48:10.392Z,TCNMEM13868,2,cmkujg8t900m3xw2ejqkht9co
cmjqa2tha0106xw8y7gsovpiw,2025-12-28T22:05:22.746Z,2026-08-04T15:48:10.399Z,TCNMEM13870,2,cmkujg8tc00m5xw2ejy04i3vo
cmjqa2tha010exw8y082zxrco,2025-12-28T22:05:22.746Z,2026-08-04T15:48:10.408Z,TCNMEM13878,2,cmkujg8tq00mdxw2e59ki8d8w
cmjqa2tha010gxw8yg3nh7uvs,2025-12-28T22:05:22.746Z,2026-08-04T15:48:10.416Z,TCNMEM13880,2,cmkujg8tt00mfxw2ecct35tr4
cmjqa2tha010hxw8yr5yh1cyu,2025-12-28T22:05:22.746Z,2026-08-04T15:48:10.427Z,TCNMEM13881,2,cmkujg8tv00mgxw2ep50m2o1n
cmjqa2tha010jxw8yk9rn420q,2025-12-28T22:05:22.746Z,2026-08-04T15:48:10.435Z,TCNMEM13883,2,cmkujg8ty00mixw2ex6acuzff
cmjqa2tha010mxw8yx539tv1s,2025-12-28T22:05:22.746Z,2026-08-04T15:48:10.444Z,TCNMEM13886,2,cmkujg8u300mlxw2eovkwulu1
cmjqa2tha010nxw8ys7dkzvsi,2025-12-28T22:05:22.746Z,2026-08-04T15:48:10.452Z,TCNMEM13887,2,cmkujg8u500mmxw2e59pmxn2i
cmjqa2tha010oxw8y2xx8qxzi,2025-12-28T22:05:22.746Z,2026-08-04T15:48:10.463Z,TCNMEM13888,2,cmkujg8u600mnxw2ekvvloptc
cmjqa2tha010pxw8y3g1dn7q3,2025-12-28T22:05:22.746Z,2026-08-04T15:48:10.471Z,TCNMEM13889,2,cmkujg8u800moxw2eaptlk7d5
cmjqa2tha010sxw8ydqlbwbrf,2025-12-28T22:05:22.746Z,2026-08-04T15:48:10.480Z,TCNMEM13892,2,cmkujg8ud00mrxw2e8j3987dw
cmjqa2tha010txw8ypsn9imc6,2025-12-28T22:05:22.746Z,2026-08-04T15:48:10.491Z,TCNMEM13893,2,cmkujg8uf00msxw2edd4q6wpb
cmjqa2tha010uxw8yhqifn045,2025-12-28T22:05:22.746Z,2026-08-04T15:48:10.499Z,TCNMEM13894,2,cmkujg8uh00mtxw2e6597jvwu
cmjqa2tha010vxw8yb3nj4lgp,2025-12-28T22:05:22.746Z,2026-08-04T15:48:10.507Z,TCNMEM13895,2,cmkujg8ui00muxw2ewm5bo85k
cmjqa2tha010xxw8y3zhgukxc,2025-12-28T22:05:22.746Z,2026-08-04T15:48:17.802Z,TCNMEM13897,2,cmkujg8um00mwxw2ebe46mueo
cmjqa2tha0115xw8yjfloinwc,2025-12-28T22:05:22.746Z,2026-08-04T15:48:17.812Z,TCNMEM13905,2,cmkujg8uz00n4xw2ev8bdjaqr
cmjqa2tha0117xw8yjrknfftz,2025-12-28T22:05:22.746Z,2026-08-04T15:48:17.821Z,TCNMEM13907,2,cmkujg8v300n6xw2e4e8wm9pi
cmjqa2tha0118xw8y5211mwzu,2025-12-28T22:05:22.746Z,2026-08-04T15:48:17.828Z,TCNMEM13908,2,cmkujg8v400n7xw2e3c6328wt
cmjqa2tha0119xw8yrbu54fiy,2025-12-28T22:05:22.746Z,2026-08-04T15:48:17.850Z,TCNMEM13909,2,cmkujg8v600n8xw2e3yp8ykzm
cmjqa2tha011bxw8y420mgss4,2025-12-28T22:05:22.746Z,2026-08-04T15:48:17.861Z,TCNMEM13911,2,cmkujg8va00naxw2elejeu74z
cmjqa2tha011dxw8yj3h95cbc,2025-12-28T22:05:22.746Z,2026-08-04T15:48:17.873Z,TCNMEM13913,2,cmkujg8vd00ncxw2ep8noy49u
cmjqa2tha011exw8y4fcagtzj,2025-12-28T22:05:22.746Z,2026-08-04T15:48:17.883Z,TCNMEM13914,2,cmkujg8vf00ndxw2emowupsi9
cmjqa2tha011fxw8yuf134lhc,2025-12-28T22:05:22.746Z,2026-08-04T15:48:17.893Z,TCNMEM13915,2,cmkujg8vh00nexw2e6iyd7fdt
cmjqa2tha011ixw8ytvranvfh,2025-12-28T22:05:22.746Z,2026-08-04T15:48:17.902Z,TCNMEM13918,2,cmkujg8vm00nhxw2esqpnwt09
cmjqa2tha011jxw8y825rtc1p,2025-12-28T22:05:22.746Z,2026-08-04T15:48:17.913Z,TCNMEM13919,2,cmkujg8vo00nixw2ea6ac0t37
cmjqa2tha011mxw8ysg7jwrx1,2025-12-28T22:05:22.746Z,2026-08-04T15:48:17.923Z,TCNMEM13922,2,cmkujg8vt00nlxw2erpzgk4yb
cmjqa2tha011nxw8ylq9o08ky,2025-12-28T22:05:22.746Z,2026-08-04T15:48:17.932Z,TCNMEM13923,2,cmkujg8vv00nmxw2en0gp7bbb
cmjqa2tha011pxw8yws8woiza,2025-12-28T22:05:22.746Z,2026-08-04T15:48:17.942Z,TCNMEM13925,2,cmkujg8vy00noxw2ez58wrgv9
cmjqa2tha011qxw8ys7of077c,2025-12-28T22:05:22.746Z,2026-08-04T15:48:17.952Z,TCNMEM13926,2,cmkujg8w000npxw2eqg2th6cq
cmjqa2tha011sxw8y1ubtssl2,2025-12-28T22:05:22.746Z,2026-08-04T15:48:17.963Z,TCNMEM13928,2,cmkujg8w300nrxw2e0wt425ue
cmjqa2tha011wxw8ymrzlzdiz,2025-12-28T22:05:22.746Z,2026-08-04T15:48:17.973Z,TCNMEM13932,2,cmkujg8wa00nvxw2elz3xi0nx
cmjqa2tha011xxw8yha4m4p73,2025-12-28T22:05:22.746Z,2026-08-04T15:48:17.983Z,TCNMEM13933,2,cmkujg8wc00nwxw2ezt47d1yw
cmjqa2tha011yxw8y4t361e4l,2025-12-28T22:05:22.746Z,2026-08-04T15:48:17.996Z,TCNMEM13934,2,cmkujg8we00nxxw2e2xe555a6
cmjqa2tha0121xw8yb4f76fqy,2025-12-28T22:05:22.746Z,2026-08-04T15:48:18.008Z,TCNMEM13937,2,cmkujg8wj00o0xw2e9kw2ku8z
cmjqa2tha0122xw8yotpi6i0o,2025-12-28T22:05:22.746Z,2026-08-04T15:48:18.017Z,TCNMEM13938,2,cmkujg8wl00o1xw2eyn7yracs
cmjqa2tha0123xw8ytcu21kpa,2025-12-28T22:05:22.746Z,2026-08-04T15:48:18.026Z,TCNMEM13939,2,cmkujg8wn00o2xw2euby5veiw
cmjqa2tha012axw8ysohrvzga,2025-12-28T22:05:22.746Z,2026-08-04T15:48:18.034Z,TCNMEM13946,2,cmkujg8wz00o9xw2er9j6reu9
cmjqa2tha012bxw8yugjni6tl,2025-12-28T22:05:22.746Z,2026-08-04T15:48:18.047Z,TCNMEM13947,2,cmkujg8x100oaxw2e50hgphbx
cmjqa2tha012dxw8yvd5rwt7k,2025-12-28T22:05:22.746Z,2026-08-04T15:48:18.056Z,TCNMEM13949,2,cmkujg8x500ocxw2ecd4a2wc6
cmjqa2tha012exw8y7anskgib,2025-12-28T22:05:22.746Z,2026-08-04T15:48:18.066Z,TCNMEM13950,2,cmkujg8x600odxw2eogovfwmv
cmjqa2tha012gxw8y7xiqnlis,2025-12-28T22:05:22.746Z,2026-08-04T15:48:18.076Z,TCNMEM13952,2,cmkujg8xa00ofxw2ewgshld5p
cmjqa2tha012ixw8ycxmoxp5f,2025-12-28T22:05:22.746Z,2026-08-04T15:48:18.087Z,TCNMEM13954,2,cmkujg8xd00ohxw2e8wu3k7ez
cmjqa2tha012jxw8yvdc9unqs,2025-12-28T22:05:22.746Z,2026-08-04T15:48:18.101Z,TCNMEM13955,2,cmkujg8xf00oixw2eihph2vrn
cmjqa2tha012mxw8ycy291sb9,2025-12-28T22:05:22.746Z,2026-08-04T15:48:18.111Z,TCNMEM13958,2,cmkujg8xk00olxw2ejm5uqo3i
cmjqa2tha012nxw8y0ugx18xr,2025-12-28T22:05:22.746Z,2026-08-04T15:48:18.122Z,TCNMEM13959,2,cmkujg8xm00omxw2erviocjg4
cmjqa2thb012qxw8y3yduzj92,2025-12-28T22:05:22.746Z,2026-08-04T15:48:18.131Z,TCNMEM13962,2,cmkujg8xr00opxw2eekgyffj5
cmjqa2thb012txw8yu3y88x2i,2025-12-28T22:05:22.746Z,2026-08-04T15:48:18.143Z,TCNMEM13965,2,cmkujg8xw00osxw2ehn3pr9eb
cmjqa2thb012uxw8yqsdi20yf,2025-12-28T22:05:22.746Z,2026-08-04T15:48:18.152Z,TCNMEM13966,2,cmkujg8xy00otxw2ez1si12gl
cmjqa2thb012vxw8yvdxzfe8z,2025-12-28T22:05:22.746Z,2026-08-04T15:48:18.160Z,TCNMEM13967,2,cmkujg8y000ouxw2eumhcn3e0
cmjqa2thb012wxw8y06uxpy0r,2025-12-28T22:05:22.746Z,2026-08-04T15:48:18.171Z,TCNMEM13968,2,cmkujg8y100ovxw2etr3mhwre
cmjqa2thb012zxw8y6za5jzx7,2025-12-28T22:05:22.746Z,2026-08-04T15:48:18.181Z,TCNMEM13971,2,cmkujg8y700oyxw2eqkcjikmb
cmjqa2thb0130xw8yx0f9r4fu,2025-12-28T22:05:22.746Z,2026-08-04T15:48:18.190Z,TCNMEM13972,2,cmkujg8y800ozxw2eh0xin27d
cmjqa2thb0131xw8yn0hescw4,2025-12-28T22:05:22.746Z,2026-08-04T15:48:18.198Z,TCNMEM13973,2,cmkujg8ya00p0xw2eknzri2tx
cmjqa2thb0133xw8ydi0gtnjk,2025-12-28T22:05:22.746Z,2026-08-04T15:48:18.207Z,TCNMEM13975,2,cmkujg8yd00p2xw2ef91142q4
cmjqa2thb0135xw8ywtvon5gt,2025-12-28T22:05:22.746Z,2026-08-04T15:48:18.216Z,TCNMEM13977,2,cmkujg8yh00p4xw2e36jwq0pp
cmjqa2thb0136xw8yt3zc89f2,2025-12-28T22:05:22.746Z,2026-08-04T15:48:18.225Z,TCNMEM13978,2,cmkujg8yi00p5xw2ewv0z7u88
cmjqa2thb0138xw8ynor5blto,2025-12-28T22:05:22.746Z,2026-08-04T15:48:18.237Z,TCNMEM13980,2,cmkujg8ym00p7xw2ensubi40h
cmjqa2thb0139xw8y5xe13kst,2025-12-28T22:05:22.746Z,2026-08-04T15:48:18.247Z,TCNMEM13981,2,cmkujg8yn00p8xw2e62ruwn4a
cmjqa2thb013axw8yy889roqv,2025-12-28T22:05:22.746Z,2026-08-04T15:48:18.257Z,TCNMEM13982,2,cmkujg8yp00p9xw2eoyg0d7mb
cmjqa2thb013dxw8ysheb8528,2025-12-28T22:05:22.746Z,2026-08-04T15:48:18.265Z,TCNMEM13985,2,cmkujg8yu00pcxw2ejz18sntk
cmjqa2thb013fxw8yu6j99ea3,2025-12-28T22:05:22.746Z,2026-08-04T15:48:18.273Z,TCNMEM13987,2,cmkujg8yy00pexw2ele2szsk5
cmjqa2thb013gxw8yyz3esqef,2025-12-28T22:05:22.746Z,2026-08-04T15:48:18.282Z,TCNMEM13988,2,cmkujg8yz00pfxw2ezfrvb76e
cmjqa2thb013hxw8yefnhhmon,2025-12-28T22:05:22.746Z,2026-08-04T15:48:18.292Z,TCNMEM13989,2,cmkujg8z100pgxw2eoj4oo15n
cmjqa2thb013ixw8yst9did6u,2025-12-28T22:05:22.746Z,2026-08-04T15:48:18.302Z,TCNMEM13990,2,cmkujg8z300phxw2e9ujy7qci
cmjqa2thb013lxw8y0kjkkbra,2025-12-28T22:05:22.746Z,2026-08-04T15:48:18.312Z,TCNMEM13993,2,cmkujg8z800pkxw2e38jkhj32
cmjqa2thb013mxw8yj2bfbass,2025-12-28T22:05:22.746Z,2026-08-04T15:48:18.322Z,TCNMEM13994,2,cmkujg8za00plxw2eudcfluhv
cmjqa2thb013nxw8yhkg0gmc3,2025-12-28T22:05:22.746Z,2026-08-04T15:48:18.330Z,TCNMEM13995,2,cmkujg8zc00pmxw2ez6pyf1n1
cmjqa2thb013oxw8yilm4ilph,2025-12-28T22:05:22.746Z,2026-08-04T15:48:18.338Z,TCNMEM13996,2,cmkujg8zd00pnxw2exacajo40
cmjqa2thb013pxw8yw9xn2b9v,2025-12-28T22:05:22.746Z,2026-08-04T15:48:18.346Z,TCNMEM13997,2,cmkujg8zf00poxw2ev062z5t7
cmjqa2thb013qxw8ykx25myo5,2025-12-28T22:05:22.746Z,2026-08-04T15:48:18.357Z,TCNMEM13998,2,cmkujg8zh00ppxw2e2dm0xrho
cmjqa2thb013rxw8ykj4kfve7,2025-12-28T22:05:22.746Z,2026-08-04T15:48:18.368Z,TCNMEM13999,2,cmkujg8zj00pqxw2e2bphi6gb
cmjqa2thb013sxw8y9y7vps7w,2025-12-28T22:05:22.746Z,2026-08-04T15:48:18.384Z,TCNMEM14000,2,cmkujg8zk00prxw2e5c9k7zin
cmjqa2thb013uxw8y5kh5bza6,2025-12-28T22:05:22.746Z,2026-08-04T15:48:18.395Z,TCNMEM14002,2,cmkujg8zo00ptxw2eg3e4zyi6
cmjqa2thb013vxw8yyqxpqe56,2025-12-28T22:05:22.746Z,2026-08-04T15:48:18.409Z,TCNMEM14003,2,cmkujg8zq00puxw2e6hon5gw1
cmjqa2thb013wxw8y49hkhhno,2025-12-28T22:05:22.746Z,2026-08-04T15:48:18.419Z,TCNMEM14004,2,cmkujg8zr00pvxw2e9tyyb7h9
cmjqa2thb013xxw8yfw13llfb,2025-12-28T22:05:22.746Z,2026-08-04T15:48:18.430Z,TCNMEM14005,2,cmkujg8zt00pwxw2ejoj7nkuk
cmjqa2thb013yxw8yabcisz83,2025-12-28T22:05:22.746Z,2026-08-04T15:48:18.440Z,TCNMEM14006,2,cmkujg8zv00pxxw2e3jtxkgbd
cmjqa2thb013zxw8y7049551x,2025-12-28T22:05:22.746Z,2026-08-04T15:48:18.449Z,TCNMEM14007,2,cmkujg8zx00pyxw2e7wi185v8
cmjqa2thb0140xw8y5hxnsfqi,2025-12-28T22:05:22.746Z,2026-08-04T15:48:18.460Z,TCNMEM14008,2,cmkujg8zy00pzxw2e0pvid2iv
cmjqa2thb0141xw8ymzjuxhvt,2025-12-28T22:05:22.746Z,2026-08-04T15:48:18.468Z,TCNMEM14009,2,cmkujg90000q0xw2ee8slqalw
cmjqa2thb0142xw8yf65lzw45,2025-12-28T22:05:22.746Z,2026-08-04T15:48:18.477Z,TCNMEM14010,2,cmkujg90200q1xw2e6xztmd9p
cmjqa2thb0143xw8yzpa7xke3,2025-12-28T22:05:22.746Z,2026-08-04T15:48:18.489Z,TCNMEM14011,2,cmkujg90400q2xw2eqokwiy0r
cmjqa2thb0146xw8y6kxeu03i,2025-12-28T22:05:22.746Z,2026-08-04T15:48:18.499Z,TCNMEM14014,2,cmkujg90900q5xw2e3r4v80y2
cmjqa2thb0147xw8yx1z7oskx,2025-12-28T22:05:22.746Z,2026-08-04T15:48:18.508Z,TCNMEM14015,2,cmkujg90a00q6xw2el18q5hcv
cmjqa2thb0148xw8yc8m9etnm,2025-12-28T22:05:22.746Z,2026-08-04T15:48:18.516Z,TCNMEM14016,2,cmkujg90c00q7xw2e3nl1b32t
cmjqa2thb0149xw8y8lluf1dw,2025-12-28T22:05:22.746Z,2026-08-04T15:48:18.525Z,TCNMEM14017,2,cmkujg90e00q8xw2elhojaq16
cmjqa2thb014axw8yy29goi8a,2025-12-28T22:05:22.746Z,2026-08-04T15:48:18.534Z,TCNMEM14018,2,cmkujg90g00q9xw2e00r4r1rm
cmjqa2thb014bxw8y50ezp9wg,2025-12-28T22:05:22.746Z,2026-08-04T15:48:18.543Z,TCNMEM14019,2,cmkujg90h00qaxw2ekqkrkn4p
cmjqa2thb014cxw8y04bjt5pn,2025-12-28T22:05:22.746Z,2026-08-04T15:48:18.554Z,TCNMEM14020,2,cmkujg90j00qbxw2excf1itce
cmjqa2thb014dxw8yeoo1axg4,2025-12-28T22:05:22.746Z,2026-08-04T15:48:18.565Z,TCNMEM14021,2,cmkujg90l00qcxw2eww8jwy90
cmjqa2thb014exw8yumpzhg1u,2025-12-28T22:05:22.746Z,2026-08-04T15:48:18.574Z,TCNMEM14022,2,cmkujg90n00qdxw2e8nh45jn3
cmjqa2thb014fxw8y9a70qogv,2025-12-28T22:05:22.746Z,2026-08-04T15:48:18.582Z,TCNMEM14023,2,cmkujg90o00qexw2ehlph4hcg
cmjqa2thb014gxw8y8hzxvv7c,2025-12-28T22:05:22.746Z,2026-08-04T15:48:18.592Z,TCNMEM14024,2,cmkujg90q00qfxw2e3ephdejx
cmjqa2thb014hxw8yza7yzkzc,2025-12-28T22:05:22.746Z,2026-08-04T15:48:18.603Z,TCNMEM14025,2,cmkujg90s00qgxw2el6tvujkj
cmjqa2thb014jxw8y5jvqp4u2,2025-12-28T22:05:22.746Z,2026-08-04T15:48:18.614Z,TCNMEM14027,2,cmkujg90v00qixw2ekilskyk1
cmjqa2thb014kxw8yd80a90cv,2025-12-28T22:05:22.746Z,2026-08-04T15:48:18.625Z,TCNMEM14028,2,cmkujg90x00qjxw2eogneiffu
cmjqa2thb014nxw8ys8bw4zf3,2025-12-28T22:05:22.746Z,2026-08-04T15:48:18.635Z,TCNMEM14031,2,cmkujg91200qmxw2e0l3r1m6j
cmjqa2thb014oxw8y67kr7ap6,2025-12-28T22:05:22.746Z,2026-08-04T15:48:18.646Z,TCNMEM14032,2,cmkujg91400qnxw2ezlo1epc1
cmjqa2thb014pxw8yuq5on2pv,2025-12-28T22:05:22.746Z,2026-08-04T15:48:18.656Z,TCNMEM14033,2,cmkujg91600qoxw2eneb386p7
cmjqa2thb014qxw8ykmt0w3ez,2025-12-28T22:05:22.746Z,2026-08-04T15:48:18.665Z,TCNMEM14034,2,cmkujg91800qpxw2ebzg03606
cmjqa2thb014rxw8y3wg0vqds,2025-12-28T22:05:22.746Z,2026-08-04T15:48:18.675Z,TCNMEM14035,2,cmkujg91900qqxw2ee5lk85yw
cmjqa2thb014txw8y09lko4ex,2025-12-28T22:05:22.746Z,2026-08-04T15:48:18.684Z,TCNMEM14037,2,cmkujg91d00qsxw2ebye3n1b1
cmjqa2thb014uxw8yp5ja96j9,2025-12-28T22:05:22.746Z,2026-08-04T15:48:18.694Z,TCNMEM14038,2,cmkujg91e00qtxw2edxfi8bgd
cmjqa2thb014vxw8y3vct6avk,2025-12-28T22:05:22.746Z,2026-08-04T15:48:18.702Z,TCNMEM14039,2,cmkujg91g00quxw2euhoswynh
cmjqa2thb014wxw8yj8dq8tw9,2025-12-28T22:05:22.746Z,2026-08-04T15:48:18.709Z,TCNMEM14040,2,cmkujg91i00qvxw2ec740uxk8
cmjqa2thb014xxw8yfvreco6p,2025-12-28T22:05:22.746Z,2026-08-04T15:48:18.718Z,TCNMEM14041,2,cmkujg91k00qwxw2e08lic26h
cmjqa2thb014yxw8ypzm74uda,2025-12-28T22:05:22.746Z,2026-08-04T15:48:18.726Z,TCNMEM14042,2,cmkujg91l00qxxw2esyglbiar
cmjqa2thb014zxw8y8c3np3d2,2025-12-28T22:05:22.746Z,2026-08-04T15:48:18.736Z,TCNMEM14043,2,cmkujg91n00qyxw2enwwg3ayq
cmjqa2thb0150xw8yhupwgqmb,2025-12-28T22:05:22.746Z,2026-08-04T15:48:18.745Z,TCNMEM14044,2,cmkujg91p00qzxw2emcnwjdsx
cmjqa2thb0151xw8y972s04nf,2025-12-28T22:05:22.746Z,2026-08-04T15:48:18.755Z,TCNMEM14045,2,cmkujg91r00r0xw2eapfmr1om
cmjqa2thb0152xw8ygu9mqcp7,2025-12-28T22:05:22.746Z,2026-08-04T15:48:18.763Z,TCNMEM14046,2,cmkujg91s00r1xw2es57wz07r
cmjqa2thb0153xw8yp9hjwszj,2025-12-28T22:05:22.746Z,2026-08-04T15:48:18.770Z,TCNMEM14047,2,cmkujg91u00r2xw2ekt648nfn
cmjqa2thc0154xw8yh7y490s7,2025-12-28T22:05:22.746Z,2026-08-04T15:48:18.782Z,TCNMEM14048,2,cmkujg91w00r3xw2epu8tfc0u
cmjqa2thc0155xw8yvhjyvoja,2025-12-28T22:05:22.746Z,2026-08-04T15:48:18.799Z,TCNMEM14049,2,cmkujg91y00r4xw2egz5fklxx
cmjqa2thc0156xw8ydmslasey,2025-12-28T22:05:22.746Z,2026-08-04T15:48:26.060Z,TCNMEM14050,2,cmkujg92000r5xw2emgyzmd7s
cmjqa2thc0157xw8yx6px1rwq,2025-12-28T22:05:22.746Z,2026-08-04T15:48:26.073Z,TCNMEM14051,2,cmkujg92200r6xw2ef9xh42eq
cmjqa2thc015axw8ygxrxde2c,2025-12-28T22:05:22.746Z,2026-08-04T15:48:26.083Z,TCNMEM14054,2,cmkujg92700r9xw2ehh8x7x0j
cmjqa2thc015bxw8y9gir7zv7,2025-12-28T22:05:22.746Z,2026-08-04T15:48:26.093Z,TCNMEM14055,2,cmkujg92900raxw2ed5f80xqi
cmjqa2thc015dxw8yl9i8zs9w,2025-12-28T22:05:22.746Z,2026-08-04T15:48:26.105Z,TCNMEM14057,2,cmkujg92c00rcxw2eod766aeq
cmjqa2thc015exw8yrsdmevn1,2025-12-28T22:05:22.746Z,2026-08-04T15:48:26.117Z,TCNMEM14058,2,cmkujg92e00rdxw2e78ld1qas
cmjqa2thc015fxw8ydiwcy7ha,2025-12-28T22:05:22.746Z,2026-08-04T15:48:26.126Z,TCNMEM14059,2,cmkujg92f00rexw2eu0662akn
cmjqa2thc015gxw8yujtkeygq,2025-12-28T22:05:22.746Z,2026-08-04T15:48:26.137Z,TCNMEM14060,2,cmkujg92h00rfxw2er67a4c8y
cmjqa2thc015hxw8yo3w62st5,2025-12-28T22:05:22.746Z,2026-08-04T15:48:26.147Z,TCNMEM14061,2,cmkujg92j00rgxw2ettb1xs30
cmjqa2thc015jxw8yf8so9l8c,2025-12-28T22:05:22.746Z,2026-08-04T15:48:26.156Z,TCNMEM14063,2,cmkujg92m00rixw2ek7rv7ypz
cmjqa2thc015kxw8y24f3qs8s,2025-12-28T22:05:22.746Z,2026-08-04T15:48:26.167Z,TCNMEM14064,2,cmkujg92o00rjxw2ee8tqnb20
cmjqa2thc015lxw8yfidppwgr,2025-12-28T22:05:22.746Z,2026-08-04T15:48:26.178Z,TCNMEM14065,2,cmkujg92p00rkxw2e7erzv2bj
cmjqa2tht015qxw8yt8w64asl,2025-12-28T22:05:22.769Z,2026-08-04T15:48:26.187Z,TCNMEM14070,2,cmkujg92x00rpxw2ejhye8dni
cmjqa2ti4015rxw8yso7gu1pd,2025-12-28T22:05:22.779Z,2026-08-04T15:48:26.195Z,TCNMEM14071,2,cmkujg92z00rqxw2e4dimm965
cmjqa2ti4015sxw8ym72p8j1y,2025-12-28T22:05:22.779Z,2026-08-04T15:48:26.205Z,TCNMEM14072,2,cmkujg93100rrxw2erg7afo5w
cmjqa2ti4015txw8ydc58ugg5,2025-12-28T22:05:22.779Z,2026-08-04T15:48:26.216Z,TCNMEM14073,2,cmkujg93200rsxw2en9zdvj1k
cmjqa2ti4015uxw8yfkrtblsv,2025-12-28T22:05:22.779Z,2026-08-04T15:48:26.226Z,TCNMEM14074,2,cmkujg93400rtxw2em904ng5k
cmjqa2ti4015vxw8yf2a0wrs9,2025-12-28T22:05:22.779Z,2026-08-04T15:48:26.240Z,TCNMEM14075,2,cmkujg93500ruxw2efbh6rmr7
cmjqa2ti4015wxw8ye9jc6n3a,2025-12-28T22:05:22.779Z,2026-08-04T15:48:26.250Z,TCNMEM14076,2,cmkujg93700rvxw2ecoxht94w
cmjqa2ti4015xxw8yxqbffl9l,2025-12-28T22:05:22.779Z,2026-08-04T15:48:26.261Z,TCNMEM14077,2,cmkujg93800rwxw2ebjno19s1
cmjqa2ti4015yxw8yd4kfr663,2025-12-28T22:05:22.779Z,2026-08-04T15:48:26.271Z,TCNMEM14078,2,cmkujg93a00rxxw2erjgoplnt
cmjqa2ti4015zxw8yqvra18r0,2025-12-28T22:05:22.779Z,2026-08-04T15:48:26.282Z,TCNMEM14079,2,cmkujg93b00ryxw2ejz2y0er1
cmjqa2ti40160xw8yxrxs8kln,2025-12-28T22:05:22.779Z,2026-08-04T15:48:26.291Z,TCNMEM14080,2,cmkujg93c00rzxw2e3nkvyuew
cmjqa2ti40161xw8yscnq7noj,2025-12-28T22:05:22.779Z,2026-08-04T15:48:26.303Z,TCNMEM14081,2,cmkujg93e00s0xw2enkc9jvl0
cmjqa2ti40163xw8y3hjeyed6,2025-12-28T22:05:22.779Z,2026-08-04T15:48:26.313Z,TCNMEM14083,2,cmkujg93h00s2xw2ezw991572
cmjqa2ti40164xw8y8ijdk4ms,2025-12-28T22:05:22.779Z,2026-08-04T15:48:26.324Z,TCNMEM14084,2,cmkujg93i00s3xw2edi8qduv4
cmjqa2ti40165xw8yhwktqpad,2025-12-28T22:05:22.779Z,2026-08-04T15:48:26.335Z,TCNMEM14085,2,cmkujg93k00s4xw2ei09dvmb7
cmjqa2ti40166xw8yv16pqcz4,2025-12-28T22:05:22.779Z,2026-08-04T15:48:26.344Z,TCNMEM14086,2,cmkujg93m00s5xw2ev0exsx0c
cmjqa2ti40167xw8yhbkgpfsc,2025-12-28T22:05:22.779Z,2026-08-04T15:48:26.357Z,TCNMEM14087,2,cmkujg93n00s6xw2eseboqo5w
cmjqa2ti40169xw8yctjidv8h,2025-12-28T22:05:22.779Z,2026-08-04T15:48:26.367Z,TCNMEM14089,2,cmkujg93q00s8xw2e760w1f7p
cmjqa2ti4016bxw8ycv6auek3,2025-12-28T22:05:22.779Z,2026-08-04T15:48:26.377Z,TCNMEM14091,2,cmkujg93t00saxw2elr9va062
cmjqa2ti4016cxw8yvet9abo8,2025-12-28T22:05:22.779Z,2026-08-04T15:48:26.386Z,TCNMEM14092,2,cmkujg93u00sbxw2euhdcl5lr
cmjqa2ti4016dxw8y0509woau,2025-12-28T22:05:22.779Z,2026-08-04T15:48:26.396Z,TCNMEM14093,2,cmkujg93v00scxw2ea70uxion
cmjqa2ti4016exw8ywonlk3lv,2025-12-28T22:05:22.779Z,2026-08-04T15:48:26.407Z,TCNMEM14094,2,cmkujg93x00sdxw2ec233plcd
cmjqa2ti4016gxw8y6gra8zja,2025-12-28T22:05:22.779Z,2026-08-04T15:48:26.416Z,TCNMEM14096,2,cmkujg94000sfxw2erhz1yo80
cmjqa2ti4016hxw8yjri0dsdg,2025-12-28T22:05:22.779Z,2026-08-04T15:48:26.428Z,TCNMEM14097,2,cmkujg94100sgxw2en96htjct
cmjqa2ti4016ixw8yc9qdzs74,2025-12-28T22:05:22.779Z,2026-08-04T15:48:26.438Z,TCNMEM14098,2,cmkujg94300shxw2epzbqci3e
cmjqa2ti4016jxw8ynwftgg19,2025-12-28T22:05:22.779Z,2026-08-04T15:48:26.448Z,TCNMEM14099,2,cmkujg94400sixw2e00ru4igg
cmjqa2ti4016kxw8yujfvvw2s,2025-12-28T22:05:22.779Z,2026-08-04T15:48:26.457Z,TCNMEM14100,2,cmkujg94500sjxw2eak7wjs2z
cmjqa2ti4016lxw8ypw6fpbtm,2025-12-28T22:05:22.779Z,2026-08-04T15:48:26.468Z,TCNMEM14101,2,cmkujg94700skxw2ex7qxmbyt
cmjqa2ti4016mxw8yfx829uo2,2025-12-28T22:05:22.779Z,2026-08-04T15:48:26.476Z,TCNMEM14102,2,cmkujg94800slxw2edlbfhkxf
cmjqa2ti4016nxw8ypxdq0keh,2025-12-28T22:05:22.779Z,2026-08-04T15:48:26.487Z,TCNMEM14103,2,cmkujg94a00smxw2e60wvef1u
cmjqa2ti4016oxw8yg1sfxf5q,2025-12-28T22:05:22.779Z,2026-08-04T15:48:26.495Z,TCNMEM14104,2,cmkujg94c00snxw2er4zc230n
cmjqa2ti4016pxw8y0xg6f8ua,2025-12-28T22:05:22.779Z,2026-08-04T15:48:26.504Z,TCNMEM14105,2,cmkujg94d00soxw2eg67nx1zb
cmjqa2ti4016sxw8yrhjhgdbu,2025-12-28T22:05:22.779Z,2026-08-04T15:48:26.513Z,TCNMEM14108,2,cmkujg94h00srxw2epc84zoyw
cmjqa2ti4016uxw8ynwxd1njc,2025-12-28T22:05:22.779Z,2026-08-04T15:48:26.522Z,TCNMEM14110,2,cmkujg94k00stxw2em3amexfs
cmjqa2ti4016vxw8yt8wfreou,2025-12-28T22:05:22.779Z,2026-08-04T15:48:26.531Z,TCNMEM14111,2,cmkujg94m00suxw2e59yvnd41
cmjqa2ti4016wxw8yhduagcfa,2025-12-28T22:05:22.779Z,2026-08-04T15:48:26.540Z,TCNMEM14112,2,cmkujg94n00svxw2eseenc7s5
cmjqa2ti4016xxw8yf5asax20,2025-12-28T22:05:22.779Z,2026-08-04T15:48:26.550Z,TCNMEM14113,2,cmkujg94p00swxw2ecgq0ju46
cmjqa2ti4016yxw8y4yveo834,2025-12-28T22:05:22.779Z,2026-08-04T15:48:26.561Z,TCNMEM14114,2,cmkujg94q00sxxw2e32hv5a3x
cmjqa2ti4016zxw8ycplp75vl,2025-12-28T22:05:22.779Z,2026-08-04T15:48:26.581Z,TCNMEM14115,2,cmkujg94s00syxw2ejmoh90ak
cmjqa2ti40170xw8y8vabxsp9,2025-12-28T22:05:22.779Z,2026-08-04T15:48:26.591Z,TCNMEM14116,2,cmkujg94t00szxw2eqw908bmy
cmjqa2ti40171xw8yrlsvg05i,2025-12-28T22:05:22.779Z,2026-08-04T15:48:26.600Z,TCNMEM14117,2,cmkujg94v00t0xw2ejpmr1yqx
cmjqa2ti40173xw8yoj0e2b5w,2025-12-28T22:05:22.779Z,2026-08-04T15:48:26.628Z,TCNMEM14119,2,cmkujg94x00t2xw2e6jzhr1af
cmjqa2ti40175xw8yh3zoogab,2025-12-28T22:05:22.779Z,2026-08-04T15:48:26.638Z,TCNMEM14121,2,cmkujg95000t4xw2e9qlt6itv
cmjqa2ti40176xw8yavjiv9re,2025-12-28T22:05:22.779Z,2026-08-04T15:48:26.647Z,TCNMEM14122,2,cmkujg95200t5xw2em9am3zgq
cmjqa2ti40177xw8y6tcxvoye,2025-12-28T22:05:22.779Z,2026-08-04T15:48:26.654Z,TCNMEM14123,2,cmkujg95300t6xw2e8qq7pcez
cmjqa2ti40178xw8ydtiyh8t9,2025-12-28T22:05:22.779Z,2026-08-04T15:48:26.662Z,TCNMEM14124,2,cmkujg95400t7xw2e72syc9uu
cmjqa2ti40179xw8y62kyjn39,2025-12-28T22:05:22.779Z,2026-08-04T15:48:26.671Z,TCNMEM14125,2,cmkujg95600t8xw2euknvmjpz
cmjqa2ti4017axw8ybekj6w43,2025-12-28T22:05:22.779Z,2026-08-04T15:48:26.679Z,TCNMEM14126,2,cmkujg95700t9xw2epu4g8684
cmjqa2ti4017bxw8ywq25pp8k,2025-12-28T22:05:22.779Z,2026-08-04T15:48:26.690Z,TCNMEM14127,2,cmkujg95900taxw2eytqqhlxs
cmjqa2ti4017cxw8yd34g9hom,2025-12-28T22:05:22.779Z,2026-08-04T15:48:26.698Z,TCNMEM14128,2,cmkujg95a00tbxw2eafjwdc9r
cmjqa2ti4017dxw8yrchug471,2025-12-28T22:05:22.779Z,2026-08-04T15:48:26.706Z,TCNMEM14129,2,cmkujg95c00tcxw2e1f9t0oi1
cmjqa2ti4017exw8yiabpqv0r,2025-12-28T22:05:22.779Z,2026-08-04T15:48:26.714Z,TCNMEM14130,2,cmkujg95d00tdxw2eotw3r3ij
cmjqa2ti4017fxw8ysdx2vmdi,2025-12-28T22:05:22.779Z,2026-08-04T15:48:26.725Z,TCNMEM14131,2,cmkujg95f00texw2ef1re31h3
cmjqa2ti4017gxw8ynu9ny7te,2025-12-28T22:05:22.779Z,2026-08-04T15:48:26.736Z,TCNMEM14132,2,cmkujg95g00tfxw2e8qf5yk0y
cmjqa2ti4017hxw8yqt887mnd,2025-12-28T22:05:22.779Z,2026-08-04T15:48:26.748Z,TCNMEM14133,2,cmkujg95i00tgxw2e766m9ywo
cmjqa2ti4017ixw8yij7r6ll1,2025-12-28T22:05:22.779Z,2026-08-04T15:48:26.758Z,TCNMEM14134,2,cmkujg95j00thxw2eayxkqzzz
cmjqa2ti4017jxw8yvnoc31p9,2025-12-28T22:05:22.779Z,2026-08-04T15:48:26.768Z,TCNMEM14135,2,cmkujg95k00tixw2e34ywav7b
cmjqa2ti4017kxw8yc167p8cx,2025-12-28T22:05:22.779Z,2026-08-04T15:48:26.779Z,TCNMEM14136,2,cmkujg95m00tjxw2exeidih3v
cmjqa2ti4017lxw8y38qgtj9p,2025-12-28T22:05:22.779Z,2026-08-04T15:48:26.788Z,TCNMEM14137,2,cmkujg95n00tkxw2e4el93ghd
cmjqa2ti4017mxw8y1ty0fwzp,2025-12-28T22:05:22.779Z,2026-08-04T15:48:26.799Z,TCNMEM14138,2,cmkujg95p00tlxw2ewrc41390
cmjqa2ti4017nxw8yoed8m87n,2025-12-28T22:05:22.779Z,2026-08-04T15:48:26.812Z,TCNMEM14139,2,cmkujg95q00tmxw2ey1ia415v
cmjqa2ti4017pxw8y9m3gqv5x,2025-12-28T22:05:22.779Z,2026-08-04T15:48:26.822Z,TCNMEM14141,2,cmkujg95t00toxw2e1o6b2ti6
cmjqa2ti4017qxw8yxldw1y2d,2025-12-28T22:05:22.779Z,2026-08-04T15:48:26.833Z,TCNMEM14142,2,cmkujg95u00tpxw2eeaxkirio
cmjqa2ti4017sxw8ysjxxxis0,2025-12-28T22:05:22.779Z,2026-08-04T15:48:26.844Z,TCNMEM14144,2,cmkujg95x00trxw2epdvdpmj3
cmjqa2ti5017yxw8ya4gk3iv9,2025-12-28T22:05:22.779Z,2026-08-04T15:48:26.854Z,TCNMEM14150,2,cmkujg96600txxw2e2h8zqrg2
cmjqa2ti5017zxw8y3dwk7026,2025-12-28T22:05:22.779Z,2026-08-04T15:48:26.864Z,TCNMEM14151,2,cmkujg96800tyxw2elteqf653
cmjqa2ti50180xw8yvyx48qp4,2025-12-28T22:05:22.779Z,2026-08-04T15:48:26.876Z,TCNMEM14152,2,cmkujg96900tzxw2ev2pcug30
cmjqa2ti50182xw8y7b5jlpo1,2025-12-28T22:05:22.779Z,2026-08-04T15:48:26.885Z,TCNMEM14154,2,cmkujg96c00u1xw2ek7y40txs
cmjqa2ti50184xw8y2eurt4yu,2025-12-28T22:05:22.779Z,2026-08-04T15:48:26.895Z,TCNMEM14156,2,cmkujg96e00u3xw2eftmb1ijp
cmjqa2ti50185xw8y5f6b18u2,2025-12-28T22:05:22.779Z,2026-08-04T15:48:26.904Z,TCNMEM14157,2,cmkujg96g00u4xw2e8ygrbopd
cmjqa2ti50186xw8y5x5gy67w,2025-12-28T22:05:22.779Z,2026-08-04T15:48:26.913Z,TCNMEM14158,2,cmkujg96h00u5xw2eg9wcr335
cmjqa2ti50188xw8ylew98aax,2025-12-28T22:05:22.779Z,2026-08-04T15:48:26.922Z,TCNMEM14160,2,cmkujg96k00u7xw2eq2ku42tk
cmjqa2ti50189xw8yx0guvf1c,2025-12-28T22:05:22.779Z,2026-08-04T15:48:26.930Z,TCNMEM14161,2,cmkujg96l00u8xw2ed614fntr
cmjqa2ti5018axw8yt4xoxl7t,2025-12-28T22:05:22.779Z,2026-08-04T15:48:26.940Z,TCNMEM14162,2,cmkujg96n00u9xw2eg9fur1t5
cmjqa2ti5018bxw8yn91qx5ra,2025-12-28T22:05:22.779Z,2026-08-04T15:48:26.949Z,TCNMEM14163,2,cmkujg96o00uaxw2ewcyn6gal
cmjqa2ti5018cxw8ysboqdsis,2025-12-28T22:05:22.779Z,2026-08-04T15:48:26.958Z,TCNMEM14164,2,cmkujg96q00ubxw2e59i3v1wh
cmjqa2ti5018dxw8yamhmqbmi,2025-12-28T22:05:22.779Z,2026-08-04T15:48:26.966Z,TCNMEM14165,2,cmkujg96r00ucxw2ezxwbz3mu
cmjqa2ti5018exw8yjdwfn71y,2025-12-28T22:05:22.779Z,2026-08-04T15:48:26.974Z,TCNMEM14166,2,cmkujg96t00udxw2e3adegqi5
cmjqa2ti5018fxw8yc9l4oh2m,2025-12-28T22:05:22.779Z,2026-08-04T15:48:26.983Z,TCNMEM14167,2,cmkujg96u00uexw2ejizoyq3m
cmjqa2ti5018gxw8y88xjlghs,2025-12-28T22:05:22.779Z,2026-08-04T15:48:26.992Z,TCNMEM14168,2,cmkujg96w00ufxw2eqx14k8wm
cmjqa2ti5018hxw8ypxvk5re9,2025-12-28T22:05:22.779Z,2026-08-04T15:48:27.002Z,TCNMEM14169,2,cmkujg96x00ugxw2ectw9ez64
cmjqa2ti5018ixw8y77zylzey,2025-12-28T22:05:22.779Z,2026-08-04T15:48:27.010Z,TCNMEM14170,2,cmkujg96z00uhxw2e8efuig2n
cmjqa2ti5018jxw8y20se3ns1,2025-12-28T22:05:22.779Z,2026-08-04T15:48:27.019Z,TCNMEM14171,2,cmkujg97000uixw2etean59tq
cmjqa2ti5018kxw8yn4knqfut,2025-12-28T22:05:22.779Z,2026-08-04T15:48:27.027Z,TCNMEM14172,2,cmkujg97200ujxw2eqn3gr3is
cmjqa2ti5018lxw8y9eynqgua,2025-12-28T22:05:22.779Z,2026-08-04T15:48:27.035Z,TCNMEM14173,2,cmkujg97300ukxw2eu4j2pj08
cmjqa2ti5018nxw8y28idsdr8,2025-12-28T22:05:22.779Z,2026-08-04T15:48:27.043Z,TCNMEM14175,2,cmkujg97600umxw2e7eqm0d12
cmjqa2ti5018oxw8yj6oxiagd,2025-12-28T22:05:22.779Z,2026-08-04T15:48:27.053Z,TCNMEM14176,2,cmkujg97700unxw2ewf51ia46
cmjqa2ti5018pxw8y7ui4p6mh,2025-12-28T22:05:22.779Z,2026-08-04T15:48:27.063Z,TCNMEM14177,2,cmkujg97900uoxw2elb0wp6zk
cmjqa2ti5018qxw8yauc736d7,2025-12-28T22:05:22.779Z,2026-08-04T15:48:34.510Z,TCNMEM14178,2,cmkujg97a00upxw2ej6064hc9
cmjqa2ti5018rxw8ybiu5popb,2025-12-28T22:05:22.779Z,2026-08-04T15:48:34.522Z,TCNMEM14179,2,cmkujg97c00uqxw2emhba29qk
cmjqa2ti5018sxw8y3i6vmud3,2025-12-28T22:05:22.779Z,2026-08-04T15:48:34.530Z,TCNMEM14180,2,cmkujg97d00urxw2exag5czmc
cmjqa2ti5018txw8y3zc6nxxn,2025-12-28T22:05:22.779Z,2026-08-04T15:48:34.542Z,TCNMEM14181,2,cmkujg97f00usxw2enjgb121z
cmjqa2ti5018uxw8y0xhf825b,2025-12-28T22:05:22.779Z,2026-08-04T15:48:34.552Z,TCNMEM14182,2,cmkujg97g00utxw2evndaa8du
cmjqa2ti5018vxw8yrakpxa5x,2025-12-28T22:05:22.779Z,2026-08-04T15:48:34.565Z,TCNMEM14183,2,cmkujg97i00uuxw2eollhoz1t
cmjqa2ti5018wxw8ykjir0jf6,2025-12-28T22:05:22.779Z,2026-08-04T15:48:34.573Z,TCNMEM14184,2,cmkujg97j00uvxw2e0kms01fu
cmjqa2ti5018xxw8yhr9dbph9,2025-12-28T22:05:22.779Z,2026-08-04T15:48:34.583Z,TCNMEM14185,2,cmkujg97k00uwxw2eutraxv7p
cmjqa2ti5018yxw8yvpgvphvj,2025-12-28T22:05:22.779Z,2026-08-04T15:48:34.592Z,TCNMEM14186,2,cmkujg97m00uxxw2efcdi4hpu
cmjqa2ti5018zxw8y1efzgs5c,2025-12-28T22:05:22.779Z,2026-08-04T15:48:34.603Z,TCNMEM14187,2,cmkujg97n00uyxw2em0q56ymb
cmjqa2ti50190xw8yq8ktyrby,2025-12-28T22:05:22.779Z,2026-08-04T15:48:34.613Z,TCNMEM14188,2,cmkujg97p00uzxw2ecxwmwhxr
cmjqa2ti50192xw8ysub0j8zv,2025-12-28T22:05:22.779Z,2026-08-04T15:48:34.624Z,TCNMEM14190,2,cmkujg97s00v1xw2eaq4mchcs
cmjqa2ti50194xw8ye187h58i,2025-12-28T22:05:22.779Z,2026-08-04T15:48:34.634Z,TCNMEM14192,2,cmkujg97v00v3xw2e3lxpdi0q
cmjqa2ti50195xw8yrqip6fqx,2025-12-28T22:05:22.779Z,2026-08-04T15:48:34.643Z,TCNMEM14193,2,cmkujg97w00v4xw2ejq50bd95
cmjqa2ti50196xw8ypx7y6w0x,2025-12-28T22:05:22.779Z,2026-08-04T15:48:34.656Z,TCNMEM14194,2,cmkujg97x00v5xw2e0dp05zvj
cmjqa2ti50197xw8ysj5jm9sx,2025-12-28T22:05:22.779Z,2026-08-04T15:48:34.667Z,TCNMEM14195,2,cmkujg97z00v6xw2ea84vzhk7
cmjqa2ti50198xw8y6uih03x1,2025-12-28T22:05:22.779Z,2026-08-04T15:48:34.679Z,TCNMEM14196,2,cmkujg98000v7xw2exd5adl3a
cmjqa2ti50199xw8yabo0j4qo,2025-12-28T22:05:22.779Z,2026-08-04T15:48:34.691Z,TCNMEM14197,2,cmkujg98100v8xw2edyyyk5k5
cmjqa2ti5019axw8ycmkh2fbf,2025-12-28T22:05:22.779Z,2026-08-04T15:48:34.704Z,TCNMEM14198,2,cmkujg98300v9xw2erw7yzg59
cmjqa2ti5019bxw8ygcuovmcc,2025-12-28T22:05:22.779Z,2026-08-04T15:48:34.715Z,TCNMEM14199,2,cmkujg98400vaxw2ecowsmh3i
cmjqa2ti5019cxw8yvd2aycao,2025-12-28T22:05:22.779Z,2026-08-04T15:48:34.725Z,TCNMEM14200,2,cmkujg98600vbxw2ez03f3y1r
cmjqa2ti5019dxw8y1ruabncz,2025-12-28T22:05:22.779Z,2026-08-04T15:48:34.735Z,TCNMEM14201,2,cmkujg98700vcxw2ecbq5ukax
cmjqa2ti5019exw8yak351j6f,2025-12-28T22:05:22.779Z,2026-08-04T15:48:34.744Z,TCNMEM14202,2,cmkujg98800vdxw2e3w4bwdx4
cmjqa2ti5019fxw8y95qd7jlz,2025-12-28T22:05:22.779Z,2026-08-04T15:48:34.755Z,TCNMEM14203,2,cmkujg98a00vexw2ektgr8wdc
cmjqa2ti5019gxw8ydw0g6poc,2025-12-28T22:05:22.779Z,2026-08-04T15:48:34.768Z,TCNMEM14204,2,cmkujg98b00vfxw2emmm4r0wa
cmjqa2ti5019hxw8ycq0cbtr0,2025-12-28T22:05:22.779Z,2026-08-04T15:48:34.777Z,TCNMEM14205,2,cmkujg98c00vgxw2eodongeoj
cmjqa2ti5019ixw8y4qjdsfvg,2025-12-28T22:05:22.779Z,2026-08-04T15:48:34.787Z,TCNMEM14206,2,cmkujg98e00vhxw2efmzxrqao
cmjqa2ti5019jxw8yw7tgc217,2025-12-28T22:05:22.779Z,2026-08-04T15:48:34.795Z,TCNMEM14207,2,cmkujg98f00vixw2e8h1q490z
cmjqa2ti5019kxw8y3s6h78bp,2025-12-28T22:05:22.779Z,2026-08-04T15:48:34.807Z,TCNMEM14208,2,cmkujg98h00vjxw2edk4cgq6i
cmjqa2ti5019lxw8ygnqrj6ap,2025-12-28T22:05:22.779Z,2026-08-04T15:48:34.818Z,TCNMEM14209,2,cmkujg98i00vkxw2e1yczx0yx
cmjqa2ti5019mxw8ycmgp9tr5,2025-12-28T22:05:22.779Z,2026-08-04T15:48:34.830Z,TCNMEM14210,2,cmkujg98j00vlxw2el9qo83gv
cmjqa2ti5019nxw8y4lbrf75l,2025-12-28T22:05:22.779Z,2026-08-04T15:48:34.840Z,TCNMEM14211,2,cmkujg98l00vmxw2evnuzae4l
cmjqa2ti5019oxw8yu7xrpshz,2025-12-28T22:05:22.779Z,2026-08-04T15:48:34.855Z,TCNMEM14212,2,cmkujg98m00vnxw2ep9k36hoc
cmjqa2ti5019pxw8ysq96017b,2025-12-28T22:05:22.779Z,2026-08-04T15:48:34.866Z,TCNMEM14213,2,cmkujg98o00voxw2e2aivv48x
cmjqa2ti5019qxw8yp0t8wsqu,2025-12-28T22:05:22.779Z,2026-08-04T15:48:34.879Z,TCNMEM14214,2,cmkujg98p00vpxw2eknlbjtky
cmjqa2ti5019sxw8yb397qs61,2025-12-28T22:05:22.779Z,2026-08-04T15:48:34.890Z,TCNMEM14216,2,cmkujg98s00vrxw2eadgw04qb
cmjqa2ti5019txw8y8vy9mtdi,2025-12-28T22:05:22.779Z,2026-08-04T15:48:34.901Z,TCNMEM14217,2,cmkujg98t00vsxw2e9rygdh0p
cmjqa2ti5019uxw8ym4i5vagx,2025-12-28T22:05:22.779Z,2026-08-04T15:48:34.913Z,TCNMEM14218,2,cmkujg98v00vtxw2eievyv5nk
cmjqa2ti5019vxw8ycxnl120q,2025-12-28T22:05:22.779Z,2026-08-04T15:48:34.923Z,TCNMEM14219,2,cmkujg98w00vuxw2eomcqp0uv
cmjqa2ti5019xxw8y64sh2588,2025-12-28T22:05:22.779Z,2026-08-04T15:48:34.934Z,TCNMEM14221,2,cmkujg98z00vwxw2egwahaida
cmjqa2ti5019yxw8yabid0jp6,2025-12-28T22:05:22.779Z,2026-08-04T15:48:34.947Z,TCNMEM14222,2,cmkujg99100vxxw2e4jy793b0
cmjqa2ti5019zxw8yg18sla8f,2025-12-28T22:05:22.779Z,2026-08-04T15:48:34.958Z,TCNMEM14223,2,cmkujg99200vyxw2ec0wunl1e
cmjqa2ti501a1xw8yfei05yvk,2025-12-28T22:05:22.779Z,2026-08-04T15:48:34.970Z,TCNMEM14225,2,cmkujg99500w0xw2eok0a1bxa
cmjqa2ti501a2xw8yy4qm29vw,2025-12-28T22:05:22.779Z,2026-08-04T15:48:34.981Z,TCNMEM14226,2,cmkujg99600w1xw2exhnxu17g
cmjqa2ti501a3xw8ysy9aulsx,2025-12-28T22:05:22.779Z,2026-08-04T15:48:34.995Z,TCNMEM14227,2,cmkujg99800w2xw2e3lkvvsjw
cmjqa2ti501a4xw8ytg5pt46g,2025-12-28T22:05:22.779Z,2026-08-04T15:48:35.007Z,TCNMEM14228,2,cmkujg99900w3xw2eq62t8bri
cmjqa2ti501a5xw8ywz3e9n2p,2025-12-28T22:05:22.779Z,2026-08-04T15:48:35.022Z,TCNMEM14229,2,cmkujg99b00w4xw2esrt2un4s
cmjqa2ti501a6xw8yxvelygtr,2025-12-28T22:05:22.779Z,2026-08-04T15:48:35.032Z,TCNMEM14230,2,cmkujg99c00w5xw2ebcf9db39
cmjqa2ti501a8xw8yzbbvm3ja,2025-12-28T22:05:22.779Z,2026-08-04T15:48:35.043Z,TCNMEM14232,2,cmkujg99f00w7xw2ewal4myfe
cmjqa2ti501a9xw8yem9mfxd8,2025-12-28T22:05:22.779Z,2026-08-04T15:48:35.054Z,TCNMEM14233,2,cmkujg99h00w8xw2ea40fsffj
cmjqa2ti501aaxw8yg5rby5ow,2025-12-28T22:05:22.779Z,2026-08-04T15:48:35.069Z,TCNMEM14234,2,cmkujg99i00w9xw2e4cbxa7o5
cmjqa2ti501abxw8y2xfvdskw,2025-12-28T22:05:22.779Z,2026-08-04T15:48:35.079Z,TCNMEM14235,2,cmkujg99l00waxw2e614ow4jf
cmjqa2ti501acxw8y4ptum2gs,2025-12-28T22:05:22.779Z,2026-08-04T15:48:35.090Z,TCNMEM14236,2,cmkujg99o00wbxw2ej6iprcev
cmjqa2ti501adxw8yrp1ynkwh,2025-12-28T22:05:22.779Z,2026-08-04T15:48:35.101Z,TCNMEM14237,2,cmkujg99r00wcxw2epz8s6zna
cmjqa2ti601aexw8yjy0qhgu7,2025-12-28T22:05:22.779Z,2026-08-04T15:48:35.110Z,TCNMEM14238,2,cmkujg99u00wdxw2eebvot2w5
cmjqa2ti601afxw8yqaaaxz1r,2025-12-28T22:05:22.779Z,2026-08-04T15:48:35.118Z,TCNMEM14239,2,cmkujg99y00wexw2eltexv1o2
cmjqa2ti601agxw8yzp44a3e6,2025-12-28T22:05:22.779Z,2026-08-04T15:48:35.129Z,TCNMEM14240,2,cmkujg9a100wfxw2e7hs32ksb
cmjqa2ti601ahxw8y3l0jeiqw,2025-12-28T22:05:22.779Z,2026-08-04T15:48:35.140Z,TCNMEM14241,2,cmkujg9a400wgxw2evmj3tlpk
cmjqa2ti601aixw8yanzhhnkd,2025-12-28T22:05:22.779Z,2026-08-04T15:48:35.149Z,TCNMEM14242,2,cmkujg9a800whxw2e9m563xpe
cmjqa2ti601ajxw8yh784p6lm,2025-12-28T22:05:22.779Z,2026-08-04T15:48:35.158Z,TCNMEM14243,2,cmkujg9ab00wixw2ema2yd6jk
cmjqa2ti601akxw8yu0wmaqrj,2025-12-28T22:05:22.779Z,2026-08-04T15:48:35.166Z,TCNMEM14244,2,cmkujg9af00wjxw2eo6lrmxjv
cmjqa2ti601alxw8yvoaysbfy,2025-12-28T22:05:22.779Z,2026-08-04T15:48:35.177Z,TCNMEM14245,2,cmkujg9ai00wkxw2er3ksf56p
cmjqa2ti601amxw8yfucrztry,2025-12-28T22:05:22.779Z,2026-08-04T15:48:35.187Z,TCNMEM14246,2,cmkujg9am00wlxw2endjcwz2h
cmjqa2ti601anxw8y0lyksd7r,2025-12-28T22:05:22.779Z,2026-08-04T15:48:35.197Z,TCNMEM14247,2,cmkujg9ap00wmxw2e3p3m6a5y
cmjqa2ti601aoxw8yze7q9s14,2025-12-28T22:05:22.779Z,2026-08-04T15:48:35.206Z,TCNMEM14248,2,cmkujg9as00wnxw2e4utqszhc
cmjqa2ti601apxw8y4eozrqjd,2025-12-28T22:05:22.779Z,2026-08-04T15:48:35.217Z,TCNMEM14249,2,cmkujg9aw00woxw2eczre9903
cmjqa2ti601avxw8ydgemfrw5,2025-12-28T22:05:22.779Z,2026-08-04T15:48:35.228Z,TCNMEM14255,2,cmkujg9bh00wuxw2eeg8vjoqp
cmjqa2ti601awxw8yw4jy39gr,2025-12-28T22:05:22.779Z,2026-08-04T15:48:35.239Z,TCNMEM14256,2,cmkujg9bk00wvxw2e3ox6i1ty
cmjqa2ti601axxw8yzk8f9zmk,2025-12-28T22:05:22.779Z,2026-08-04T15:48:35.250Z,TCNMEM14257,2,cmkujg9bo00wwxw2erk59kdlv
cmjqa2ti601azxw8yuakcc00o,2025-12-28T22:05:22.779Z,2026-08-04T15:48:35.262Z,TCNMEM14259,2,cmkujg9bu00wyxw2ecrco2vh4
cmjqa2ti601b2xw8ydvnb12nf,2025-12-28T22:05:22.779Z,2026-08-04T15:48:35.273Z,TCNMEM14262,2,cmkujg9c500x1xw2etvhittbd
cmjqa2ti601b3xw8y5emibxbd,2025-12-28T22:05:22.779Z,2026-08-04T15:48:35.285Z,TCNMEM14263,2,cmkujg9c800x2xw2e0efabt5n
cmjqa2ti601b4xw8yao6czljb,2025-12-28T22:05:22.779Z,2026-08-04T15:48:35.295Z,TCNMEM14264,2,cmkujg9cb00x3xw2eruuymb9d
cmjqa2ti601b9xw8yloqu2rt6,2025-12-28T22:05:22.779Z,2026-08-04T15:48:35.304Z,TCNMEM14269,2,cmkujg9cs00x8xw2el5l9bhoj
cmjqa2ti601bbxw8yzz5l79sj,2025-12-28T22:05:22.779Z,2026-08-04T15:48:35.315Z,TCNMEM14271,2,cmkujg9cz00xaxw2ezqusyu9r
cmjqa2ti601bcxw8yr4sod3oq,2025-12-28T22:05:22.779Z,2026-08-04T15:48:35.327Z,TCNMEM14272,2,cmkujg9d300xbxw2e5s7731b2
cmjqa2ti601bgxw8yxi2kc7ma,2025-12-28T22:05:22.779Z,2026-08-04T15:48:35.337Z,TCNMEM14276,2,cmkujg9dg00xfxw2e5334ou7n
cmjqa2ti601bixw8y1u7xweff,2025-12-28T22:05:22.779Z,2026-08-04T15:48:35.346Z,TCNMEM14278,2,cmkujg9dn00xhxw2epysdfhx7
cmjqa2ti601bjxw8yno7ybae7,2025-12-28T22:05:22.779Z,2026-08-04T15:48:35.356Z,TCNMEM14279,2,cmkujg9dq00xixw2e2ur64g4p
cmjqa2ti601blxw8yifyrlbws,2025-12-28T22:05:22.779Z,2026-08-04T15:48:35.364Z,TCNMEM14281,2,cmkujg9dx00xkxw2el7e8t0q0
cmjqa2ti601bnxw8yv9txszej,2025-12-28T22:05:22.779Z,2026-08-04T15:48:35.373Z,TCNMEM14283,2,cmkujg9e400xmxw2ef2nggw2w
cmjqa2ti601boxw8y0xg1c6um,2025-12-28T22:05:22.779Z,2026-08-04T15:48:35.385Z,TCNMEM14284,2,cmkujg9e700xnxw2elhlaaw0i
cmjqa2ti601bpxw8yzlrlvv8d,2025-12-28T22:05:22.779Z,2026-08-04T15:48:35.398Z,TCNMEM14285,2,cmkujg9eb00xoxw2enljsn4md
cmjqa2ti601bqxw8yczn6hd8k,2025-12-28T22:05:22.779Z,2026-08-04T15:48:35.410Z,TCNMEM14286,2,cmkujg9ee00xpxw2e070bq609
cmjqa2ti601bsxw8ywwdm4dvx,2025-12-28T22:05:22.779Z,2026-08-04T15:48:35.421Z,TCNMEM14288,2,cmkujg9ek00xrxw2e2fb86eb0
cmjqa2ti601btxw8ye2r3n136,2025-12-28T22:05:22.779Z,2026-08-04T15:48:35.431Z,TCNMEM14289,2,cmkujg9eo00xsxw2e68gnogu6
cmjqa2ti601buxw8y2duhbgfk,2025-12-28T22:05:22.779Z,2026-08-04T15:48:35.442Z,TCNMEM14290,2,cmkujg9er00xtxw2e8bcdvuik
cmjqa2ti601bvxw8y4o7qfu7f,2025-12-28T22:05:22.779Z,2026-08-04T15:48:35.453Z,TCNMEM14291,2,cmkujg9ev00xuxw2etb4le3mq
cmjqa2ti601bxxw8ycdeswaqh,2025-12-28T22:05:22.779Z,2026-08-04T15:48:35.462Z,TCNMEM14293,2,cmkujg9f200xwxw2eswtunhep
cmjqa2ti601byxw8yuiiet7jk,2025-12-28T22:05:22.779Z,2026-08-04T15:48:35.470Z,TCNMEM14294,2,cmkujg9f500xxxw2e06xxfl88
cmjqa2ti601bzxw8yaa6b5wk5,2025-12-28T22:05:22.779Z,2026-08-04T15:48:35.480Z,TCNMEM14295,2,cmkujg9f900xyxw2eegz1jn71
cmjqa2ti601c0xw8yikvu75oz,2025-12-28T22:05:22.779Z,2026-08-04T15:48:35.488Z,TCNMEM14296,2,cmkujg9fc00xzxw2eng739n7c
cmjqa2ti601c2xw8y4z9fr2xn,2025-12-28T22:05:22.779Z,2026-08-04T15:48:35.496Z,TCNMEM14298,2,cmkujg9fj00y1xw2ek0p8crj5
cmjqa2ti601c3xw8yidbn3ia0,2025-12-28T22:05:22.779Z,2026-08-04T15:48:35.507Z,TCNMEM14299,2,cmkujg9fl00y2xw2e4cmhahww
cmjqa2ti601c4xw8yfnu6pd8g,2025-12-28T22:05:22.779Z,2026-08-04T15:48:35.517Z,TCNMEM14300,2,cmkujg9fo00y3xw2evhktgrct
cmjqa2ti601c5xw8yzhx403pz,2025-12-28T22:05:22.779Z,2026-08-04T15:48:35.528Z,TCNMEM14301,2,cmkujg9fq00y4xw2eb4bpp4wl
cmjqa2ti601c6xw8yft2yy8da,2025-12-28T22:05:22.779Z,2026-08-04T15:48:35.537Z,TCNMEM14302,2,cmkujg9fs00y5xw2edipim5oa
cmjqa2ti601c7xw8yaoxhds92,2025-12-28T22:05:22.779Z,2026-08-04T15:48:35.546Z,TCNMEM14303,2,cmkujg9fu00y6xw2e89dtydeb
cmjqa2ti601c8xw8yotjlspjp,2025-12-28T22:05:22.779Z,2026-08-04T15:48:35.555Z,TCNMEM14304,2,cmkujg9fv00y7xw2ehz29ikft
cmjqa2ti601c9xw8y48gla8lv,2025-12-28T22:05:22.779Z,2026-08-04T15:48:35.564Z,TCNMEM14305,2,cmkujg9fx00y8xw2eqn2bgcop
cmjqa2ti601caxw8y40vma79y,2025-12-28T22:05:22.779Z,2026-08-04T15:48:42.769Z,TCNMEM14306,2,cmkujg9fz00y9xw2eavwqgaw9
cmjqa2ti601cbxw8yito7wsuw,2025-12-28T22:05:22.779Z,2026-08-04T15:48:42.780Z,TCNMEM14307,2,cmkujg9g100yaxw2eskbvg6l3
cmjqa2ti601ccxw8ybin5j1af,2025-12-28T22:05:22.779Z,2026-08-04T15:48:42.789Z,TCNMEM14308,2,cmkujg9g300ybxw2e6g60b02j
cmjqa2ti601cexw8yqfdh9w8p,2025-12-28T22:05:22.779Z,2026-08-04T15:48:42.803Z,TCNMEM14310,2,cmkujg9g600ydxw2eyv3bhct8
cmjqa2ti601cfxw8y00218ux1,2025-12-28T22:05:22.779Z,2026-08-04T15:48:42.816Z,TCNMEM14311,2,cmkujg9g800yexw2ec88qzcb3
cmjqa2ti601chxw8yfbmya7ul,2025-12-28T22:05:22.779Z,2026-08-04T15:48:42.824Z,TCNMEM14313,2,cmkujg9gc00ygxw2es24nq69d
cmjqa2ti601ckxw8yfp5oiv05,2025-12-28T22:05:22.779Z,2026-08-04T15:48:42.833Z,TCNMEM14316,2,cmkujg9gh00yjxw2evycshx9v
cmjqa2ti601coxw8ykixvahwt,2025-12-28T22:05:22.779Z,2026-08-04T15:48:42.843Z,TCNMEM14320,2,cmkujg9go00ynxw2ebjbyw7ht
cmjqa2ti601crxw8yynznidm0,2025-12-28T22:05:22.779Z,2026-08-04T15:48:42.863Z,TCNMEM14323,2,cmkujg9gt00yqxw2em1ex8psy
cmjqa2ti601csxw8yv5zyjp4x,2025-12-28T22:05:22.779Z,2026-08-04T15:48:42.876Z,TCNMEM14324,2,cmkujg9gv00yrxw2ek5se702t
cmjqa2ti601cuxw8yy0867ff2,2025-12-28T22:05:22.779Z,2026-08-04T15:48:42.887Z,TCNMEM14326,2,cmkujg9gy00ytxw2eyy6djt8h
cmjqa2ti601cvxw8y0dl2oiwf,2025-12-28T22:05:22.779Z,2026-08-04T15:48:42.896Z,TCNMEM14327,2,cmkujg9h000yuxw2emmsb8929
cmjqa2ti701d0xw8yqxrs1zis,2025-12-28T22:05:22.779Z,2026-08-04T15:48:42.905Z,TCNMEM14332,2,cmkujg9h900yzxw2elaijt41z
cmjqa2ti701d5xw8yojon3f2m,2025-12-28T22:05:22.779Z,2026-08-04T15:48:42.914Z,TCNMEM14337,2,cmkujg9hh00z4xw2e572lr8ay
cmjqa2ti701d6xw8y68megb5d,2025-12-28T22:05:22.779Z,2026-08-04T15:48:42.925Z,TCNMEM14338,2,cmkujg9hj00z5xw2e1cvf69fg
cmjqa2ti701d7xw8y4qtr9l8x,2025-12-28T22:05:22.779Z,2026-08-04T15:48:42.935Z,TCNMEM14339,2,cmkujg9hl00z6xw2e5cq1oudq
cmjqa2ti701d9xw8yvn8ei765,2025-12-28T22:05:22.779Z,2026-08-04T15:48:42.946Z,TCNMEM14341,2,cmkujg9ho00z8xw2e9mkawzlc
cmjqa2ti701daxw8ygoxlmpxb,2025-12-28T22:05:22.779Z,2026-08-04T15:48:42.956Z,TCNMEM14342,2,cmkujg9hq00z9xw2eqpugpt7d
cmjqa2ti701dbxw8y0ctqcx7h,2025-12-28T22:05:22.779Z,2026-08-04T15:48:42.965Z,TCNMEM14343,2,cmkujg9hs00zaxw2en0uxknkh
cmjqa2ti701dcxw8ye7rs8y9d,2025-12-28T22:05:22.779Z,2026-08-04T15:48:42.975Z,TCNMEM14344,2,cmkujg9hv00zbxw2eonemj75k
cmjqa2ti701ddxw8y7f8ecgnk,2025-12-28T22:05:22.779Z,2026-08-04T15:48:42.986Z,TCNMEM14345,2,cmkujg9hx00zcxw2ez6vkcpae
cmjqa2ti701dexw8ycnagqqud,2025-12-28T22:05:22.779Z,2026-08-04T15:48:42.997Z,TCNMEM14346,2,cmkujg9hy00zdxw2ehyj16x82
cmjqa2ti701dfxw8yfgyrwqj0,2025-12-28T22:05:22.779Z,2026-08-04T15:48:43.009Z,TCNMEM14347,2,cmkujg9i000zexw2er9lnrpxe
cmjqa2ti701dgxw8y39kcoh7j,2025-12-28T22:05:22.779Z,2026-08-04T15:48:43.019Z,TCNMEM14348,2,cmkujg9i200zfxw2ea87rvyjl
cmjqa2ti701dhxw8ywmqfhjsi,2025-12-28T22:05:22.779Z,2026-08-04T15:48:43.031Z,TCNMEM14349,2,cmkujg9i400zgxw2ei5cl87tx
cmjqa2ti701dixw8yqo8xswna,2025-12-28T22:05:22.779Z,2026-08-04T15:48:43.040Z,TCNMEM14350,2,cmkujg9i500zhxw2exhfvjpe2
cmjqa2ti701djxw8yzzw7bve4,2025-12-28T22:05:22.779Z,2026-08-04T15:48:43.050Z,TCNMEM14351,2,cmkujg9i700zixw2eetk70kna
cmjqa2ti701dlxw8y02klvh6q,2025-12-28T22:05:22.779Z,2026-08-04T15:48:43.060Z,TCNMEM14353,2,cmkujg9ia00zkxw2ekba3pc8g
cmjqa2ti701dmxw8yo85rliuk,2025-12-28T22:05:22.779Z,2026-08-04T15:48:43.072Z,TCNMEM14354,2,cmkujg9ic00zlxw2em30bixck
cmjqa2ti701dpxw8yfs00vwts,2025-12-28T22:05:22.779Z,2026-08-04T15:48:43.083Z,TCNMEM14357,2,cmkujg9ih00zoxw2egwhsggq6
cmjqa2ti701dqxw8ylddxdmaj,2025-12-28T22:05:22.779Z,2026-08-04T15:48:43.093Z,TCNMEM14358,2,cmkujg9ii00zpxw2eg8ow6777
cmjqa2ti701drxw8yxc0f4z2i,2025-12-28T22:05:22.779Z,2026-08-04T15:48:43.102Z,TCNMEM14359,2,cmkujg9ik00zqxw2e8uqy7z0t
cmjqa2ti701dsxw8y7y58e0ez,2025-12-28T22:05:22.779Z,2026-08-04T15:48:43.111Z,TCNMEM14360,2,cmkujg9im00zrxw2e516ozncd
cmjqa2ti701dtxw8yofeymhju,2025-12-28T22:05:22.779Z,2026-08-04T15:48:43.120Z,TCNMEM14361,2,cmkujg9io00zsxw2ed0wh0kxs
cmjqa2ti701dvxw8ywljtbe88,2025-12-28T22:05:22.779Z,2026-08-04T15:48:43.132Z,TCNMEM14363,2,cmkujg9ir00zuxw2exa8qlqzi
cmjqa2ti701dwxw8yvx605u7v,2025-12-28T22:05:22.779Z,2026-08-04T15:48:43.142Z,TCNMEM14364,2,cmkujg9it00zvxw2e5953elo0
cmjqa2ti701dxxw8y62sq21pa,2025-12-28T22:05:22.779Z,2026-08-04T15:48:43.154Z,TCNMEM14365,2,cmkujg9iu00zwxw2eepkeflrb
cmjqa2ti701dyxw8y0seq3trx,2025-12-28T22:05:22.779Z,2026-08-04T15:48:43.167Z,TCNMEM14366,2,cmkujg9iw00zxxw2eqpn1a1u1
cmjqa2ti701dzxw8y1k49wqie,2025-12-28T22:05:22.779Z,2026-08-04T15:48:43.180Z,TCNMEM14367,2,cmkujg9iy00zyxw2e1m4khqf9
cmjqa2ti701e3xw8y4fhexgjc,2025-12-28T22:05:22.779Z,2026-08-04T15:48:43.193Z,TCNMEM14371,2,cmkujg9j50102xw2e0vndwefd
cmjqa2ti701e4xw8y7awmu6kn,2025-12-28T22:05:22.779Z,2026-08-04T15:48:43.203Z,TCNMEM14372,2,cmkujg9j60103xw2elmtklc6u
cmjqa2ti701e6xw8yvhoqbht4,2025-12-28T22:05:22.779Z,2026-08-04T15:48:43.212Z,TCNMEM14374,2,cmkujg9ja0105xw2e9kwxeein
cmjqa2ti701e7xw8ynfvp2qve,2025-12-28T22:05:22.779Z,2026-08-04T15:48:43.220Z,TCNMEM14375,2,cmkujg9jb0106xw2ef64y4eo6
cmjqa2ti701e8xw8y4mgd3pwd,2025-12-28T22:05:22.779Z,2026-08-04T15:48:43.230Z,TCNMEM14376,2,cmkujg9jd0107xw2emhbqmu1l
cmjqa2ti701e9xw8y9gbdu5nh,2025-12-28T22:05:22.779Z,2026-08-04T15:48:43.238Z,TCNMEM14377,2,cmkujg9jf0108xw2eghb00an5
cmjqa2ti701eaxw8ynqit7256,2025-12-28T22:05:22.779Z,2026-08-04T15:48:43.249Z,TCNMEM14378,2,cmkujg9jg0109xw2e4tw4x662
cmjqa2ti701ebxw8ydco1n9jp,2025-12-28T22:05:22.779Z,2026-08-04T15:48:43.263Z,TCNMEM14379,2,cmkujg9ji010axw2ehso0ob31
cmjqa2ti701ecxw8yz6xy7av7,2025-12-28T22:05:22.779Z,2026-08-04T15:48:43.274Z,TCNMEM14380,2,cmkujg9jk010bxw2e8pdqqtiq
cmjqa2ti701edxw8yxrby01ti,2025-12-28T22:05:22.779Z,2026-08-04T15:48:43.285Z,TCNMEM14381,2,cmkujg9jl010cxw2ex88bquqi
cmjqa2ti701eexw8y6r63ec61,2025-12-28T22:05:22.779Z,2026-08-04T15:48:43.293Z,TCNMEM14382,2,cmkujg9jn010dxw2e9pqvam1h
cmjqa2ti701egxw8yrn05p7ch,2025-12-28T22:05:22.779Z,2026-08-04T15:48:43.302Z,TCNMEM14384,2,cmkujg9jr010fxw2ekpe43vvi
cmjqa2ti701ehxw8y3oyoqq96,2025-12-28T22:05:22.779Z,2026-08-04T15:48:43.311Z,TCNMEM14385,2,cmkujg9js010gxw2ezg1nrotq
cmjqa2ti701eixw8ypkas6k0t,2025-12-28T22:05:22.779Z,2026-08-04T15:48:43.324Z,TCNMEM14386,2,cmkujg9ju010hxw2e73xoxj4s
cmjqa2ti701ejxw8y2oeos1sd,2025-12-28T22:05:22.779Z,2026-08-04T15:48:43.335Z,TCNMEM14387,2,cmkujg9jw010ixw2eun5ikvvp
cmjqa2ti701elxw8ynmfpnohn,2025-12-28T22:05:22.779Z,2026-08-04T15:48:43.345Z,TCNMEM14389,2,cmkujg9jz010kxw2eun9y3qoj
cmjqa2ti701emxw8y54x7dunh,2025-12-28T22:05:22.779Z,2026-08-04T15:48:43.355Z,TCNMEM14390,2,cmkujg9k1010lxw2e27pys5i2
cmjqa2ti701enxw8yqj2md2jj,2025-12-28T22:05:22.779Z,2026-08-04T15:48:43.368Z,TCNMEM14391,2,cmkujg9k2010mxw2e7rr7esdx
cmjqa2ti701epxw8ykvbaocbt,2025-12-28T22:05:22.779Z,2026-08-04T15:48:43.398Z,TCNMEM14393,2,cmkujg9k6010oxw2eyak25kv6
cmjqa2ti701erxw8y9iw14b1b,2025-12-28T22:05:22.779Z,2026-08-04T15:48:43.408Z,TCNMEM14395,2,cmkujg9k9010qxw2epf1sh2g9
cmjqa2ti701evxw8ywmdfemzp,2025-12-28T22:05:22.779Z,2026-08-04T15:48:43.417Z,TCNMEM14399,2,cmkujg9kg010uxw2e7ezinlk6
cmjqa2ti701ewxw8yjskjv6l8,2025-12-28T22:05:22.779Z,2026-08-04T15:48:43.428Z,TCNMEM14400,2,cmkujg9kh010vxw2equut8u9s
cmjqa2ti701exxw8yvzd4g0xz,2025-12-28T22:05:22.779Z,2026-08-04T15:48:43.438Z,TCNMEM14401,2,cmkujg9kj010wxw2egk7f6jcr
cmjqa2ti701eyxw8yvvudlubj,2025-12-28T22:05:22.779Z,2026-08-04T15:48:43.448Z,TCNMEM14402,2,cmkujg9kl010xxw2e97v0geyb
cmjqa2ti701ezxw8y1wb7ru2n,2025-12-28T22:05:22.779Z,2026-08-04T15:48:43.459Z,TCNMEM14403,2,cmkujg9km010yxw2ebko1y6vi
cmjqa2ti701f0xw8yog2nbibf,2025-12-28T22:05:22.779Z,2026-08-04T15:48:43.469Z,TCNMEM14404,2,cmkujg9ko010zxw2ew0mkiqwj
cmjqa2ti701f1xw8yxxkvz8h8,2025-12-28T22:05:22.779Z,2026-08-04T15:48:43.479Z,TCNMEM14405,2,cmkujg9kq0110xw2eeawk2yd8
cmjqa2ti701f2xw8y2kssebyl,2025-12-28T22:05:22.779Z,2026-08-04T15:48:43.490Z,TCNMEM14406,2,cmkujg9kr0111xw2eaihnsqvv
cmjqa2ti701f3xw8y4s7y5k73,2025-12-28T22:05:22.779Z,2026-08-04T15:48:43.501Z,TCNMEM14407,2,cmkujg9kt0112xw2elu4zwfjc
cmjqa2ti701f4xw8yq8x0mi4n,2025-12-28T22:05:22.779Z,2026-08-04T15:48:43.513Z,TCNMEM14408,2,cmkujg9kv0113xw2eq4wsne63
cmjqa2ti701f6xw8yvuhrkv4o,2025-12-28T22:05:22.779Z,2026-08-04T15:48:43.523Z,TCNMEM14410,2,cmkujg9ky0115xw2epap1sj53
cmjqa2ti701f7xw8y574xebud,2025-12-28T22:05:22.779Z,2026-08-04T15:48:43.532Z,TCNMEM14411,2,cmkujg9kz0116xw2eeeh0864k
cmjqa2ti701f9xw8ym6837nt3,2025-12-28T22:05:22.779Z,2026-08-04T15:48:43.544Z,TCNMEM14413,2,cmkujg9l30118xw2eax0k3k5c
cmjqa2ti701faxw8ybftywjgs,2025-12-28T22:05:22.779Z,2026-08-04T15:48:43.555Z,TCNMEM14414,2,cmkujg9l40119xw2e8tavntog
cmjqa2ti701fbxw8ys874itv4,2025-12-28T22:05:22.779Z,2026-08-04T15:48:43.565Z,TCNMEM14415,2,cmkujg9l6011axw2egbodzxjm
cmjqa2ti701fcxw8yc8a8he3w,2025-12-28T22:05:22.779Z,2026-08-04T15:48:43.574Z,TCNMEM14416,2,cmkujg9l8011bxw2ervr9m5ma
cmjqa2ti701fdxw8yl1yhzk8x,2025-12-28T22:05:22.779Z,2026-08-04T15:48:43.586Z,TCNMEM14417,2,cmkujg9l9011cxw2efpdvlfmd
cmjqa2ti701fexw8yd2xba8ph,2025-12-28T22:05:22.779Z,2026-08-04T15:48:43.596Z,TCNMEM14418,2,cmkujg9lb011dxw2esdsmbvi6
cmjqa2ti801fgxw8yqp9qhtja,2025-12-28T22:05:22.779Z,2026-08-04T15:48:43.607Z,TCNMEM14420,2,cmkujg9le011fxw2ei0lj4jei
cmjqa2ti801fixw8yem021p93,2025-12-28T22:05:22.779Z,2026-08-04T15:48:43.622Z,TCNMEM14422,2,cmkujg9li011hxw2ej9fr0bea
cmjqa2ti801fkxw8ywd15rjlq,2025-12-28T22:05:22.779Z,2026-08-04T15:48:43.632Z,TCNMEM14424,2,cmkujg9ll011jxw2e3gm8m93k
cmjqa2ti801flxw8ynkwqquyc,2025-12-28T22:05:22.779Z,2026-08-04T15:48:43.645Z,TCNMEM14425,2,cmkujg9ln011kxw2er1fr3uw6
cmjqa2ti801fnxw8yz5isq3ht,2025-12-28T22:05:22.779Z,2026-08-04T15:48:43.656Z,TCNMEM14427,2,cmkujg9lq011mxw2e6o4311fw
cmjqa2ti801foxw8ycwk8dt5k,2025-12-28T22:05:22.779Z,2026-08-04T15:48:43.666Z,TCNMEM14428,2,cmkujg9ls011nxw2ere5q96sg
cmjqa2ti801fpxw8yywkk9ft4,2025-12-28T22:05:22.779Z,2026-08-04T15:48:43.675Z,TCNMEM14429,2,cmkujg9lu011oxw2er3xnkoj3
cmjqa2ti801fqxw8ysth3rqi8,2025-12-28T22:05:22.779Z,2026-08-04T15:48:43.686Z,TCNMEM14430,2,cmkujg9lw011pxw2eglnnglt6
cmjqa2ti801frxw8yzxsmsoy3,2025-12-28T22:05:22.779Z,2026-08-04T15:48:43.696Z,TCNMEM14431,2,cmkujg9lx011qxw2e3iocbbg4
cmjqa2ti801fsxw8y0dg3rlgt,2025-12-28T22:05:22.779Z,2026-08-04T15:48:43.708Z,TCNMEM14432,2,cmkujg9lz011rxw2eylp2d6le
cmjqa2ti801ftxw8ykt9t0tlw,2025-12-28T22:05:22.779Z,2026-08-04T15:48:43.718Z,TCNMEM14433,2,cmkujg9m1011sxw2er4s1011p
cmjqa2ti801fuxw8ynkww5yjv,2025-12-28T22:05:22.779Z,2026-08-04T15:48:43.729Z,TCNMEM14434,2,cmkujg9m2011txw2ejg5hrhsy
cmjqa2ti801fwxw8yg7b08btd,2025-12-28T22:05:22.779Z,2026-08-04T15:48:43.738Z,TCNMEM14436,2,cmkujg9m6011vxw2ekgc52qt4
cmjqa2ti801fyxw8yr5i8g2df,2025-12-28T22:05:22.779Z,2026-08-04T15:48:43.747Z,TCNMEM14438,2,cmkujg9m9011xxw2efkhnlpvt
cmjqa2ti801g0xw8yfvygqfvu,2025-12-28T22:05:22.779Z,2026-08-04T15:48:43.756Z,TCNMEM14440,2,cmkujg9mc011zxw2e4zxjexex
cmjqa2ti801g1xw8yf2khgdmy,2025-12-28T22:05:22.779Z,2026-08-04T15:48:43.770Z,TCNMEM14441,2,cmkujg9me0120xw2e78t3pan2
cmjqa2ti801g2xw8y1u9f9zdk,2025-12-28T22:05:22.779Z,2026-08-04T15:48:43.780Z,TCNMEM14442,2,cmkujg9mg0121xw2elz6ly4b3
cmjqa2ti801g5xw8yoyfpf5b6,2025-12-28T22:05:22.779Z,2026-08-04T15:48:43.789Z,TCNMEM14445,2,cmkujg9ml0124xw2e3hr80pf3
cmjqa2ti801g6xw8y6r6eudzy,2025-12-28T22:05:22.779Z,2026-08-04T15:48:43.799Z,TCNMEM14446,2,cmkujg9mm0125xw2eqh9afkme
cmjqa2ti801g7xw8yrnj7rzf0,2025-12-28T22:05:22.779Z,2026-08-04T15:48:43.808Z,TCNMEM14447,2,cmkujg9mo0126xw2ea1uu6tzm
cmjqa2ti801gaxw8yr3pju3hy,2025-12-28T22:05:22.779Z,2026-08-04T15:48:43.817Z,TCNMEM14450,2,cmkujg9mt0129xw2eqt066fu3
cmjqa2ti801gbxw8yoovdac8u,2025-12-28T22:05:22.779Z,2026-08-04T15:48:43.826Z,TCNMEM14451,2,cmkujg9mv012axw2e0p46bskk
cmjqa2ti801gcxw8ymyjat8tg,2025-12-28T22:05:22.779Z,2026-08-04T15:48:43.837Z,TCNMEM14452,2,cmkujg9mw012bxw2e5lg971b4
cmjqa2ti801gexw8y31us3tvx,2025-12-28T22:05:22.779Z,2026-08-04T15:48:51.142Z,TCNMEM14454,2,cmkujg9n0012dxw2e76pop09v
cmjqa2ti801ggxw8yxengnnwq,2025-12-28T22:05:22.779Z,2026-08-04T15:48:51.153Z,TCNMEM14456,2,cmkujg9n3012fxw2ejjl523o0
cmjqa2ti801ghxw8yzrbovba1,2025-12-28T22:05:22.779Z,2026-08-04T15:48:51.164Z,TCNMEM14457,2,cmkujg9n5012gxw2e2h14zfx8
cmjqa2ti801gixw8ym0g6xlgy,2025-12-28T22:05:22.779Z,2026-08-04T15:48:51.174Z,TCNMEM14458,2,cmkujg9n6012hxw2e57mdqec3
cmjqa2ti801gjxw8yyd1u1bc8,2025-12-28T22:05:22.779Z,2026-08-04T15:48:51.186Z,TCNMEM14459,2,cmkujg9n8012ixw2eiqqst9mc
cmjqa2ti801gkxw8y084newr1,2025-12-28T22:05:22.779Z,2026-08-04T15:48:51.199Z,TCNMEM14460,2,cmkujg9na012jxw2edhnq0e78
cmjqa2ti801glxw8ycfulvh8o,2025-12-28T22:05:22.779Z,2026-08-04T15:48:51.216Z,TCNMEM14461,2,cmkujg9nb012kxw2e6k8vy25c
cmjqa2ti801gmxw8yhbgcrouy,2025-12-28T22:05:22.779Z,2026-08-04T15:48:51.235Z,TCNMEM14462,2,cmkujg9nd012lxw2er3pcmdps
cmjqa2ti801goxw8y9ld1jj10,2025-12-28T22:05:22.779Z,2026-08-04T15:48:51.245Z,TCNMEM14464,2,cmkujg9ng012nxw2etgfh2gmi
cmjqa2ti801gqxw8yyntoez74,2025-12-28T22:05:22.779Z,2026-08-04T15:48:51.257Z,TCNMEM14466,2,cmkujg9nk012pxw2ejmrrbq8d
cmjqa2ti801gtxw8ypfcvuy0d,2025-12-28T22:05:22.779Z,2026-08-04T15:48:51.270Z,TCNMEM14469,2,cmkujg9np012sxw2ei0ximqdf
cmjqa2ti801guxw8yvybyypbg,2025-12-28T22:05:22.779Z,2026-08-04T15:48:51.290Z,TCNMEM14470,2,cmkujg9nq012txw2eeykf6c6l
cmjqa2ti801gxxw8y9nzhlrhi,2025-12-28T22:05:22.779Z,2026-08-04T15:48:51.300Z,TCNMEM14473,2,cmkujg9nv012wxw2e8ljvi3l8
cmjqa2ti801gyxw8y50h1irf6,2025-12-28T22:05:22.779Z,2026-08-04T15:48:51.309Z,TCNMEM14474,2,cmkujg9nx012xxw2ejybk3y5p
cmjqa2ti801gzxw8yjmpptijg,2025-12-28T22:05:22.779Z,2026-08-04T15:48:51.321Z,TCNMEM14475,2,cmkujg9nz012yxw2euy032797
cmjqa2ti801h0xw8y1m1w4990,2025-12-28T22:05:22.779Z,2026-08-04T15:48:51.331Z,TCNMEM14476,2,cmkujg9o0012zxw2es4tli7vh
cmjqa2ti801h1xw8yf9amhdy3,2025-12-28T22:05:22.779Z,2026-08-04T15:48:51.342Z,TCNMEM14477,2,cmkujg9o20130xw2ec84nbyr7
cmjqa2ti801h2xw8yvdzzfrto,2025-12-28T22:05:22.779Z,2026-08-04T15:48:51.350Z,TCNMEM14478,2,cmkujg9o30131xw2e75sy5zmp
cmjqa2ti801h3xw8y3d36rvk2,2025-12-28T22:05:22.779Z,2026-08-04T15:48:51.360Z,TCNMEM14479,2,cmkujg9o50132xw2eijya03ft
cmjqa2ti801h5xw8ydyasqk23,2025-12-28T22:05:22.779Z,2026-08-04T15:48:51.370Z,TCNMEM14481,2,cmkujg9o80134xw2ege6tarvp
cmjqa2ti801h6xw8y9mf8ctib,2025-12-28T22:05:22.779Z,2026-08-04T15:48:51.382Z,TCNMEM14482,2,cmkujg9oa0135xw2ekadcqiox
cmjqa2ti801h7xw8y6tpw061y,2025-12-28T22:05:22.779Z,2026-08-04T15:48:51.394Z,TCNMEM14483,2,cmkujg9oc0136xw2ezh7b2vlh
cmjqa2ti801h9xw8yshgqjj0l,2025-12-28T22:05:22.779Z,2026-08-04T15:48:51.404Z,TCNMEM14485,2,cmkujg9of0138xw2e16ijhjha
cmjqa2ti801haxw8ypqu8otyi,2025-12-28T22:05:22.779Z,2026-08-04T15:48:51.412Z,TCNMEM14486,2,cmkujg9oh0139xw2eh8qq4xka
cmjqa2ti801hbxw8y10f8rs9r,2025-12-28T22:05:22.779Z,2026-08-04T15:48:51.420Z,TCNMEM14487,2,cmkujg9oj013axw2e3xczdfb0
cmjqa2ti801hcxw8y9fs7mirv,2025-12-28T22:05:22.779Z,2026-08-04T15:48:51.428Z,TCNMEM14488,2,cmkujg9ol013bxw2ev40p1lhg
cmjqa2ti801hdxw8yywnbav08,2025-12-28T22:05:22.779Z,2026-08-04T15:48:51.437Z,TCNMEM14489,2,cmkujg9om013cxw2em2883w8u
cmjqa2ti801hexw8y22ubh7xj,2025-12-28T22:05:22.779Z,2026-08-04T15:48:51.448Z,TCNMEM14490,2,cmkujg9oo013dxw2eti5im46s
cmjqa2ti801hfxw8yjxo94pxk,2025-12-28T22:05:22.779Z,2026-08-04T15:48:51.458Z,TCNMEM14491,2,cmkujg9oq013exw2ehdp99yys
cmjqa2ti801hhxw8yiq53xu2b,2025-12-28T22:05:22.779Z,2026-08-04T15:48:51.475Z,TCNMEM14493,2,cmkujg9ot013gxw2e16umk8aw
cmjqa2ti801hkxw8yydb30b1q,2025-12-28T22:05:22.779Z,2026-08-04T15:48:51.484Z,TCNMEM14496,2,cmkujg9oy013jxw2e9p6vghu4
cmjqa2ti801hlxw8yxeugw6or,2025-12-28T22:05:22.779Z,2026-08-04T15:48:51.494Z,TCNMEM14497,2,cmkujg9p0013kxw2e6ixl7lwi
cmjqa2ti801hmxw8yehpmz29m,2025-12-28T22:05:22.779Z,2026-08-04T15:48:51.506Z,TCNMEM14498,2,cmkujg9p1013lxw2e55g4lrq8
cmjqa2ti801hnxw8y7vbuvt7s,2025-12-28T22:05:22.779Z,2026-08-04T15:48:51.517Z,TCNMEM14499,2,cmkujg9p3013mxw2e0m2won1u
cmjqa2ti801hoxw8ysrjlf5zh,2025-12-28T22:05:22.779Z,2026-08-04T15:48:51.528Z,TCNMEM14500,2,cmkujg9p5013nxw2ez7zlh4wq
cmjqa2ti801hpxw8ye00cxq58,2025-12-28T22:05:22.779Z,2026-08-04T15:48:51.538Z,TCNMEM14501,2,cmkujg9p6013oxw2essmcf7c4
cmjqa2ti801hqxw8yap9tgnwe,2025-12-28T22:05:22.779Z,2026-08-04T15:48:51.548Z,TCNMEM14502,2,cmkujg9p8013pxw2eqlmyzczy
cmjqa2ti801hrxw8yduxd3i48,2025-12-28T22:05:22.779Z,2026-08-04T15:48:51.557Z,TCNMEM14503,2,cmkujg9pa013qxw2erivmbcwx
cmjqa2ti801huxw8ybfxjhois,2025-12-28T22:05:22.779Z,2026-08-04T15:48:51.570Z,TCNMEM14506,2,cmkujg9pf013txw2etjggnlt3
cmjqa2ti801hvxw8yxm62y8qp,2025-12-28T22:05:22.779Z,2026-08-04T15:48:51.580Z,TCNMEM14507,2,cmkujg9pg013uxw2ezu4zwj2d
cmjqa2ti801hwxw8ykwd15i6e,2025-12-28T22:05:22.779Z,2026-08-04T15:48:51.589Z,TCNMEM14508,2,cmkujg9pi013vxw2eti8mabt8
cmjqa2ti801hxxw8yao1zsypt,2025-12-28T22:05:22.779Z,2026-08-04T15:48:51.598Z,TCNMEM14509,2,cmkujg9pk013wxw2e433v4g74
cmjqa2ti901hyxw8yu8yf432h,2025-12-28T22:05:22.779Z,2026-08-04T15:48:51.605Z,TCNMEM14510,2,cmkujg9pl013xxw2ef4r94pxw
cmjqa2ti901i0xw8ypdl63u1p,2025-12-28T22:05:22.779Z,2026-08-04T15:48:51.614Z,TCNMEM14512,2,cmkujg9pp013zxw2erez65uo6
cmjqa2ti901i1xw8yy533u4z1,2025-12-28T22:05:22.779Z,2026-08-04T15:48:51.624Z,TCNMEM14513,2,cmkujg9pq0140xw2eskyf3gl4
cmjqa2ti901i2xw8yuo4hwnir,2025-12-28T22:05:22.779Z,2026-08-04T15:48:51.634Z,TCNMEM14514,2,cmkujg9ps0141xw2exvkiczxs
cmjqa2ti901i3xw8yjcb7em0g,2025-12-28T22:05:22.779Z,2026-08-04T15:48:51.644Z,TCNMEM14515,2,cmkujg9pt0142xw2emgkfu2y3
cmjqa2ti901i4xw8y43i6txzt,2025-12-28T22:05:22.779Z,2026-08-04T15:48:51.653Z,TCNMEM14516,2,cmkujg9pv0143xw2ec3fr8v3j
cmjqa2ti901i5xw8yb5zvfvf4,2025-12-28T22:05:22.779Z,2026-08-04T15:48:51.662Z,TCNMEM14517,2,cmkujg9px0144xw2efob16h0e
cmjqa2ti901i6xw8yoaga6g7v,2025-12-28T22:05:22.779Z,2026-08-04T15:48:51.670Z,TCNMEM14518,2,cmkujg9py0145xw2ejo17fg2y
cmjqa2ti901i7xw8ynb1gzzms,2025-12-28T22:05:22.779Z,2026-08-04T15:48:51.678Z,TCNMEM14519,2,cmkujg9q00146xw2ep50u45nc
cmjqa2ti901i8xw8ymktpap4b,2025-12-28T22:05:22.779Z,2026-08-04T15:48:51.687Z,TCNMEM14520,2,cmkujg9q20147xw2eaykcsl8j
cmjqa2ti901i9xw8ynbawe0wz,2025-12-28T22:05:22.779Z,2026-08-04T15:48:51.697Z,TCNMEM14521,2,cmkujg9q40148xw2e5fxhkzje
cmjqa2ti901iaxw8yw4d44d29,2025-12-28T22:05:22.779Z,2026-08-04T15:48:51.707Z,TCNMEM14522,2,cmkujg9q50149xw2el82tl50n
cmjqa2ti901ibxw8ye1czkwk7,2025-12-28T22:05:22.779Z,2026-08-04T15:48:51.715Z,TCNMEM14523,2,cmkujg9q7014axw2ej3vmv4lw
cmjqa2ti901icxw8yl72vsbfo,2025-12-28T22:05:22.779Z,2026-08-04T15:48:51.723Z,TCNMEM14524,2,cmkujg9q9014bxw2etvau6d73
cmjqa2ti901idxw8ywy8nj73j,2025-12-28T22:05:22.779Z,2026-08-04T15:48:51.731Z,TCNMEM14525,2,cmkujg9qa014cxw2eomwpumfz
cmjqa2ti901iexw8y19lxn7rm,2025-12-28T22:05:22.779Z,2026-08-04T15:48:51.740Z,TCNMEM14526,2,cmkujg9qc014dxw2e94iadz4y
cmjqa2ti901ifxw8y8xqii7v3,2025-12-28T22:05:22.779Z,2026-08-04T15:48:51.749Z,TCNMEM14527,2,cmkujg9qe014exw2elzg2pnoc
cmjqa2ti901igxw8yaysxg1sw,2025-12-28T22:05:22.779Z,2026-08-04T15:48:51.758Z,TCNMEM14528,2,cmkujg9qg014fxw2e3nc7zie2
cmjqa2ti901ihxw8ywdph69oa,2025-12-28T22:05:22.779Z,2026-08-04T15:48:51.767Z,TCNMEM14529,2,cmkujg9qh014gxw2euky5s1ox
cmjqa2ti901iixw8yn1zhhurr,2025-12-28T22:05:22.779Z,2026-08-04T15:48:51.778Z,TCNMEM14530,2,cmkujg9qj014hxw2eueb96e2u
cmjqa2ti901ijxw8ylbp1lx8x,2025-12-28T22:05:22.779Z,2026-08-04T15:48:51.788Z,TCNMEM14531,2,cmkujg9qk014ixw2e24ai0p7x
cmjqa2ti901ikxw8y4ytjwxxr,2025-12-28T22:05:22.779Z,2026-08-04T15:48:51.797Z,TCNMEM14532,2,cmkujg9qm014jxw2e035y678r
cmjqa2ti901ilxw8yrcr3gg6i,2025-12-28T22:05:22.779Z,2026-08-04T15:48:51.807Z,TCNMEM14533,2,cmkujg9qo014kxw2e5dnokty1
cmjqa2ti901imxw8ydoihii4c,2025-12-28T22:05:22.779Z,2026-08-04T15:48:51.817Z,TCNMEM14534,2,cmkujg9qp014lxw2ehgxb1o0w
cmjqa2ti901inxw8yl9a0dd9f,2025-12-28T22:05:22.779Z,2026-08-04T15:48:51.829Z,TCNMEM14535,2,cmkujg9qr014mxw2eckxp5ebq
cmjqa2ti901ipxw8yvf2t49qa,2025-12-28T22:05:22.779Z,2026-08-04T15:48:51.839Z,TCNMEM14537,2,cmkujg9qu014oxw2eslcdtwcr
cmjqa2ti901iqxw8yrsgoo2pi,2025-12-28T22:05:22.779Z,2026-08-04T15:48:51.850Z,TCNMEM14538,2,cmkujg9qw014pxw2esxnv23c7
cmjqa2ti901irxw8y3m9ks06p,2025-12-28T22:05:22.779Z,2026-08-04T15:48:51.860Z,TCNMEM14539,2,cmkujg9qy014qxw2eowf1eej3
cmjqa2ti901isxw8y0gy1mu1z,2025-12-28T22:05:22.779Z,2026-08-04T15:48:51.869Z,TCNMEM14540,2,cmkujg9qz014rxw2ednzg7uog
cmjqa2ti901iuxw8ykxflx00f,2025-12-28T22:05:22.779Z,2026-08-04T15:48:51.880Z,TCNMEM14542,2,cmkujg9r3014txw2eggrxoagv
cmjqa2ti901ivxw8yrrqqnu8m,2025-12-28T22:05:22.779Z,2026-08-04T15:48:51.890Z,TCNMEM14543,2,cmkujg9r4014uxw2e9ksurc0p
cmjqa2ti901iwxw8ywxsm7mv8,2025-12-28T22:05:22.779Z,2026-08-04T15:48:51.900Z,TCNMEM14544,2,cmkujg9r6014vxw2ee363nqm8
cmjqa2ti901ixxw8ygi1xf3zc,2025-12-28T22:05:22.779Z,2026-08-04T15:48:51.911Z,TCNMEM14545,2,cmkujg9r8014wxw2erhfeuza7
cmjqa2ti901iyxw8yosbismua,2025-12-28T22:05:22.779Z,2026-08-04T15:48:51.921Z,TCNMEM14546,2,cmkujg9r9014xxw2eooynvnc3
cmjqa2ti901j0xw8ygk39lyc4,2025-12-28T22:05:22.779Z,2026-08-04T15:48:51.932Z,TCNMEM14548,2,cmkujg9rd014zxw2edqpmtf62
cmjqa2ti901j1xw8yo17w7a61,2025-12-28T22:05:22.779Z,2026-08-04T15:48:51.941Z,TCNMEM14549,2,cmkujg9re0150xw2e4jno6xg2
cmjqa2ti901j7xw8yr8amc4a0,2025-12-28T22:05:22.779Z,2026-08-04T15:48:51.950Z,TCNMEM14555,2,cmkujg9ro0156xw2eaway09kz
cmjqa2ti901j9xw8y5at0o0uo,2025-12-28T22:05:22.779Z,2026-08-04T15:48:51.962Z,TCNMEM14557,2,cmkujg9rs0158xw2e3mj9m3lf
cmjqa2ti901jaxw8yjdsnhg93,2025-12-28T22:05:22.779Z,2026-08-04T15:48:51.971Z,TCNMEM14558,2,cmkujg9ru0159xw2essu3b2kh
cmjqa2ti901jhxw8yofpuvb4i,2025-12-28T22:05:22.779Z,2026-08-04T15:48:51.981Z,TCNMEM14565,2,cmkujg9s5015gxw2ee7gbucn5
cmjqa2ti901jixw8yj5cc1g1p,2025-12-28T22:05:22.779Z,2026-08-04T15:48:51.989Z,TCNMEM14566,2,cmkujg9s7015hxw2efbc2ghem
cmjqa2ti901jjxw8ybl7kijt9,2025-12-28T22:05:22.779Z,2026-08-04T15:48:51.998Z,TCNMEM14567,2,cmkujg9s9015ixw2eendu3ss2
cmjqa2ti901jkxw8y1x4hh8f6,2025-12-28T22:05:22.779Z,2026-08-04T15:48:52.007Z,TCNMEM14568,2,cmkujg9sa015jxw2emw2pvmtm
cmjqa2ti901jlxw8ydj4hjk0l,2025-12-28T22:05:22.779Z,2026-08-04T15:48:52.016Z,TCNMEM14569,2,cmkujg9sc015kxw2e0okay294
cmjqa2tiq01jnxw8ytlyq8ga9,2025-12-28T22:05:22.803Z,2026-08-04T15:48:52.026Z,TCNMEM14571,2,cmkujg9sf015mxw2e6e62h605
cmjqa2tj001jpxw8y6q8po1mp,2025-12-28T22:05:22.812Z,2026-08-04T15:48:52.037Z,TCNMEM14573,2,cmkujg9sj015oxw2eu042bafp
cmjqa2tj001jqxw8yn9k42x5y,2025-12-28T22:05:22.812Z,2026-08-04T15:48:52.047Z,TCNMEM14574,2,cmkujg9sl015pxw2e1pdvstnw
cmjqa2tj101juxw8yf9553ckm,2025-12-28T22:05:22.812Z,2026-08-04T15:48:52.055Z,TCNMEM14578,2,cmkujg9sw015txw2ek0naylmy
cmjqa2tj101jvxw8y6mi0h82p,2025-12-28T22:05:22.812Z,2026-08-04T15:48:52.063Z,TCNMEM14579,2,cmkujg9sy015uxw2edxfcqn4f
cmjqa2tj101jwxw8y0kxydczw,2025-12-28T22:05:22.812Z,2026-08-04T15:48:52.071Z,TCNMEM14580,2,cmkujg9t0015vxw2efgbp6yfm
cmjqa2tj101jxxw8y97z0uxym,2025-12-28T22:05:22.812Z,2026-08-04T15:48:52.082Z,TCNMEM14581,2,cmkujg9t1015wxw2e50v1uzit
cmjqa2tj101jyxw8y3stdztgk,2025-12-28T22:05:22.812Z,2026-08-04T15:48:52.093Z,TCNMEM14582,2,cmkujg9t3015xxw2extdoyc2g
cmjqa2tj101k0xw8yrljm2zhj,2025-12-28T22:05:22.812Z,2026-08-04T15:48:52.101Z,TCNMEM14584,2,cmkujg9t7015zxw2e7xot4ctn
cmjqa2tj101k1xw8y3xryhd4j,2025-12-28T22:05:22.812Z,2026-08-04T15:48:52.110Z,TCNMEM14585,2,cmkujg9t80160xw2ez49kijq1
cmjqa2tj101k2xw8y9f3ymjm2,2025-12-28T22:05:22.812Z,2026-08-04T15:48:52.119Z,TCNMEM14586,2,cmkujg9ta0161xw2eyd0i9oyq
cmjqa2tj101k3xw8yrqxhzwug,2025-12-28T22:05:22.812Z,2026-08-04T15:48:52.129Z,TCNMEM14587,2,cmkujg9tc0162xw2eoudw3n3o
cmjqa2tj101k4xw8y775w54fs,2025-12-28T22:05:22.812Z,2026-08-04T15:48:52.137Z,TCNMEM14588,2,cmkujg9te0163xw2eg1qbmbu7
cmjqa2tj101k7xw8ynzklhsvz,2025-12-28T22:05:22.812Z,2026-08-04T15:48:52.146Z,TCNMEM14591,2,cmkujg9tj0166xw2ei83ltsk3
cmjqa2tj101k8xw8yg85tpky4,2025-12-28T22:05:22.812Z,2026-08-04T15:48:59.688Z,TCNMEM14592,2,cmkujg9tl0167xw2eo7akdhj6
cmjqa2tj101k9xw8y6h5pnn20,2025-12-28T22:05:22.812Z,2026-08-04T15:48:59.698Z,TCNMEM14593,2,cmkujg9tm0168xw2e4vlg6z1h
cmjqa2tj101kaxw8yfkogw613,2025-12-28T22:05:22.812Z,2026-08-04T15:48:59.708Z,TCNMEM14594,2,cmkujg9to0169xw2eo32s82gr
cmjqa2tj101kbxw8yrqp4ji8a,2025-12-28T22:05:22.812Z,2026-08-04T15:48:59.716Z,TCNMEM14595,2,cmkujg9tq016axw2egu3sbk7b
cmjqa2tj101kcxw8ypcjhy2ss,2025-12-28T22:05:22.812Z,2026-08-04T15:48:59.724Z,TCNMEM14596,2,cmkujg9tr016bxw2e3oc8f9bl
cmjqa2tj101kdxw8y0nfd1j2l,2025-12-28T22:05:22.812Z,2026-08-04T15:48:59.733Z,TCNMEM14597,2,cmkujg9tt016cxw2er0bh98iy
cmjqa2tj101kexw8yjz71tfg7,2025-12-28T22:05:22.812Z,2026-08-04T15:48:59.741Z,TCNMEM14598,2,cmkujg9tv016dxw2eh8rjxicl
cmjqa2tj101kfxw8y3vex9h49,2025-12-28T22:05:22.812Z,2026-08-04T15:48:59.750Z,TCNMEM14599,2,cmkujg9tx016exw2erxexlpe6
cmjqa2tj101kgxw8yh3dztbcz,2025-12-28T22:05:22.812Z,2026-08-04T15:48:59.759Z,TCNMEM14600,2,cmkujg9tz016fxw2egr9p4q4v
cmjqa2tj101kixw8y5hc4cmm5,2025-12-28T22:05:22.812Z,2026-08-04T15:48:59.770Z,TCNMEM14602,2,cmkujg9u2016hxw2ehpgml3na
cmjqa2tj101kjxw8yvyq6gc5q,2025-12-28T22:05:22.812Z,2026-08-04T15:48:59.779Z,TCNMEM14603,2,cmkujg9u4016ixw2e44nphq62
cmjqa2tj101klxw8ybp7l91ki,2025-12-28T22:05:22.812Z,2026-08-04T15:48:59.789Z,TCNMEM14605,2,cmkujg9u7016kxw2e0mbfu2gq
cmjqa2tj101kmxw8ykwitm8k8,2025-12-28T22:05:22.812Z,2026-08-04T15:48:59.798Z,TCNMEM14606,2,cmkujg9u9016lxw2ewm12t5wb
cmjqa2tj101knxw8y3y6q0kcs,2025-12-28T22:05:22.812Z,2026-08-04T15:48:59.808Z,TCNMEM14607,2,cmkujg9ua016mxw2e9c3zm35z
cmjqa2tj101koxw8yhya2j6dn,2025-12-28T22:05:22.812Z,2026-08-04T15:48:59.816Z,TCNMEM14608,2,cmkujg9uc016nxw2ebu225zmb
cmjqa2tj101kpxw8yso45y705,2025-12-28T22:05:22.812Z,2026-08-04T15:48:59.824Z,TCNMEM14609,2,cmkujg9ue016oxw2ejy2bx1pe
cmjqa2tj101kqxw8ydt34ndc7,2025-12-28T22:05:22.812Z,2026-08-04T15:48:59.833Z,TCNMEM14610,2,cmkujg9ug016pxw2ej3lr1q84
cmjqa2tj101krxw8ybmghgqve,2025-12-28T22:05:22.812Z,2026-08-04T15:48:59.843Z,TCNMEM14611,2,cmkujg9uh016qxw2ehydu9325
cmjqa2tj101ksxw8yornhf8um,2025-12-28T22:05:22.812Z,2026-08-04T15:48:59.852Z,TCNMEM14612,2,cmkujg9uj016rxw2e1u2no9v9
cmjqa2tj101ktxw8yxmbut51q,2025-12-28T22:05:22.812Z,2026-08-04T15:48:59.862Z,TCNMEM14613,2,cmkujg9ul016sxw2eql4uk7po
cmjqa2tj101kuxw8ymwdmhgms,2025-12-28T22:05:22.812Z,2026-08-04T15:48:59.871Z,TCNMEM14614,2,cmkujg9um016txw2evfg40cts
cmjqa2tj101kwxw8ylc7t6tfd,2025-12-28T22:05:22.812Z,2026-08-04T15:48:59.881Z,TCNMEM14616,2,cmkujg9up016vxw2e2egrf8be
cmjqa2tj101kxxw8yiq9ojzt0,2025-12-28T22:05:22.812Z,2026-08-04T15:48:59.891Z,TCNMEM14617,2,cmkujg9ur016wxw2ez5p84ehm
cmjqa2tj101kyxw8yw2i5rgpv,2025-12-28T22:05:22.812Z,2026-08-04T15:48:59.902Z,TCNMEM14618,2,cmkujg9ut016xxw2e2s5paifl
cmjqa2tj101kzxw8y4guewh3t,2025-12-28T22:05:22.812Z,2026-08-04T15:48:59.912Z,TCNMEM14619,2,cmkujg9uu016yxw2eiyel8nft
cmjqa2tj101l0xw8y3o0mpspj,2025-12-28T22:05:22.812Z,2026-08-04T15:48:59.921Z,TCNMEM14620,2,cmkujg9uw016zxw2esututwlw
cmjqa2tj101l4xw8y2fx6dpve,2025-12-28T22:05:22.812Z,2026-08-04T15:48:59.929Z,TCNMEM14624,2,cmkujg9v30173xw2en0rneclc
cmjqa2tj101l5xw8y66gwpqzi,2025-12-28T22:05:22.812Z,2026-08-04T15:48:59.939Z,TCNMEM14625,2,cmkujg9v50174xw2ez3tlljvb
cmjqa2tj101l6xw8y92etcq1z,2025-12-28T22:05:22.812Z,2026-08-04T15:48:59.947Z,TCNMEM14626,2,cmkujg9v70175xw2e9kc2upz5
cmjqa2tj101l7xw8y700cp5h5,2025-12-28T22:05:22.812Z,2026-08-04T15:48:59.958Z,TCNMEM14627,2,cmkujg9v80176xw2esbfkyzm7
cmjqa2tj101l8xw8yu97n7xih,2025-12-28T22:05:22.812Z,2026-08-04T15:48:59.971Z,TCNMEM14628,2,cmkujg9va0177xw2e1hagyxst
cmjqa2tj101l9xw8ytlofnpfc,2025-12-28T22:05:22.812Z,2026-08-04T15:48:59.980Z,TCNMEM14629,2,cmkujg9vc0178xw2eodzyvuv2
cmjqa2tj101lbxw8y1k46xq1j,2025-12-28T22:05:22.812Z,2026-08-04T15:48:59.990Z,TCNMEM14631,2,cmkujg9vf017axw2e3pzendf0
cmjqa2tj101lcxw8yo8i8wz9l,2025-12-28T22:05:22.812Z,2026-08-04T15:48:59.999Z,TCNMEM14632,2,cmkujg9vh017bxw2e2syiafej
cmjqa2tj101ldxw8y3n19dc9a,2025-12-28T22:05:22.812Z,2026-08-04T15:49:00.009Z,TCNMEM14633,2,cmkujg9vj017cxw2ezoxubjed
cmjqa2tj101lexw8ydo6468mp,2025-12-28T22:05:22.812Z,2026-08-04T15:49:00.019Z,TCNMEM14634,2,cmkujg9vk017dxw2ewaswr88r
cmjqa2tj101lfxw8ytxldduzw,2025-12-28T22:05:22.812Z,2026-08-04T15:49:00.030Z,TCNMEM14635,2,cmkujg9vm017exw2emyaajmof
cmjqa2tj101lgxw8yjbezz0m2,2025-12-28T22:05:22.812Z,2026-08-04T15:49:00.040Z,TCNMEM14636,2,cmkujg9vo017fxw2ew33foycg
cmjqa2tj101lixw8yxoitqept,2025-12-28T22:05:22.812Z,2026-08-04T15:49:00.051Z,TCNMEM14638,2,cmkujg9vr017hxw2em6z9z5gq
cmjqa2tj101ljxw8yt90dmfzs,2025-12-28T22:05:22.812Z,2026-08-04T15:49:00.065Z,TCNMEM14639,2,cmkujg9vt017ixw2eqt2hh49f
cmjqa2tj101lkxw8yvb1f5a3q,2025-12-28T22:05:22.812Z,2026-08-04T15:49:00.076Z,TCNMEM14640,2,cmkujg9vu017jxw2e01bo7qo6
cmjqa2tj101llxw8ybr9zc4po,2025-12-28T22:05:22.812Z,2026-08-04T15:49:00.091Z,TCNMEM14641,2,cmkujg9vw017kxw2eqmm1i12k
cmjqa2tj101lmxw8y6nayp8gs,2025-12-28T22:05:22.812Z,2026-08-04T15:49:00.102Z,TCNMEM14642,2,cmkujg9vx017lxw2ezui518zz
cmjqa2tj101lnxw8y3rb4ovm4,2025-12-28T22:05:22.812Z,2026-08-04T15:49:00.112Z,TCNMEM14643,2,cmkujg9vz017mxw2e5nwtr6s9
cmjqa2tj101lpxw8y1ufl2wfb,2025-12-28T22:05:22.812Z,2026-08-04T15:49:00.123Z,TCNMEM14645,2,cmkujg9w2017oxw2ea6a3dfeg
cmjqa2tj101lrxw8y7e3a4vo3,2025-12-28T22:05:22.812Z,2026-08-04T15:49:00.138Z,TCNMEM14647,2,cmkujg9w6017qxw2e18wbqwwf
cmjqa2tj101lsxw8yppcz281k,2025-12-28T22:05:22.812Z,2026-08-04T15:49:00.157Z,TCNMEM14648,2,cmkujg9w7017rxw2e9982jdpi
cmjqa2tj101ltxw8y0nd4araj,2025-12-28T22:05:22.812Z,2026-08-04T15:49:00.167Z,TCNMEM14649,2,cmkujg9w9017sxw2emnz132dk
cmjqa2tj101luxw8ymlij43z2,2025-12-28T22:05:22.812Z,2026-08-04T15:49:00.178Z,TCNMEM14650,2,cmkujg9wb017txw2efajp0kvn
cmjqa2tj101lxxw8y63u9z0nk,2025-12-28T22:05:22.812Z,2026-08-04T15:49:00.188Z,TCNMEM14653,2,cmkujg9wf017wxw2ewswmm5ak
cmjqa2tj101lyxw8y0tgwv2lu,2025-12-28T22:05:22.812Z,2026-08-04T15:49:00.198Z,TCNMEM14654,2,cmkujg9wh017xxw2emt17d7ct
cmjqa2tj101lzxw8y10rjp0bn,2025-12-28T22:05:22.812Z,2026-08-04T15:49:00.209Z,TCNMEM14655,2,cmkujg9wj017yxw2eextinoyf
cmjqa2tj101m0xw8yohelj4q8,2025-12-28T22:05:22.812Z,2026-08-04T15:49:00.224Z,TCNMEM14656,2,cmkujg9wk017zxw2eeihbb41g
cmjqa2tj101m2xw8ylzaa6ov8,2025-12-28T22:05:22.812Z,2026-08-04T15:49:00.234Z,TCNMEM14658,2,cmkujg9wo0181xw2egwqnbl4a
cmjqa2tj101m3xw8y7q9l3fwd,2025-12-28T22:05:22.812Z,2026-08-04T15:49:00.247Z,TCNMEM14659,2,cmkujg9wp0182xw2edfyz69i2
cmjqa2tj101m4xw8y6nxfaxxg,2025-12-28T22:05:22.812Z,2026-08-04T15:49:00.260Z,TCNMEM14660,2,cmkujg9wr0183xw2emb4ultd5
cmjqa2tj101m5xw8ybt1ysj5a,2025-12-28T22:05:22.812Z,2026-08-04T15:49:00.270Z,TCNMEM14661,2,cmkujg9wt0184xw2eoj1487zo
cmjqa2tj101m6xw8yfyip5c91,2025-12-28T22:05:22.812Z,2026-08-04T15:49:00.286Z,TCNMEM14662,2,cmkujg9wu0185xw2e18ho065u
cmjqa2tj101m8xw8ybd4bwlb8,2025-12-28T22:05:22.812Z,2026-08-04T15:49:00.298Z,TCNMEM14664,2,cmkujg9wy0187xw2evrz87sjn
cmjqa2tj101m9xw8yqt4xes6e,2025-12-28T22:05:22.812Z,2026-08-04T15:49:00.310Z,TCNMEM14665,2,cmkujg9wz0188xw2e3um8tl3o
cmjqa2tj201maxw8y4prpfhdy,2025-12-28T22:05:22.812Z,2026-08-04T15:49:00.321Z,TCNMEM14666,2,cmkujg9x10189xw2e71sra65t
cmjqa2tj201mbxw8yuual8vig,2025-12-28T22:05:22.812Z,2026-08-04T15:49:00.333Z,TCNMEM14667,2,cmkujg9x3018axw2e57dtk80z
cmjqa2tj201mcxw8yge7ncr61,2025-12-28T22:05:22.812Z,2026-08-04T15:49:00.345Z,TCNMEM14668,2,cmkujg9x4018bxw2e37iehbtn
cmjqa2tj201mdxw8ybrgb6qpu,2025-12-28T22:05:22.812Z,2026-08-04T15:49:00.356Z,TCNMEM14669,2,cmkujg9x6018cxw2exc7mw56e
cmjqa2tj201mexw8ya7wlj5rp,2025-12-28T22:05:22.812Z,2026-08-04T15:49:00.366Z,TCNMEM14670,2,cmkujg9x8018dxw2eibaxm1og
cmjqa2tj201mgxw8ycs9o17ki,2025-12-28T22:05:22.812Z,2026-08-04T15:49:00.375Z,TCNMEM14672,2,cmkujg9xb018fxw2ercothtdz
cmjqa2tj201mhxw8yc1vzkhvj,2025-12-28T22:05:22.812Z,2026-08-04T15:49:00.384Z,TCNMEM14673,2,cmkujg9xc018gxw2eqbo5c2er
cmjqa2tj201mixw8ydpcu3ajd,2025-12-28T22:05:22.812Z,2026-08-04T15:49:00.394Z,TCNMEM14674,2,cmkujg9xe018hxw2e7deflyfc
cmjqa2tj201mjxw8yngcx4uvi,2025-12-28T22:05:22.812Z,2026-08-04T15:49:00.406Z,TCNMEM14675,2,cmkujg9xg018ixw2ejlyam0xz
cmjqa2tj201mkxw8ydlpl0kb2,2025-12-28T22:05:22.812Z,2026-08-04T15:49:00.419Z,TCNMEM14676,2,cmkujg9xh018jxw2ek6j14ksv
cmjqa2tj201mlxw8ycv83r9c9,2025-12-28T22:05:22.812Z,2026-08-04T15:49:00.456Z,TCNMEM14677,2,cmkujg9xj018kxw2e4km1qzbe
cmjqa2tj201mmxw8yih5lqn7d,2025-12-28T22:05:22.812Z,2026-08-04T15:49:00.469Z,TCNMEM14678,2,cmkujg9xl018lxw2esex3qk0a
cmjqa2tj201mnxw8y3wyxu4ww,2025-12-28T22:05:22.812Z,2026-08-04T15:49:00.480Z,TCNMEM14679,2,cmkujg9xm018mxw2er7sahkcy
cmjqa2tj201moxw8yey4ogpuw,2025-12-28T22:05:22.812Z,2026-08-04T15:49:00.488Z,TCNMEM14680,2,cmkujg9xo018nxw2ehbtuanbr
cmjqa2tj201mpxw8y8mc8inbl,2025-12-28T22:05:22.812Z,2026-08-04T15:49:00.498Z,TCNMEM14681,2,cmkujg9xq018oxw2el6uxm0nq
cmjqa2tj201mqxw8ybp00lrqf,2025-12-28T22:05:22.812Z,2026-08-04T15:49:00.506Z,TCNMEM14682,2,cmkujg9xr018pxw2e2iud5dux
cmjqa2tj201mrxw8yurd0qzpy,2025-12-28T22:05:22.812Z,2026-08-04T15:49:00.514Z,TCNMEM14683,2,cmkujg9xt018qxw2eb5rdbujt
cmjqa2tj201msxw8y6ia69rys,2025-12-28T22:05:22.812Z,2026-08-04T15:49:00.523Z,TCNMEM14684,2,cmkujg9xv018rxw2exm0fvhcl
cmjqa2tj201mtxw8y8gex22vm,2025-12-28T22:05:22.812Z,2026-08-04T15:49:00.535Z,TCNMEM14685,2,cmkujg9xw018sxw2e9zn9fwo0
cmjqa2tj201muxw8yfy4nrah5,2025-12-28T22:05:22.812Z,2026-08-04T15:49:00.546Z,TCNMEM14686,2,cmkujg9xy018txw2effmmcyc0
cmjqa2tj201mvxw8yv4b7xxkg,2025-12-28T22:05:22.812Z,2026-08-04T15:49:00.555Z,TCNMEM14687,2,cmkujg9y0018uxw2emi30za0g
cmjqa2tj201mwxw8yv9o4dhxc,2025-12-28T22:05:22.812Z,2026-08-04T15:49:00.567Z,TCNMEM14688,2,cmkujg9y2018vxw2evk2vnexe
cmjqa2tj201mxxw8ybbpa8r30,2025-12-28T22:05:22.812Z,2026-08-04T15:49:00.577Z,TCNMEM14689,2,cmkujg9y3018wxw2e93iv45zw
cmjqa2tj201mzxw8yoek2y14t,2025-12-28T22:05:22.812Z,2026-08-04T15:49:00.587Z,TCNMEM14691,2,cmkujg9y7018yxw2ecrj0k9b1
cmjqa2tj201n0xw8yljtgumj6,2025-12-28T22:05:22.812Z,2026-08-04T15:49:00.596Z,TCNMEM14692,2,cmkujg9y8018zxw2ewvkebq2d
cmjqa2tj201n1xw8y45mn1clb,2025-12-28T22:05:22.812Z,2026-08-04T15:49:00.607Z,TCNMEM14693,2,cmkujg9ya0190xw2elailzvir
cmjqa2tj201n2xw8yhkfx6igb,2025-12-28T22:05:22.812Z,2026-08-04T15:49:00.616Z,TCNMEM14694,2,cmkujg9yb0191xw2edf17qgdt
cmjqa2tj201n3xw8y97wov87m,2025-12-28T22:05:22.812Z,2026-08-04T15:49:00.625Z,TCNMEM14695,2,cmkujg9yd0192xw2ex7ogifiv
cmjqa2tj201n4xw8y9s9fb33x,2025-12-28T22:05:22.812Z,2026-08-04T15:49:00.635Z,TCNMEM14696,2,cmkujg9yf0193xw2eg8snf10n
cmjqa2tj201n5xw8y1fla85x8,2025-12-28T22:05:22.812Z,2026-08-04T15:49:00.645Z,TCNMEM14697,2,cmkujg9yg0194xw2epecv9on9
cmjqa2tj201n6xw8y7zvnofuj,2025-12-28T22:05:22.812Z,2026-08-04T15:49:00.655Z,TCNMEM14698,2,cmkujg9yi0195xw2eq7uqxl6g
cmjqa2tj201n7xw8yqcyniw0g,2025-12-28T22:05:22.812Z,2026-08-04T15:49:00.665Z,TCNMEM14699,2,cmkujg9yk0196xw2en6fbuyc2
cmjqa2tj201n8xw8y01tp3ymz,2025-12-28T22:05:22.812Z,2026-08-04T15:49:00.675Z,TCNMEM14700,2,cmkujg9yl0197xw2ez22om1fd
cmjqa2tj201n9xw8yvixc0dzm,2025-12-28T22:05:22.812Z,2026-08-04T15:49:00.685Z,TCNMEM14701,2,cmkujg9yn0198xw2ezktgto3r
cmjqa2tj201nbxw8ygzaj7st4,2025-12-28T22:05:22.812Z,2026-08-04T15:49:00.696Z,TCNMEM14703,2,cmkujg9yq019axw2edtttutah
cmjqa2tj201nfxw8y95bjtclm,2025-12-28T22:05:22.812Z,2026-08-04T15:49:00.707Z,TCNMEM14707,2,cmkujg9yx019exw2etx7iu5qx
cmjqa2tj201ngxw8yrn6hdse3,2025-12-28T22:05:22.812Z,2026-08-04T15:49:00.717Z,TCNMEM14708,2,cmkujg9yz019fxw2eepd4u9ej
cmjqa2tj201nhxw8y4oahxn3v,2025-12-28T22:05:22.812Z,2026-08-04T15:49:00.728Z,TCNMEM14709,2,cmkujg9z0019gxw2egk7jlwmk
cmjqa2tj201nixw8ys49ovbvp,2025-12-28T22:05:22.812Z,2026-08-04T15:49:00.738Z,TCNMEM14710,2,cmkujg9z2019hxw2exxwme0ur
cmjqa2tj201nkxw8yh3cuaq9q,2025-12-28T22:05:22.812Z,2026-08-04T15:49:00.747Z,TCNMEM14712,2,cmkujg9z5019jxw2e91iyj5cf
cmjqa2tj201nlxw8ycpcpef1v,2025-12-28T22:05:22.812Z,2026-08-04T15:49:08.118Z,TCNMEM14713,2,cmkujg9z7019kxw2ex6efwigw
cmjqa2tj201nmxw8yh2sow2dc,2025-12-28T22:05:22.812Z,2026-08-04T15:49:08.129Z,TCNMEM14714,2,cmkujg9z9019lxw2ef1awkrrw
cmjqa2tj201nnxw8ypqtprj5q,2025-12-28T22:05:22.812Z,2026-08-04T15:49:08.140Z,TCNMEM14715,2,cmkujg9za019mxw2elj9eh4eo
cmjqa2tj201noxw8yqr6tgr91,2025-12-28T22:05:22.812Z,2026-08-04T15:49:08.151Z,TCNMEM14716,2,cmkujg9zc019nxw2ebbwecx03
cmjqa2tj201npxw8ydw62owaf,2025-12-28T22:05:22.812Z,2026-08-04T15:49:08.164Z,TCNMEM14717,2,cmkujg9ze019oxw2epmeiuksv
cmjqa2tj201nqxw8ykgqd8hwt,2025-12-28T22:05:22.812Z,2026-08-04T15:49:08.177Z,TCNMEM14718,2,cmkujg9zf019pxw2eln9dplza
cmjqa2tj201nrxw8ylfg8u2jg,2025-12-28T22:05:22.812Z,2026-08-04T15:49:08.190Z,TCNMEM14719,2,cmkujg9zh019qxw2erduyuh3s
cmjqa2tj201nsxw8yvvh81fdz,2025-12-28T22:05:22.812Z,2026-08-04T15:49:08.206Z,TCNMEM14720,2,cmkujg9zj019rxw2eh1ihphxt
cmjqa2tj201ntxw8yridg9gmg,2025-12-28T22:05:22.812Z,2026-08-04T15:49:08.223Z,TCNMEM14721,2,cmkujg9zk019sxw2eptu2rhl3
cmjqa2tj201nuxw8ybvemjwdd,2025-12-28T22:05:22.812Z,2026-08-04T15:49:08.235Z,TCNMEM14722,2,cmkujg9zm019txw2eqzzg41pf
cmjqa2tj201nwxw8yhv5sszdo,2025-12-28T22:05:22.812Z,2026-08-04T15:49:08.246Z,TCNMEM14724,2,cmkujg9zp019vxw2etns0h2i3
cmjqa2tj201nxxw8ye8lbuixr,2025-12-28T22:05:22.812Z,2026-08-04T15:49:08.259Z,TCNMEM14725,2,cmkujg9zr019wxw2eslmboywq
cmjqa2tj201nyxw8y3nvjgo5t,2025-12-28T22:05:22.812Z,2026-08-04T15:49:08.269Z,TCNMEM14726,2,cmkujg9zt019xxw2ejshllipj
cmjqa2tj201nzxw8yonhgc863,2025-12-28T22:05:22.812Z,2026-08-04T15:49:08.281Z,TCNMEM14727,2,cmkujg9zu019yxw2e29h7ozfd
cmjqa2tj201o0xw8y8yt6kqks,2025-12-28T22:05:22.812Z,2026-08-04T15:49:08.292Z,TCNMEM14728,2,cmkujg9zw019zxw2evszxd6cr
cmjqa2tj201o1xw8yhgibbtjg,2025-12-28T22:05:22.812Z,2026-08-04T15:49:08.302Z,TCNMEM14729,2,cmkujg9zy01a0xw2esevqw311
cmjqa2tj201o2xw8ypawq9scb,2025-12-28T22:05:22.812Z,2026-08-04T15:49:08.312Z,TCNMEM14730,2,cmkujg9zz01a1xw2e67xhtiex
cmjqa2tj201o3xw8yjzoz4rjv,2025-12-28T22:05:22.812Z,2026-08-04T15:49:08.324Z,TCNMEM14731,2,cmkujga0101a2xw2ewdulckey
cmjqa2tj201o5xw8yq6m95wkp,2025-12-28T22:05:22.812Z,2026-08-04T15:49:08.332Z,TCNMEM14733,2,cmkujga0401a4xw2ev2x6gxqy
cmjqa2tj201o7xw8ya8h1fpsi,2025-12-28T22:05:22.812Z,2026-08-04T15:49:08.343Z,TCNMEM14735,2,cmkujga0701a6xw2eqb9nkn64
cmjqa2tj201o8xw8y4mdh7fsi,2025-12-28T22:05:22.812Z,2026-08-04T15:49:08.355Z,TCNMEM14736,2,cmkujga0901a7xw2eazrbetg2
cmjqa2tj201o9xw8yq7gln30z,2025-12-28T22:05:22.812Z,2026-08-04T15:49:08.366Z,TCNMEM14737,2,cmkujga0b01a8xw2ertv3hwyf
cmjqa2tj201oaxw8ys3dcoa7q,2025-12-28T22:05:22.812Z,2026-08-04T15:49:08.378Z,TCNMEM14738,2,cmkujga0d01a9xw2ezv1mnzu5
cmjqa2tj201obxw8yrjkiw1sg,2025-12-28T22:05:22.812Z,2026-08-04T15:49:08.388Z,TCNMEM14739,2,cmkujga0e01aaxw2ecri575us
cmjqa2tj201ocxw8yvf0coy4w,2025-12-28T22:05:22.812Z,2026-08-04T15:49:08.397Z,TCNMEM14740,2,cmkujga0g01abxw2ewpjzo9sk
cmjqa2tj201odxw8ykxvewa7s,2025-12-28T22:05:22.812Z,2026-08-04T15:49:08.407Z,TCNMEM14741,2,cmkujga0i01acxw2egdzqmajv
cmjqa2tj201ofxw8y2s42qy64,2025-12-28T22:05:22.812Z,2026-08-04T15:49:08.417Z,TCNMEM14743,2,cmkujga0l01aexw2ewc2efbr7
cmjqa2tj201ogxw8y1ar5rje6,2025-12-28T22:05:22.812Z,2026-08-04T15:49:08.426Z,TCNMEM14744,2,cmkujga0n01afxw2em2zu2jqw
cmjqa2tj201ohxw8yjx90v5o6,2025-12-28T22:05:22.812Z,2026-08-04T15:49:08.434Z,TCNMEM14745,2,cmkujga0o01agxw2e8vj9mrjg
cmjqa2tj201oixw8ygy9acz1d,2025-12-28T22:05:22.812Z,2026-08-04T15:49:08.442Z,TCNMEM14746,2,cmkujga0q01ahxw2e5w460pqg
cmjqa2tj201ojxw8y38wdxo24,2025-12-28T22:05:22.812Z,2026-08-04T15:49:08.451Z,TCNMEM14747,2,cmkujga0s01aixw2egks7bejb
cmjqa2tj201okxw8yyzjn7nko,2025-12-28T22:05:22.812Z,2026-08-04T15:49:08.459Z,TCNMEM14748,2,cmkujga0t01ajxw2eqw0xwizd
cmjqa2tj201olxw8yehw2p0dm,2025-12-28T22:05:22.812Z,2026-08-04T15:49:08.467Z,TCNMEM14749,2,cmkujga0v01akxw2egjxdpk8c
cmjqa2tj201omxw8yhi5qe6hl,2025-12-28T22:05:22.812Z,2026-08-04T15:49:08.476Z,TCNMEM14750,2,cmkujga0x01alxw2euyx86dyj
cmjqa2tj201onxw8y8vlfqjso,2025-12-28T22:05:22.812Z,2026-08-04T15:49:08.485Z,TCNMEM14751,2,cmkujga0y01amxw2e6ntlh19c
cmjqa2tj201ooxw8y9xq3ij0r,2025-12-28T22:05:22.812Z,2026-08-04T15:49:08.496Z,TCNMEM14752,2,cmkujga1001anxw2eujio294w
cmjqa2tj201opxw8yzw5spcdu,2025-12-28T22:05:22.812Z,2026-08-04T15:49:08.505Z,TCNMEM14753,2,cmkujga1201aoxw2eauh9mbqo
cmjqa2tj201oqxw8y50u85ttu,2025-12-28T22:05:22.812Z,2026-08-04T15:49:08.514Z,TCNMEM14754,2,cmkujga1401apxw2euswnkzd1
cmjqa2tj201orxw8ylcb24n1o,2025-12-28T22:05:22.812Z,2026-08-04T15:49:08.523Z,TCNMEM14755,2,cmkujga1501aqxw2eteaajr39
cmjqa2tj301osxw8y0ian7am4,2025-12-28T22:05:22.812Z,2026-08-04T15:49:08.531Z,TCNMEM14756,2,cmkujga1701arxw2ewlch33ru
cmjqa2tj301otxw8y7rlrt3zj,2025-12-28T22:05:22.812Z,2026-08-04T15:49:08.542Z,TCNMEM14757,2,cmkujga1901asxw2e01fsbkk2
cmjqa2tj301ouxw8ye9qxciw4,2025-12-28T22:05:22.812Z,2026-08-04T15:49:08.551Z,TCNMEM14758,2,cmkujga1a01atxw2ezskzp5h4
cmjqa2tj301owxw8yk19xt24g,2025-12-28T22:05:22.812Z,2026-08-04T15:49:08.560Z,TCNMEM14760,2,cmkujga1e01avxw2ezl1a9slh
cmjqa2tj301oxxw8y4qivppt3,2025-12-28T22:05:22.812Z,2026-08-04T15:49:08.568Z,TCNMEM14761,2,cmkujga1f01awxw2es3t43b32
cmjqa2tj301oyxw8yx6pkbn0g,2025-12-28T22:05:22.812Z,2026-08-04T15:49:08.577Z,TCNMEM14762,2,cmkujga1h01axxw2ewpljljkl
cmjqa2tj301ozxw8y3k9sjong,2025-12-28T22:05:22.812Z,2026-08-04T15:49:08.586Z,TCNMEM14763,2,cmkujga1i01ayxw2evm7i6zc4
cmjqa2tj301p0xw8ylszf4kw0,2025-12-28T22:05:22.812Z,2026-08-04T15:49:08.594Z,TCNMEM14764,2,cmkujga1k01azxw2ext86xp3h
cmjqa2tj301p1xw8ys6nlad4r,2025-12-28T22:05:22.812Z,2026-08-04T15:49:08.606Z,TCNMEM14765,2,cmkujga1m01b0xw2e90jglvyq
cmjqa2tj301p5xw8yplx3217v,2025-12-28T22:05:22.812Z,2026-08-04T15:49:08.617Z,TCNMEM14769,2,cmkujga1s01b4xw2eh05nsz0m
cmjqa2tj301p6xw8yok789r6l,2025-12-28T22:05:22.812Z,2026-08-04T15:49:08.626Z,TCNMEM14770,2,cmkujga1u01b5xw2ex1aqiju8
cmjqa2tj301p7xw8ygatek4h8,2025-12-28T22:05:22.812Z,2026-08-04T15:49:08.634Z,TCNMEM14771,2,cmkujga1w01b6xw2esbshqzsm
cmjqa2tj301p8xw8yjhsaj8fo,2025-12-28T22:05:22.812Z,2026-08-04T15:49:08.642Z,TCNMEM14772,2,cmkujga1x01b7xw2ee19al1iv
cmjqa2tj301p9xw8yz6vqogya,2025-12-28T22:05:22.812Z,2026-08-04T15:49:08.651Z,TCNMEM14773,2,cmkujga1z01b8xw2e4yqlwpee
cmjqa2tj301paxw8yct6l8hvj,2025-12-28T22:05:22.812Z,2026-08-04T15:49:08.661Z,TCNMEM14774,2,cmkujga2101b9xw2e5ewz235z
cmjqa2tj301pdxw8y78y4p0ul,2025-12-28T22:05:22.812Z,2026-08-04T15:49:08.671Z,TCNMEM14777,2,cmkujga2601bcxw2eks8inxqc
cmjqa2tj301pexw8yr2hsk2bg,2025-12-28T22:05:22.812Z,2026-08-04T15:49:08.679Z,TCNMEM14778,2,cmkujga2701bdxw2engoghfuo
cmjqa2tj301phxw8ytc6wmjcf,2025-12-28T22:05:22.812Z,2026-08-04T15:49:08.687Z,TCNMEM14781,2,cmkujga2c01bgxw2eypfnc8uy
cmjqa2tj301pixw8yhabbhmga,2025-12-28T22:05:22.812Z,2026-08-04T15:49:08.697Z,TCNMEM14782,2,cmkujga2e01bhxw2esh5msm75
cmjqa2tj301pjxw8ydu74werv,2025-12-28T22:05:22.812Z,2026-08-04T15:49:08.705Z,TCNMEM14783,2,cmkujga2f01bixw2egt1leqpv
cmjqa2tj301pkxw8y46uiakwj,2025-12-28T22:05:22.812Z,2026-08-04T15:49:08.714Z,TCNMEM14784,2,cmkujga2h01bjxw2eypv6k74y
cmjqa2tj301plxw8yb3cvehq3,2025-12-28T22:05:22.812Z,2026-08-04T15:49:08.723Z,TCNMEM14785,2,cmkujga2j01bkxw2eeqxnoqrb
cmjqa2tj301pmxw8y9qlohrca,2025-12-28T22:05:22.812Z,2026-08-04T15:49:08.737Z,TCNMEM14786,2,cmkujga2k01blxw2e70p0ymer
cmjqa2tj301pnxw8y3s6j4irx,2025-12-28T22:05:22.812Z,2026-08-04T15:49:08.746Z,TCNMEM14787,2,cmkujga2m01bmxw2e3ai14o9l
cmjqa2tj301pqxw8y6hhwxvif,2025-12-28T22:05:22.812Z,2026-08-04T15:49:08.755Z,TCNMEM14790,2,cmkujga2r01bpxw2ewfz9rnx1
cmjqa2tj301prxw8ykjvbkrof,2025-12-28T22:05:22.812Z,2026-08-04T15:49:08.763Z,TCNMEM14791,2,cmkujga2s01bqxw2ecyuyddf5
cmjqa2tj301psxw8ytlxorv5q,2025-12-28T22:05:22.812Z,2026-08-04T15:49:08.772Z,TCNMEM14792,2,cmkujga2u01brxw2eif1ewmnh
cmjqa2tj301ptxw8y71vo5yfk,2025-12-28T22:05:22.812Z,2026-08-04T15:49:08.782Z,TCNMEM14793,2,cmkujga2v01bsxw2eutiqs8iz
cmjqa2tj301puxw8yldjqrgin,2025-12-28T22:05:22.812Z,2026-08-04T15:49:08.792Z,TCNMEM14794,2,cmkujga2x01btxw2ed68r23n1
cmjqa2tj301pwxw8yp3uzp6vr,2025-12-28T22:05:22.812Z,2026-08-04T15:49:08.801Z,TCNMEM14796,2,cmkujga3001bvxw2eb9h4pawt
cmjqa2tj301pxxw8y0smpcsdc,2025-12-28T22:05:22.812Z,2026-08-04T15:49:08.810Z,TCNMEM14797,2,cmkujga3201bwxw2efcvzrwq2
cmjqa2tj301pyxw8yz12wzecy,2025-12-28T22:05:22.812Z,2026-08-04T15:49:08.818Z,TCNMEM14798,2,cmkujga3401bxxw2e8okjl1as
cmjqa2tj301pzxw8ynun5skte,2025-12-28T22:05:22.812Z,2026-08-04T15:49:08.827Z,TCNMEM14799,2,cmkujga3601byxw2entpe3hj5
cmjqa2tj301q0xw8y63mlu66z,2025-12-28T22:05:22.812Z,2026-08-04T15:49:08.835Z,TCNMEM14800,2,cmkujga3701bzxw2eg4sg9me0
cmjqa2tj301q2xw8ygedgvzyx,2025-12-28T22:05:22.812Z,2026-08-04T15:49:08.844Z,TCNMEM14802,2,cmkujga3a01c1xw2e2605ufiw
cmjqa2tj301q3xw8ybb0c2w4m,2025-12-28T22:05:22.812Z,2026-08-04T15:49:08.856Z,TCNMEM14803,2,cmkujga3c01c2xw2e1azcibn3
cmjqa2tj301q6xw8y372016w6,2025-12-28T22:05:22.812Z,2026-08-04T15:49:08.869Z,TCNMEM14806,2,cmkujga3h01c5xw2ecfzvglac
cmjqa2tj301q7xw8yn7wfu37d,2025-12-28T22:05:22.812Z,2026-08-04T15:49:08.883Z,TCNMEM14807,2,cmkujga3i01c6xw2enifpolpi
cmjqa2tj301q9xw8ymwfup4f9,2025-12-28T22:05:22.812Z,2026-08-04T15:49:08.893Z,TCNMEM14809,2,cmkujga3l01c8xw2e20dndfhf
cmjqa2tj301qaxw8y1kkk1eb0,2025-12-28T22:05:22.812Z,2026-08-04T15:49:08.904Z,TCNMEM14810,2,cmkujga3n01c9xw2e5jwce60b
cmjqa2tj301qexw8yk1gk8pfl,2025-12-28T22:05:22.812Z,2026-08-04T15:49:08.914Z,TCNMEM14814,2,cmkujga3u01cdxw2eqwpvb19l
cmjqa2tj301qfxw8ymxs9gxp1,2025-12-28T22:05:22.812Z,2026-08-04T15:49:08.926Z,TCNMEM14815,2,cmkujga3v01cexw2eauhmnwxs
cmjqa2tj301qgxw8ywwefle5p,2025-12-28T22:05:22.812Z,2026-08-04T15:49:08.935Z,TCNMEM14816,2,cmkujga3x01cfxw2ef7d13e5u
cmjqa2tj301qhxw8y91zxk5cy,2025-12-28T22:05:22.812Z,2026-08-04T15:49:08.942Z,TCNMEM14817,2,cmkujga3y01cgxw2ejh8uweew
cmjqa2tj301qixw8ysnmh8ps3,2025-12-28T22:05:22.812Z,2026-08-04T15:49:08.949Z,TCNMEM14818,2,cmkujga4001chxw2eoba16jq2
cmjqa2tj301qjxw8yylmntutk,2025-12-28T22:05:22.812Z,2026-08-04T15:49:08.956Z,TCNMEM14819,2,cmkujga4101cixw2e4a0826yu
cmjqa2tj301qkxw8yur03yhbc,2025-12-28T22:05:22.812Z,2026-08-04T15:49:08.963Z,TCNMEM14820,2,cmkujga4301cjxw2e9r7h9kst
cmjqa2tj301qlxw8y3t0zoe01,2025-12-28T22:05:22.812Z,2026-08-04T15:49:08.971Z,TCNMEM14821,2,cmkujga4501ckxw2efn34ek4w
cmjqa2tj301qmxw8yslrj92q2,2025-12-28T22:05:22.812Z,2026-08-04T15:49:08.979Z,TCNMEM14822,2,cmkujga4601clxw2em41kfctr
cmjqa2tj301qnxw8yw4wnf7py,2025-12-28T22:05:22.812Z,2026-08-04T15:49:08.988Z,TCNMEM14823,2,cmkujga4801cmxw2ewrm8wxx5
cmjqa2tj301qoxw8y5kn98bdk,2025-12-28T22:05:22.812Z,2026-08-04T15:49:08.998Z,TCNMEM14824,2,cmkujga4a01cnxw2enf9f2p7d
cmjqa2tj301qqxw8yblrtazv4,2025-12-28T22:05:22.812Z,2026-08-04T15:49:09.010Z,TCNMEM14826,2,cmkujga4d01cpxw2ezun3giel
cmjqa2tj301qrxw8y5l7t98px,2025-12-28T22:05:22.812Z,2026-08-04T15:49:09.023Z,TCNMEM14827,2,cmkujga4f01cqxw2emnsrp47x
cmjqa2tj301qsxw8yonizzhft,2025-12-28T22:05:22.812Z,2026-08-04T15:49:09.036Z,TCNMEM14828,2,cmkujga4g01crxw2ejyna0ls3
cmjqa2tj301qvxw8y2k83w02r,2025-12-28T22:05:22.812Z,2026-08-04T15:49:09.048Z,TCNMEM14831,2,cmkujga4l01cuxw2e6nq6g43c
cmjqa2tj301qwxw8yzugwfak1,2025-12-28T22:05:22.812Z,2026-08-04T15:49:09.060Z,TCNMEM14832,2,cmkujga4n01cvxw2e3sy2zxvz
cmjqa2tj301qxxw8yz2d92rt2,2025-12-28T22:05:22.812Z,2026-08-04T15:49:09.070Z,TCNMEM14833,2,cmkujga4p01cwxw2ejcous1tr
cmjqa2tj301qyxw8y1p4sjd3u,2025-12-28T22:05:22.812Z,2026-08-04T15:49:09.079Z,TCNMEM14834,2,cmkujga4q01cxxw2e9t3iw4fn
cmjqa2tj301qzxw8y62x1wmm7,2025-12-28T22:05:22.812Z,2026-08-04T15:49:09.088Z,TCNMEM14835,2,cmkujga4s01cyxw2exl5ozrfm
cmjqa2tj301r3xw8ysar90oyt,2025-12-28T22:05:22.812Z,2026-08-04T15:49:09.098Z,TCNMEM14839,2,cmkujga4z01d2xw2ecap27he4
cmjqa2tj301r4xw8yij125evt,2025-12-28T22:05:22.812Z,2026-08-04T15:49:09.108Z,TCNMEM14840,2,cmkujga5001d3xw2et3ivfz8k
cmjqa2tj301r5xw8yts28f5gl,2025-12-28T22:05:22.812Z,2026-08-04T15:49:16.425Z,TCNMEM14841,2,cmkujga5201d4xw2eogac7xx2
cmjqa2tj301r6xw8yhb5u9dyh,2025-12-28T22:05:22.812Z,2026-08-04T15:49:16.435Z,TCNMEM14842,2,cmkujga5301d5xw2e74pn1cty
cmjqa2tj301r7xw8yjok4conb,2025-12-28T22:05:22.812Z,2026-08-04T15:49:16.445Z,TCNMEM14843,2,cmkujga5501d6xw2e3lfqslf2
cmjqa2tj301r8xw8y8q07alu4,2025-12-28T22:05:22.812Z,2026-08-04T15:49:16.453Z,TCNMEM14844,2,cmkujga5701d7xw2e24aumdjn
cmjqa2tj301r9xw8y6yw4bmb8,2025-12-28T22:05:22.812Z,2026-08-04T15:49:16.462Z,TCNMEM14845,2,cmkujga5901d8xw2eit88ug6h
cmjqa2tj301raxw8ydq7l2vsa,2025-12-28T22:05:22.812Z,2026-08-04T15:49:16.473Z,TCNMEM14846,2,cmkujga5a01d9xw2etup2as0z
cmjqa2tj401rbxw8y34ekgixi,2025-12-28T22:05:22.812Z,2026-08-04T15:49:16.483Z,TCNMEM14847,2,cmkujga5c01daxw2ea5rvmw1j
cmjqa2tj401rcxw8yu5rwizqe,2025-12-28T22:05:22.812Z,2026-08-04T15:49:16.491Z,TCNMEM14848,2,cmkujga5e01dbxw2ethxrts3h
cmjqa2tj401rdxw8y1leeoeck,2025-12-28T22:05:22.812Z,2026-08-04T15:49:16.502Z,TCNMEM14849,2,cmkujga5f01dcxw2etlmyepui
cmjqa2tj401rexw8yxv5aydmx,2025-12-28T22:05:22.812Z,2026-08-04T15:49:16.511Z,TCNMEM14850,2,cmkujga5h01ddxw2evnw1yj3x
cmjqa2tj401rfxw8yxd16mkhw,2025-12-28T22:05:22.812Z,2026-08-04T15:49:16.520Z,TCNMEM14851,2,cmkujga5j01dexw2ep4p0bqxe
cmjqa2tj401rgxw8yf98sso5i,2025-12-28T22:05:22.812Z,2026-08-04T15:49:16.532Z,TCNMEM14852,2,cmkujga5k01dfxw2efhnwyopt
cmjqa2tj401rhxw8yucbphrtd,2025-12-28T22:05:22.812Z,2026-08-04T15:49:16.543Z,TCNMEM14853,2,cmkujga5m01dgxw2e7ydynhhg
cmjqa2tj401rixw8yuvd5b3lg,2025-12-28T22:05:22.812Z,2026-08-04T15:49:16.552Z,TCNMEM14854,2,cmkujga5o01dhxw2eeh1xitot
cmjqa2tj401rjxw8yp8gwqsfx,2025-12-28T22:05:22.812Z,2026-08-04T15:49:16.561Z,TCNMEM14855,2,cmkujga5p01dixw2ei4sf2v69
cmjqa2tj401rkxw8y00s6046y,2025-12-28T22:05:22.812Z,2026-08-04T15:49:16.569Z,TCNMEM14856,2,cmkujga5r01djxw2e9t5m76bp
cmjqa2tj401rlxw8yoykjn6ng,2025-12-28T22:05:22.812Z,2026-08-04T15:49:16.578Z,TCNMEM14857,2,cmkujga5t01dkxw2eumcii6si
cmjqa2tj401rmxw8yvirj4qhp,2025-12-28T22:05:22.812Z,2026-08-04T15:49:16.587Z,TCNMEM14858,2,cmkujga5u01dlxw2e70lpx4li
cmjqa2tj401rnxw8ypy2bchj6,2025-12-28T22:05:22.812Z,2026-08-04T15:49:16.597Z,TCNMEM14859,2,cmkujga5w01dmxw2ebc8loq5y
cmjqa2tj401roxw8yc544budj,2025-12-28T22:05:22.812Z,2026-08-04T15:49:16.608Z,TCNMEM14860,2,cmkujga5x01dnxw2ejg5hvj8h
cmjqa2tj401rpxw8y0hkgfzg9,2025-12-28T22:05:22.812Z,2026-08-04T15:49:16.618Z,TCNMEM14861,2,cmkujga5z01doxw2eg7wla084
cmjqa2tj401rqxw8yatni76u5,2025-12-28T22:05:22.812Z,2026-08-04T15:49:16.658Z,TCNMEM14862,2,cmkujga6101dpxw2e22r5gdjm
cmjqa2tj401rrxw8y28rczo8x,2025-12-28T22:05:22.812Z,2026-08-04T15:49:16.669Z,TCNMEM14863,2,cmkujga6201dqxw2etae6e6c6
cmjqa2tj401rsxw8yxq9sk0le,2025-12-28T22:05:22.812Z,2026-08-04T15:49:16.678Z,TCNMEM14864,2,cmkujga6401drxw2ep7cbq5uo
cmjqa2tj401ruxw8ye8l9mvmi,2025-12-28T22:05:22.812Z,2026-08-04T15:49:16.686Z,TCNMEM14866,2,cmkujga6701dtxw2ed612avlh
cmjqa2tj401rvxw8yohdhfvp3,2025-12-28T22:05:22.812Z,2026-08-04T15:49:16.694Z,TCNMEM14867,2,cmkujga6901duxw2ehoxw27pa
cmjqa2tj401rwxw8ydhdwbrzp,2025-12-28T22:05:22.812Z,2026-08-04T15:49:16.702Z,TCNMEM14868,2,cmkujga6b01dvxw2etpk2kilr
cmjqa2tj401rxxw8y5bwfg56d,2025-12-28T22:05:22.812Z,2026-08-04T15:49:16.712Z,TCNMEM14869,2,cmkujga6c01dwxw2ex6tf5ht4
cmjqa2tj401rzxw8yyy9a2k63,2025-12-28T22:05:22.812Z,2026-08-04T15:49:16.722Z,TCNMEM14871,2,cmkujga6g01dyxw2eq9mnwjo4
cmjqa2tj401s0xw8y2foibojw,2025-12-28T22:05:22.812Z,2026-08-04T15:49:16.734Z,TCNMEM14872,2,cmkujga6i01dzxw2emww3r2us
cmjqa2tj401s1xw8ydno4d55v,2025-12-28T22:05:22.812Z,2026-08-04T15:49:16.743Z,TCNMEM14873,2,cmkujga6j01e0xw2exmixy7h7
cmjqa2tj401s2xw8ytulyog8e,2025-12-28T22:05:22.812Z,2026-08-04T15:49:16.757Z,TCNMEM14874,2,cmkujga6l01e1xw2exwi66jc4
cmjqa2tj401s3xw8yfjsorf73,2025-12-28T22:05:22.812Z,2026-08-04T15:49:16.766Z,TCNMEM14875,2,cmkujga6n01e2xw2e9bsmpoz8
cmjqa2tj401s5xw8y0dh2ahc0,2025-12-28T22:05:22.812Z,2026-08-04T15:49:16.775Z,TCNMEM14877,2,cmkujga6q01e4xw2e0neco8w2
cmjqa2tj401s7xw8yfgrn4co0,2025-12-28T22:05:22.812Z,2026-08-04T15:49:16.784Z,TCNMEM14879,2,cmkujga6t01e6xw2erd1p1eeu
cmjqa2tj401s8xw8yy7mpl1vj,2025-12-28T22:05:22.812Z,2026-08-04T15:49:16.794Z,TCNMEM14880,2,cmkujga6v01e7xw2eqs43bmfp
cmjqa2tj401s9xw8y66wmsmqc,2025-12-28T22:05:22.812Z,2026-08-04T15:49:16.803Z,TCNMEM14881,2,cmkujga6w01e8xw2emf3yvinj
cmjqa2tj401saxw8yd17g4d1l,2025-12-28T22:05:22.812Z,2026-08-04T15:49:16.814Z,TCNMEM14882,2,cmkujga6y01e9xw2ed737t7vx
cmjqa2tj401sbxw8yza9rxvp9,2025-12-28T22:05:22.812Z,2026-08-04T15:49:16.823Z,TCNMEM14883,2,cmkujga7001eaxw2eo8xu1skl
cmjqa2tj401scxw8yc18ancyx,2025-12-28T22:05:22.812Z,2026-08-04T15:49:16.833Z,TCNMEM14884,2,cmkujga7101ebxw2ejyvw2ovg
cmjqa2tj401sdxw8yh3fu4nat,2025-12-28T22:05:22.812Z,2026-08-04T15:49:16.842Z,TCNMEM14885,2,cmkujga7301ecxw2esxxoi573
cmjqa2tj401sexw8ybzxrxvbq,2025-12-28T22:05:22.812Z,2026-08-04T15:49:16.852Z,TCNMEM14886,2,cmkujga7401edxw2e6ocmekv7
cmjqa2tj401sfxw8ytb4hnkdu,2025-12-28T22:05:22.812Z,2026-08-04T15:49:16.862Z,TCNMEM14887,2,cmkujga7601eexw2elnytm3ai
cmjqa2tj401sgxw8yr2o4no3d,2025-12-28T22:05:22.812Z,2026-08-04T15:49:16.871Z,TCNMEM14888,2,cmkujga7801efxw2ew05kkv8z
cmjqa2tj401shxw8yisusdmp5,2025-12-28T22:05:22.812Z,2026-08-04T15:49:16.881Z,TCNMEM14889,2,cmkujga7901egxw2esxyd64lk
cmjqa2tj401sixw8yvnedjvbw,2025-12-28T22:05:22.812Z,2026-08-04T15:49:16.890Z,TCNMEM14890,2,cmkujga7b01ehxw2e6v8l44ew
cmjqa2tj401sjxw8ygzukw5u5,2025-12-28T22:05:22.812Z,2026-08-04T15:49:16.901Z,TCNMEM14891,2,cmkujga7d01eixw2exvcv2d3k
cmjqa2tj401skxw8yoblhrn1v,2025-12-28T22:05:22.812Z,2026-08-04T15:49:16.911Z,TCNMEM14892,2,cmkujga7f01ejxw2e68xdjh3d
cmjqa2tj401slxw8yt6yf101z,2025-12-28T22:05:22.812Z,2026-08-04T15:49:16.924Z,TCNMEM14893,2,cmkujga7h01ekxw2es6trdbab
cmjqa2tj401smxw8ywhxcwg02,2025-12-28T22:05:22.812Z,2026-08-04T15:49:16.934Z,TCNMEM14894,2,cmkujga7i01elxw2eysfv090l
cmjqa2tj401spxw8y698jl1th,2025-12-28T22:05:22.812Z,2026-08-04T15:49:16.944Z,TCNMEM14897,2,cmkujga7n01eoxw2ed4w7zjfk
cmjqa2tj401sqxw8yez13ivno,2025-12-28T22:05:22.812Z,2026-08-04T15:49:16.954Z,TCNMEM14898,2,cmkujga7p01epxw2e3bh9zc9s
cmjqa2tj401ssxw8ystlfacwd,2025-12-28T22:05:22.812Z,2026-08-04T15:49:16.964Z,TCNMEM14900,2,cmkujga7s01erxw2el2zzjtz9
cmjqa2tj401suxw8yzj3kt98f,2025-12-28T22:05:22.812Z,2026-08-04T15:49:16.975Z,TCNMEM14902,2,cmkujga7v01etxw2eex3913rs
cmjqa2tj401svxw8yihoa3fyt,2025-12-28T22:05:22.812Z,2026-08-04T15:49:16.987Z,TCNMEM14903,2,cmkujga7x01euxw2ez0se2gpl
cmjqa2tj401swxw8yevi6umon,2025-12-28T22:05:22.812Z,2026-08-04T15:49:16.996Z,TCNMEM14904,2,cmkujga7z01evxw2eyqcjkf1p
cmjqa2tj401sxxw8yzeh4xwyv,2025-12-28T22:05:22.812Z,2026-08-04T15:49:17.006Z,TCNMEM14905,2,cmkujga8001ewxw2e16s3vtge
cmjqa2tj401syxw8yv7lky22u,2025-12-28T22:05:22.812Z,2026-08-04T15:49:17.015Z,TCNMEM14906,2,cmkujga8201exxw2eqcn3v7ts
cmjqa2tj401szxw8ycdt2w50r,2025-12-28T22:05:22.812Z,2026-08-04T15:49:17.025Z,TCNMEM14907,2,cmkujga8301eyxw2ednicmgc4
cmjqa2tj401t0xw8yx1cviscl,2025-12-28T22:05:22.812Z,2026-08-04T15:49:17.034Z,TCNMEM14908,2,cmkujga8501ezxw2ekq4rusks
cmjqa2tj401t1xw8y8rvflibw,2025-12-28T22:05:22.812Z,2026-08-04T15:49:17.043Z,TCNMEM14909,2,cmkujga8701f0xw2e8e01mx9e
cmjqa2tj401t2xw8ywgoyng7o,2025-12-28T22:05:22.812Z,2026-08-04T15:49:17.055Z,TCNMEM14910,2,cmkujga8801f1xw2eapzldqya
cmjqa2tj401t3xw8yhlrklsav,2025-12-28T22:05:22.812Z,2026-08-04T15:49:17.067Z,TCNMEM14911,2,cmkujga8a01f2xw2e5amsww5w
cmjqa2tj401t4xw8yfqu8zcin,2025-12-28T22:05:22.812Z,2026-08-04T15:49:17.077Z,TCNMEM14912,2,cmkujga8c01f3xw2ew99z7h4b
cmjqa2tj401t6xw8yr5jm8zss,2025-12-28T22:05:22.812Z,2026-08-04T15:49:17.087Z,TCNMEM14914,2,cmkujga8f01f5xw2ehbgdq5t1
cmjqa2tj401t7xw8y8fel2o0t,2025-12-28T22:05:22.812Z,2026-08-04T15:49:17.096Z,TCNMEM14915,2,cmkujga8h01f6xw2ebgu2f0vj
cmjqa2tj401t9xw8y8u2j5cf3,2025-12-28T22:05:22.812Z,2026-08-04T15:49:17.110Z,TCNMEM14917,2,cmkujga8k01f8xw2ejx3r3wx8
cmjqa2tj401taxw8ystlmpxoz,2025-12-28T22:05:22.812Z,2026-08-04T15:49:17.123Z,TCNMEM14918,2,cmkujga8m01f9xw2ejsr8jhpd
cmjqa2tj401tbxw8yhbu3doj4,2025-12-28T22:05:22.812Z,2026-08-04T15:49:17.132Z,TCNMEM14919,2,cmkujga8o01faxw2ejj3nov5o
cmjqa2tj401tcxw8yfgowjf2v,2025-12-28T22:05:22.812Z,2026-08-04T15:49:17.140Z,TCNMEM14920,2,cmkujga8p01fbxw2eu6tr5qe5
cmjqa2tj401tdxw8yqgc4atco,2025-12-28T22:05:22.812Z,2026-08-04T15:49:17.150Z,TCNMEM14921,2,cmkujga8r01fcxw2e7iyrmvcn
cmjqa2tj401texw8y5gfcqfrd,2025-12-28T22:05:22.812Z,2026-08-04T15:49:17.158Z,TCNMEM14922,2,cmkujga8s01fdxw2enrtk04t9
cmjqa2tj401tfxw8yvhd8jtb6,2025-12-28T22:05:22.812Z,2026-08-04T15:49:17.168Z,TCNMEM14923,2,cmkujga8u01fexw2em0g2qf5u
cmjqa2tj401tgxw8y7yn6guxd,2025-12-28T22:05:22.812Z,2026-08-04T15:49:17.178Z,TCNMEM14924,2,cmkujga8w01ffxw2e7gxe6vhz
cmjqa2tj401thxw8ylebdbhev,2025-12-28T22:05:22.812Z,2026-08-04T15:49:17.188Z,TCNMEM14925,2,cmkujga8x01fgxw2eeb7hqg94
cmjqa2tj401tixw8yodnln1sl,2025-12-28T22:05:22.812Z,2026-08-04T15:49:17.198Z,TCNMEM14926,2,cmkujga8z01fhxw2e0jztgqk9
cmjqa2tj401tjxw8y1o2u7mc5,2025-12-28T22:05:22.812Z,2026-08-04T15:49:17.208Z,TCNMEM14927,2,cmkujga9101fixw2ex2h77cui
cmjqa2tj401tkxw8y05aiuqdn,2025-12-28T22:05:22.812Z,2026-08-04T15:49:17.219Z,TCNMEM14928,2,cmkujga9201fjxw2e2cb6i3k3
cmjqa2tj401tlxw8yfinyeap0,2025-12-28T22:05:22.812Z,2026-08-04T15:49:17.229Z,TCNMEM14929,2,cmkujga9401fkxw2en94mal3b
cmjqa2tj401toxw8yuw6et12m,2025-12-28T22:05:22.812Z,2026-08-04T15:49:17.243Z,TCNMEM14932,2,cmkujga9901fnxw2e6htlul4e
cmjqa2tj401tpxw8yz81oz2fa,2025-12-28T22:05:22.812Z,2026-08-04T15:49:17.255Z,TCNMEM14933,2,cmkujga9a01foxw2ep6e7n3lv
cmjqa2tj401tqxw8ydfcb28cu,2025-12-28T22:05:22.812Z,2026-08-04T15:49:17.266Z,TCNMEM14934,2,cmkujga9c01fpxw2eygyuro9r
cmjqa2tj401trxw8y3ol2bi5k,2025-12-28T22:05:22.812Z,2026-08-04T15:49:17.276Z,TCNMEM14935,2,cmkujga9e01fqxw2ep1jupugw
cmjqa2tj401tsxw8yl5wn766x,2025-12-28T22:05:22.812Z,2026-08-04T15:49:17.286Z,TCNMEM14936,2,cmkujga9f01frxw2ecok0u3fw
cmjqa2tj501tuxw8y9d6fygyk,2025-12-28T22:05:22.812Z,2026-08-04T15:49:17.297Z,TCNMEM14938,2,cmkujga9i01ftxw2e8wzn74j6
cmjqa2tj501tvxw8yx8ke8mf2,2025-12-28T22:05:22.812Z,2026-08-04T15:49:17.310Z,TCNMEM14939,2,cmkujga9k01fuxw2em8y5vvww
cmjqa2tj501twxw8yj3l9mli7,2025-12-28T22:05:22.812Z,2026-08-04T15:49:17.319Z,TCNMEM14940,2,cmkujga9m01fvxw2esfie5vvm
cmjqa2tj501txxw8yn8yym9et,2025-12-28T22:05:22.812Z,2026-08-04T15:49:17.328Z,TCNMEM14941,2,cmkujga9n01fwxw2e17uaeko1
cmjqa2tj501tzxw8y4maa8609,2025-12-28T22:05:22.812Z,2026-08-04T15:49:17.337Z,TCNMEM14943,2,cmkujga9r01fyxw2ewpd3te89
cmjqa2tj501u1xw8ylbxm6jpa,2025-12-28T22:05:22.812Z,2026-08-04T15:49:17.349Z,TCNMEM14945,2,cmkujga9u01g0xw2e1e5h37gr
cmjqa2tj501u2xw8yc4elmzcz,2025-12-28T22:05:22.812Z,2026-08-04T15:49:17.359Z,TCNMEM14946,2,cmkujga9w01g1xw2ed3xlcjnv
cmjqa2tj501u3xw8y7lbaq7e9,2025-12-28T22:05:22.812Z,2026-08-04T15:49:17.368Z,TCNMEM14947,2,cmkujga9x01g2xw2e2k4qudjy
cmjqa2tj501u4xw8ywi3dg4vd,2025-12-28T22:05:22.812Z,2026-08-04T15:49:17.380Z,TCNMEM14948,2,cmkujga9z01g3xw2ev4i4rmdh
cmjqa2tj501u5xw8yr8bsajab,2025-12-28T22:05:22.812Z,2026-08-04T15:49:17.391Z,TCNMEM14949,2,cmkujgaa101g4xw2e5fbfkud3
cmjqa2tj501u6xw8ybttegke7,2025-12-28T22:05:22.812Z,2026-08-04T15:49:17.404Z,TCNMEM14950,2,cmkujgaa201g5xw2eayu8rryg
cmjqa2tj501u7xw8y6siyo0rx,2025-12-28T22:05:22.812Z,2026-08-04T15:49:17.415Z,TCNMEM14951,2,cmkujgaa401g6xw2e94v1ce9e
cmjqa2tj501u8xw8yieqfjzzg,2025-12-28T22:05:22.812Z,2026-08-04T15:49:17.426Z,TCNMEM14952,2,cmkujgaa601g7xw2ev17jf9fk
cmjqa2tj501u9xw8ycv376qgi,2025-12-28T22:05:22.812Z,2026-08-04T15:49:17.437Z,TCNMEM14953,2,cmkujgaa701g8xw2e3i54a824
cmjqa2tj501uaxw8ylz51p3fj,2025-12-28T22:05:22.812Z,2026-08-04T15:49:17.448Z,TCNMEM14954,2,cmkujgaa901g9xw2etgejl5y7
cmjqa2tj501ubxw8yjxr324ci,2025-12-28T22:05:22.812Z,2026-08-04T15:49:17.459Z,TCNMEM14955,2,cmkujgaaa01gaxw2ewyrvo38i
cmjqa2tj501ucxw8ypochu38n,2025-12-28T22:05:22.812Z,2026-08-04T15:49:24.652Z,TCNMEM14956,2,cmkujgaac01gbxw2egtx145ko
cmjqa2tj501udxw8yfvzq5e1v,2025-12-28T22:05:22.812Z,2026-08-04T15:49:24.662Z,TCNMEM14957,2,cmkujgaae01gcxw2e06sczpm5
cmjqa2tj501uexw8yf0ayfjnh,2025-12-28T22:05:22.812Z,2026-08-04T15:49:24.673Z,TCNMEM14958,2,cmkujgaaf01gdxw2e4p0zv5g8
cmjqa2tj501ufxw8yd88voj3h,2025-12-28T22:05:22.812Z,2026-08-04T15:49:24.682Z,TCNMEM14959,2,cmkujgaah01gexw2e24jg61p3
cmjqa2tj501ugxw8yhkl4zaqg,2025-12-28T22:05:22.812Z,2026-08-04T15:49:24.691Z,TCNMEM14960,2,cmkujgaaj01gfxw2ecxdap35i
cmjqa2tj501uixw8y9e9wsat5,2025-12-28T22:05:22.812Z,2026-08-04T15:49:24.699Z,TCNMEM14962,2,cmkujgaam01ghxw2epci05o84
cmjqa2tj501ujxw8yh8kldfqz,2025-12-28T22:05:22.812Z,2026-08-04T15:49:24.707Z,TCNMEM14963,2,cmkujgaao01gixw2e4fhfw3st
cmjqa2tj501ukxw8yqc1jnplp,2025-12-28T22:05:22.812Z,2026-08-04T15:49:24.715Z,TCNMEM14964,2,cmkujgaap01gjxw2e0oof1jht
cmjqa2tj501umxw8yrc6646i3,2025-12-28T22:05:22.812Z,2026-08-04T15:49:24.737Z,TCNMEM14966,2,cmkujgaat01glxw2ei7kkdffw
cmjqa2tj501unxw8yd0ivmu9h,2025-12-28T22:05:22.812Z,2026-08-04T15:49:24.748Z,TCNMEM14967,2,cmkujgaau01gmxw2e6b24v6u3
cmjqa2tj501uoxw8y7indxu9d,2025-12-28T22:05:22.812Z,2026-08-04T15:49:24.757Z,TCNMEM14968,2,cmkujgaaw01gnxw2e0tic1yoa
cmjqa2tj501upxw8yiwhykyn8,2025-12-28T22:05:22.812Z,2026-08-04T15:49:24.766Z,TCNMEM14969,2,cmkujgaax01goxw2ecxkn7gnv
cmjqa2tj501uqxw8ykkyjqos2,2025-12-28T22:05:22.812Z,2026-08-04T15:49:24.775Z,TCNMEM14970,2,cmkujgaaz01gpxw2ejh6n4uaa
cmjqa2tj501urxw8yhqdpgohm,2025-12-28T22:05:22.812Z,2026-08-04T15:49:24.784Z,TCNMEM14971,2,cmkujgab101gqxw2e1mkm65r8
cmjqa2tj501usxw8yaagzsdbv,2025-12-28T22:05:22.812Z,2026-08-04T15:49:24.794Z,TCNMEM14972,2,cmkujgab201grxw2eoizj1gjn
cmjqa2tj501utxw8yml4lajcr,2025-12-28T22:05:22.812Z,2026-08-04T15:49:24.804Z,TCNMEM14973,2,cmkujgab401gsxw2e4e98lgv6
cmjqa2tj501uuxw8yldhprz8g,2025-12-28T22:05:22.812Z,2026-08-04T15:49:24.813Z,TCNMEM14974,2,cmkujgab601gtxw2erani7sxr
cmjqa2tj501uvxw8yurlvcgcc,2025-12-28T22:05:22.812Z,2026-08-04T15:49:24.821Z,TCNMEM14975,2,cmkujgab701guxw2et6todoud
cmjqa2tj501uwxw8y84elti2a,2025-12-28T22:05:22.812Z,2026-08-04T15:49:24.831Z,TCNMEM14976,2,cmkujgab901gvxw2eveqsn5hs
cmjqa2tj501uxxw8yv555c682,2025-12-28T22:05:22.812Z,2026-08-04T15:49:24.841Z,TCNMEM14977,2,cmkujgabb01gwxw2e7ipugy5v
cmjqa2tj501uzxw8y75jt4i6v,2025-12-28T22:05:22.812Z,2026-08-04T15:49:24.850Z,TCNMEM14979,2,cmkujgabe01gyxw2edefhssps
cmjqa2tj501v0xw8yuwj6mw8y,2025-12-28T22:05:22.812Z,2026-08-04T15:49:24.860Z,TCNMEM14980,2,cmkujgabf01gzxw2e06b4bjbx
cmjqa2tj501v2xw8yo9wjzfdw,2025-12-28T22:05:22.812Z,2026-08-04T15:49:24.868Z,TCNMEM14982,2,cmkujgabj01h1xw2e4ikxxet5
cmjqa2tj501v4xw8y8lfnw0gi,2025-12-28T22:05:22.812Z,2026-08-04T15:49:24.877Z,TCNMEM14984,2,cmkujgabm01h3xw2e5b3q75sb
cmjqa2tj501v5xw8ys0p61iia,2025-12-28T22:05:22.812Z,2026-08-04T15:49:24.887Z,TCNMEM14985,2,cmkujgabn01h4xw2ejddr3bx5
cmjqa2tj501v6xw8y4afd0at6,2025-12-28T22:05:22.812Z,2026-08-04T15:49:24.897Z,TCNMEM14986,2,cmkujgabp01h5xw2e487kwguq
cmjqa2tj501v7xw8yihwbd3qu,2025-12-28T22:05:22.812Z,2026-08-04T15:49:24.906Z,TCNMEM14987,2,cmkujgabr01h6xw2ehuzmqczh
cmjqa2tj501v9xw8yoaxqo2qn,2025-12-28T22:05:22.812Z,2026-08-04T15:49:24.915Z,TCNMEM14989,2,cmkujgabu01h8xw2e6tng464g
cmjqa2tj501vaxw8yg67a4xjl,2025-12-28T22:05:22.812Z,2026-08-04T15:49:24.925Z,TCNMEM14990,2,cmkujgabv01h9xw2eqd2znpiy
cmjqa2tj501vbxw8yn3koewrn,2025-12-28T22:05:22.812Z,2026-08-04T15:49:24.933Z,TCNMEM14991,2,cmkujgabx01haxw2e09mz4kev
cmjqa2tj501vcxw8y8yb1sryx,2025-12-28T22:05:22.812Z,2026-08-04T15:49:24.940Z,TCNMEM14992,2,cmkujgabz01hbxw2eejdod4t0
cmjqa2tj501vexw8yumcv8l7d,2025-12-28T22:05:22.812Z,2026-08-04T15:49:24.954Z,TCNMEM14994,2,cmkujgac201hdxw2ep3pf1fa7
cmjqa2tj501vfxw8yaw750w6c,2025-12-28T22:05:22.812Z,2026-08-04T15:49:24.963Z,TCNMEM14995,2,cmkujgac401hexw2eg7qv1bh9
cmjqa2tj501vgxw8yzx9jt4n0,2025-12-28T22:05:22.812Z,2026-08-04T15:49:24.972Z,TCNMEM14996,2,cmkujgac501hfxw2ecmbaw6gi
cmjqa2tj501vhxw8yg3ff1yyw,2025-12-28T22:05:22.812Z,2026-08-04T15:49:24.981Z,TCNMEM14997,2,cmkujgac701hgxw2ehx6epiqx
cmjqa2tj501vlxw8ydm6eoxzx,2025-12-28T22:05:22.812Z,2026-08-04T15:49:24.991Z,TCNMEM15001,2,cmkujgace01hkxw2e25tegiq0
cmjqa2tj501vmxw8ycbdd6l75,2025-12-28T22:05:22.812Z,2026-08-04T15:49:24.999Z,TCNMEM15002,2,cmkujgacf01hlxw2ea5xwwlc4
cmjqa2tj501vnxw8ytbhsqfup,2025-12-28T22:05:22.812Z,2026-08-04T15:49:25.008Z,TCNMEM15003,2,cmkujgach01hmxw2ev2sb5stn
cmjqa2tj501voxw8y9ch969lu,2025-12-28T22:05:22.812Z,2026-08-04T15:49:25.024Z,TCNMEM15004,2,cmkujgacj01hnxw2ed5b8jvtr
cmjqa2tj501vpxw8yln2bev7e,2025-12-28T22:05:22.812Z,2026-08-04T15:49:25.034Z,TCNMEM15005,2,cmkujgack01hoxw2esrn4gjgk
cmjqa2tj501vqxw8yrq92jgdh,2025-12-28T22:05:22.812Z,2026-08-04T15:49:25.045Z,TCNMEM15006,2,cmkujgacm01hpxw2emggwqo7k
cmjqa2tj501vrxw8yr7aeqrhq,2025-12-28T22:05:22.812Z,2026-08-04T15:49:25.056Z,TCNMEM15007,2,cmkujgacn01hqxw2ejvrp7dwy
cmjqa2tj501vtxw8yt30hhutj,2025-12-28T22:05:22.812Z,2026-08-04T15:49:25.065Z,TCNMEM15009,2,cmkujgacr01hsxw2evjmgn51r
cmjqa2tj501vuxw8yujf2d012,2025-12-28T22:05:22.812Z,2026-08-04T15:49:25.073Z,TCNMEM15010,2,cmkujgacs01htxw2ekb0jrbs5
cmjqa2tj501vvxw8yhjzsxo5v,2025-12-28T22:05:22.812Z,2026-08-04T15:49:25.082Z,TCNMEM15011,2,cmkujgacu01huxw2e1r0t8m8d
cmjqa2tj501vxxw8y8xn19bz0,2025-12-28T22:05:22.812Z,2026-08-04T15:49:25.091Z,TCNMEM15013,2,cmkujgacx01hwxw2e19ez815f
cmjqa2tj501w1xw8yufkyj8xs,2025-12-28T22:05:22.812Z,2026-08-04T15:49:25.099Z,TCNMEM15017,2,cmkujgad401i0xw2e45ygaqvk
cmjqa2tj501w2xw8yhuwo575f,2025-12-28T22:05:22.812Z,2026-08-04T15:49:25.110Z,TCNMEM15018,2,cmkujgad501i1xw2ecovw63rq
cmjqa2tj501w3xw8yjdqqr6pc,2025-12-28T22:05:22.812Z,2026-08-04T15:49:25.119Z,TCNMEM15019,2,cmkujgad701i2xw2e907qa9mn
cmjqa2tj501w7xw8yvleyi73j,2025-12-28T22:05:22.812Z,2026-08-04T15:49:25.126Z,TCNMEM15023,2,cmkujgadd01i6xw2e69wgmzlg
cmjqa2tj501w9xw8yyeos3i0s,2025-12-28T22:05:22.812Z,2026-08-04T15:49:25.133Z,TCNMEM15025,2,cmkujgadh01i8xw2ey4yyiw7g
cmjqa2tj501waxw8yhoz6rgfw,2025-12-28T22:05:22.812Z,2026-08-04T15:49:25.144Z,TCNMEM15026,2,cmkujgadi01i9xw2esd1ol526
cmjqa2tj501wbxw8y4ovxmpi3,2025-12-28T22:05:22.812Z,2026-08-04T15:49:25.152Z,TCNMEM15027,2,cmkujgadl01iaxw2e00hc214t
cmjqa2tj501wcxw8ymu6sk7ml,2025-12-28T22:05:22.812Z,2026-08-04T15:49:25.161Z,TCNMEM15028,2,cmkujgado01ibxw2eq8azzjrg
cmjqa2tj501wdxw8yeqrt56gu,2025-12-28T22:05:22.812Z,2026-08-04T15:49:25.169Z,TCNMEM15029,2,cmkujgadr01icxw2ekfs5eupd
cmjqa2tj601wexw8ybslz5sbi,2025-12-28T22:05:22.812Z,2026-08-04T15:49:25.179Z,TCNMEM15030,2,cmkujgadu01idxw2etlx4wywx
cmjqa2tj601wfxw8y0pykpft6,2025-12-28T22:05:22.812Z,2026-08-04T15:49:25.187Z,TCNMEM15031,2,cmkujgadx01iexw2ec0nppx7u
cmjqa2tj601wgxw8yn02z5igq,2025-12-28T22:05:22.812Z,2026-08-04T15:49:25.195Z,TCNMEM15032,2,cmkujgae101ifxw2e9jpywwyf
cmjqa2tj601whxw8y9p3w26kl,2025-12-28T22:05:22.812Z,2026-08-04T15:49:25.202Z,TCNMEM15033,2,cmkujgae401igxw2ejgoa49lf
cmjqa2tj601wixw8yd78ezuuc,2025-12-28T22:05:22.812Z,2026-08-04T15:49:25.209Z,TCNMEM15034,2,cmkujgae701ihxw2ewlim0yts
cmjqa2tj601wkxw8y86q17c6u,2025-12-28T22:05:22.812Z,2026-08-04T15:49:25.219Z,TCNMEM15036,2,cmkujgaee01ijxw2em0vsqko1
cmjqa2tj601wlxw8y5tbz8bep,2025-12-28T22:05:22.812Z,2026-08-04T15:49:25.228Z,TCNMEM15037,2,cmkujgaeh01ikxw2exy40l97s
cmjqa2tj601wnxw8ymwo0qm7l,2025-12-28T22:05:22.812Z,2026-08-04T15:49:25.238Z,TCNMEM15039,2,cmkujgaen01imxw2ed21skf08
cmjqa2tj601woxw8y4m6ubw2b,2025-12-28T22:05:22.812Z,2026-08-04T15:49:25.247Z,TCNMEM15040,2,cmkujgaer01inxw2ellgefdng
cmjqa2tj601wpxw8yexe5tlit,2025-12-28T22:05:22.812Z,2026-08-04T15:49:25.256Z,TCNMEM15041,2,cmkujgaeu01ioxw2etc99awjj
cmjqa2tj601wrxw8yslzzwhvu,2025-12-28T22:05:22.812Z,2026-08-04T15:49:25.265Z,TCNMEM15043,2,cmkujgaf001iqxw2enqdya5qy
cmjqa2tj601wsxw8yd24sztp6,2025-12-28T22:05:22.812Z,2026-08-04T15:49:25.273Z,TCNMEM15044,2,cmkujgaf301irxw2eslc1lhhh
cmjqa2tj601wtxw8yq89shoh5,2025-12-28T22:05:22.812Z,2026-08-04T15:49:25.282Z,TCNMEM15045,2,cmkujgaf701isxw2ernew36mx
cmjqa2tj601wvxw8yb9j9kf4z,2025-12-28T22:05:22.812Z,2026-08-04T15:49:25.293Z,TCNMEM15047,2,cmkujgafd01iuxw2eyob5fb2h
cmjqa2tj601wwxw8yj4mxm1sy,2025-12-28T22:05:22.812Z,2026-08-04T15:49:25.305Z,TCNMEM15048,2,cmkujgafg01ivxw2e586tah07
cmjqa2tj601wyxw8y39ndkohm,2025-12-28T22:05:22.812Z,2026-08-04T15:49:25.319Z,TCNMEM15050,2,cmkujgafn01ixxw2e1q5afhzn
cmjqa2tj601wzxw8ylm8v8mp6,2025-12-28T22:05:22.812Z,2026-08-04T15:49:25.331Z,TCNMEM15051,2,cmkujgafq01iyxw2en01eoxuw
cmjqa2tj601x1xw8y9c7wq5n1,2025-12-28T22:05:22.812Z,2026-08-04T15:49:25.341Z,TCNMEM15053,2,cmkujgafw01j0xw2e0jobb2nf
cmjqa2tj601x2xw8ydpljpc3l,2025-12-28T22:05:22.812Z,2026-08-04T15:49:25.351Z,TCNMEM15054,2,cmkujgafz01j1xw2e3mpu5smr
cmjqa2tj601x6xw8y8jdeggkf,2025-12-28T22:05:22.812Z,2026-08-04T15:49:25.359Z,TCNMEM15058,2,cmkujgagc01j5xw2eun22ashc
cmjqa2tj601x7xw8y9n2r827k,2025-12-28T22:05:22.812Z,2026-08-04T15:49:25.370Z,TCNMEM15059,2,cmkujgagg01j6xw2e7rd1mqg0
cmjqa2tj601x8xw8yzydd70aw,2025-12-28T22:05:22.812Z,2026-08-04T15:49:25.379Z,TCNMEM15060,2,cmkujgagi01j7xw2e7poadyc1
cmjqa2tj601x9xw8yz4ec0mem,2025-12-28T22:05:22.812Z,2026-08-04T15:49:25.390Z,TCNMEM15061,2,cmkujgagk01j8xw2ebik73goe
cmjqa2tj601xaxw8yei5xli72,2025-12-28T22:05:22.812Z,2026-08-04T15:49:25.403Z,TCNMEM15062,2,cmkujgagm01j9xw2eh9bw0hlf
cmjqa2tj601xbxw8yc28aopzk,2025-12-28T22:05:22.812Z,2026-08-04T15:49:25.414Z,TCNMEM15063,2,cmkujgago01jaxw2e4qquxdbc
cmjqa2tj601xcxw8yy07xx7xe,2025-12-28T22:05:22.812Z,2026-08-04T15:49:25.423Z,TCNMEM15064,2,cmkujgagq01jbxw2ezaclt34u
cmjqa2tj601xjxw8ylq6dxe2t,2025-12-28T22:05:22.812Z,2026-08-04T15:49:25.434Z,TCNMEM15071,2,cmkujgah101jixw2eu1cxhddw
cmjqa2tjn01xkxw8y11o4962u,2025-12-28T22:05:22.836Z,2026-08-04T15:49:25.445Z,TCNMEM15072,2,cmkujgah201jjxw2e7pngorvl
cmjqa2tjx01xmxw8y4pfyr37e,2025-12-28T22:05:22.845Z,2026-08-04T15:49:25.455Z,TCNMEM15074,2,cmkujgah501jlxw2esheypp2f
cmjqa2tjy01xnxw8y7sbu66bs,2025-12-28T22:05:22.845Z,2026-08-04T15:49:25.464Z,TCNMEM15075,2,cmkujgah601jmxw2ep38b2pl2
cmjqa2tjy01xoxw8ybjosvbk2,2025-12-28T22:05:22.845Z,2026-08-04T15:49:25.472Z,TCNMEM15076,2,cmkujgah801jnxw2edkhrn16q
cmjqa2tjy01xpxw8yjn79t1z9,2025-12-28T22:05:22.845Z,2026-08-04T15:49:25.481Z,TCNMEM15077,2,cmkujgah901joxw2ebbibvrlb
cmjqa2tjy01xqxw8ycmx0aci8,2025-12-28T22:05:22.845Z,2026-08-04T15:49:25.490Z,TCNMEM15078,2,cmkujgahb01jpxw2eazcgfnar
cmjqa2tjy01xrxw8yyyvumuoo,2025-12-28T22:05:22.845Z,2026-08-04T15:49:25.501Z,TCNMEM15079,2,cmkujgahc01jqxw2ec3sc3ypi
cmjqa2tjy01xtxw8yxem59ckk,2025-12-28T22:05:22.845Z,2026-08-04T15:49:25.511Z,TCNMEM15081,2,cmkujgahf01jsxw2ebyp1qx02
cmjqa2tjy01xxxw8yc21lv99i,2025-12-28T22:05:22.845Z,2026-08-04T15:49:25.520Z,TCNMEM15085,2,cmkujgahk01jwxw2ej05k77be
cmjqa2tjy01xyxw8y5u7yx531,2025-12-28T22:05:22.845Z,2026-08-04T15:49:25.529Z,TCNMEM15086,2,cmkujgahm01jxxw2e5xdrd78h
cmjqa2tjy01xzxw8y1pcq1g5k,2025-12-28T22:05:22.845Z,2026-08-04T15:49:25.539Z,TCNMEM15087,2,cmkujgahn01jyxw2ecaifuac0
cmjqa2tjy01y0xw8yli08zz9s,2025-12-28T22:05:22.845Z,2026-08-04T15:49:25.549Z,TCNMEM15088,2,cmkujgaho01jzxw2ead91vcbw
cmjqa2tjy01y1xw8y60ojnu0y,2025-12-28T22:05:22.845Z,2026-08-04T15:49:25.558Z,TCNMEM15089,2,cmkujgahq01k0xw2e3lsrw968
cmjqa2tjy01y2xw8y2q7fvymo,2025-12-28T22:05:22.845Z,2026-08-04T15:49:25.573Z,TCNMEM15090,2,cmkujgahr01k1xw2en0n9ke8y
cmjqa2tjy01y3xw8yzoyvrpgx,2025-12-28T22:05:22.845Z,2026-08-04T15:49:25.581Z,TCNMEM15091,2,cmkujgaht01k2xw2ewuiiyquc
cmjqa2tjy01y4xw8yi87jc6uk,2025-12-28T22:05:22.845Z,2026-08-04T15:49:25.589Z,TCNMEM15092,2,cmkujgahu01k3xw2e2j939pxz
cmjqa2tjy01y5xw8ytdri2xzc,2025-12-28T22:05:22.845Z,2026-08-04T15:49:25.596Z,TCNMEM15093,2,cmkujgahv01k4xw2ep2zhgk8m
cmjqa2tjy01y6xw8yc4lleua7,2025-12-28T22:05:22.845Z,2026-08-04T15:49:25.604Z,TCNMEM15094,2,cmkujgahx01k5xw2ed5zct3d9
cmjqa2tjy01y7xw8yeaf8sram,2025-12-28T22:05:22.845Z,2026-08-04T15:49:32.908Z,TCNMEM15095,2,cmkujgahy01k6xw2e3lyex2jt
cmjqa2tjy01y8xw8yngbu1sur,2025-12-28T22:05:22.845Z,2026-08-04T15:49:32.918Z,TCNMEM15096,2,cmkujgahz01k7xw2e14g36tje
cmjqa2tjy01y9xw8y5bqgrb5k,2025-12-28T22:05:22.845Z,2026-08-04T15:49:32.932Z,TCNMEM15097,2,cmkujgai101k8xw2eatto5oex
cmjqa2tjy01yaxw8y0092elfk,2025-12-28T22:05:22.845Z,2026-08-04T15:49:32.943Z,TCNMEM15098,2,cmkujgai201k9xw2e7e2kvj5s
cmjqa2tjy01ybxw8y8y1gd57i,2025-12-28T22:05:22.845Z,2026-08-04T15:49:32.955Z,TCNMEM15099,2,cmkujgai401kaxw2exu1vodzj
cmjqa2tjy01ycxw8y79w8y036,2025-12-28T22:05:22.845Z,2026-08-04T15:49:32.966Z,TCNMEM15100,2,cmkujgai501kbxw2epxk4946m
cmjqa2tjy01ydxw8y0pjj29xz,2025-12-28T22:05:22.845Z,2026-08-04T15:49:32.978Z,TCNMEM15101,2,cmkujgai601kcxw2ezfwwl8b2
cmjqa2tjy01yexw8y1uaw2rny,2025-12-28T22:05:22.845Z,2026-08-04T15:49:32.989Z,TCNMEM15102,2,cmkujgai801kdxw2e6axf7cof
cmjqa2tjy01yfxw8yobzzqpyb,2025-12-28T22:05:22.845Z,2026-08-04T15:49:33.001Z,TCNMEM15103,2,cmkujgai901kexw2evgjan8v6
cmjqa2tjy01yhxw8ytknqcfro,2025-12-28T22:05:22.845Z,2026-08-04T15:49:33.011Z,TCNMEM15105,2,cmkujgaic01kgxw2ediw8nlk4
cmjqa2tjy01yixw8yqzm287fk,2025-12-28T22:05:22.845Z,2026-08-04T15:49:33.024Z,TCNMEM15106,2,cmkujgaid01khxw2e4fod5tcj
cmjqa2tjy01yjxw8yfi563hy5,2025-12-28T22:05:22.845Z,2026-08-04T15:49:33.034Z,TCNMEM15107,2,cmkujgaif01kixw2eyhr5u0l1
cmjqa2tjy01ykxw8yiclmk7pt,2025-12-28T22:05:22.845Z,2026-08-04T15:49:33.042Z,TCNMEM15108,2,cmkujgaig01kjxw2es51qxpvb
cmjqa2tjy01ylxw8y3sjcq6wa,2025-12-28T22:05:22.845Z,2026-08-04T15:49:33.058Z,TCNMEM15109,2,cmkujgaih01kkxw2e4spsh0a5
cmjqa2tjy01ymxw8y8yudrggj,2025-12-28T22:05:22.845Z,2026-08-04T15:49:33.070Z,TCNMEM15110,2,cmkujgaij01klxw2e0naygkcv
cmjqa2tjy01yoxw8ymfecpnkh,2025-12-28T22:05:22.845Z,2026-08-04T15:49:33.082Z,TCNMEM15112,2,cmkujgail01knxw2e9ip7b12b
cmjqa2tjy01ypxw8yztifw4lf,2025-12-28T22:05:22.845Z,2026-08-04T15:49:33.095Z,TCNMEM15113,2,cmkujgain01koxw2e28bwaahf
cmjqa2tjy01yqxw8y097spnen,2025-12-28T22:05:22.845Z,2026-08-04T15:49:33.106Z,TCNMEM15114,2,cmkujgaio01kpxw2et5osjnmw
cmjqa2tjy01yrxw8y4iu4w3am,2025-12-28T22:05:22.845Z,2026-08-04T15:49:33.118Z,TCNMEM15115,2,cmkujgaip01kqxw2ekhigrz31
cmjqa2tjy01ysxw8yl6rmx53i,2025-12-28T22:05:22.845Z,2026-08-04T15:49:33.129Z,TCNMEM15116,2,cmkujgair01krxw2eao2bp2x6
cmjqa2tjy01yvxw8yavo5xjn9,2025-12-28T22:05:22.845Z,2026-08-04T15:49:33.140Z,TCNMEM15119,2,cmkujgaiv01kuxw2ep1iwplq2
cmjqa2tjy01ywxw8yg5frsisv,2025-12-28T22:05:22.845Z,2026-08-04T15:49:33.152Z,TCNMEM15120,2,cmkujgaiw01kvxw2eqj7xhzjj
cmjqa2tjy01yxxw8ys3dbi2wk,2025-12-28T22:05:22.845Z,2026-08-04T15:49:33.162Z,TCNMEM15121,2,cmkujgaiy01kwxw2e6p4dv57o
cmjqa2tjy01yyxw8y5rha21tl,2025-12-28T22:05:22.845Z,2026-08-04T15:49:33.174Z,TCNMEM15122,2,cmkujgaj001kxxw2ebaw3fa66
cmjqa2tjy01yzxw8yg9fv63ro,2025-12-28T22:05:22.845Z,2026-08-04T15:49:33.187Z,TCNMEM15123,2,cmkujgaj101kyxw2etidf47y9
cmjqa2tjy01z0xw8y415vrxn2,2025-12-28T22:05:22.845Z,2026-08-04T15:49:33.203Z,TCNMEM15124,2,cmkujgaj201kzxw2erapnkdyv
cmjqa2tjy01z2xw8yfmtdlsng,2025-12-28T22:05:22.845Z,2026-08-04T15:49:33.213Z,TCNMEM15126,2,cmkujgaj501l1xw2egax9d3ys
cmjqa2tjy01z5xw8yt4xkruj7,2025-12-28T22:05:22.845Z,2026-08-04T15:49:33.225Z,TCNMEM15129,2,cmkujgaj901l4xw2embzo48b1
cmjqa2tjy01z6xw8yxzxrfhw7,2025-12-28T22:05:22.845Z,2026-08-04T15:49:33.234Z,TCNMEM15130,2,cmkujgajb01l5xw2edt01muy9
cmjqa2tjy01z7xw8yywzjtsbp,2025-12-28T22:05:22.845Z,2026-08-04T15:49:33.245Z,TCNMEM15131,2,cmkujgajc01l6xw2ee655jhus
cmjqa2tjy01z8xw8yowoizq9h,2025-12-28T22:05:22.845Z,2026-08-04T15:49:33.255Z,TCNMEM15132,2,cmkujgaje01l7xw2e1muyjg2c
cmjqa2tjy01zaxw8y17mdqsny,2025-12-28T22:05:22.845Z,2026-08-04T15:49:33.264Z,TCNMEM15134,2,cmkujgajl01l9xw2ec493pnq7
cmjqa2tjy01zbxw8ydd6gvrmx,2025-12-28T22:05:22.845Z,2026-08-04T15:49:33.274Z,TCNMEM15135,2,cmkujgajo01laxw2eels0lggy
cmjqa2tjy01zcxw8yv74xz8em,2025-12-28T22:05:22.845Z,2026-08-04T15:49:33.285Z,TCNMEM15136,2,cmkujgajr01lbxw2e5vcd4kyz
cmjqa2tjy01zdxw8yno2vzj2p,2025-12-28T22:05:22.845Z,2026-08-04T15:49:33.297Z,TCNMEM15137,2,cmkujgaju01lcxw2edolgsxpa
cmjqa2tjy01zfxw8yst4czly9,2025-12-28T22:05:22.845Z,2026-08-04T15:49:33.308Z,TCNMEM15139,2,cmkujgak101lexw2erw888zbw
cmjqa2tjy01zgxw8yjgegkfr6,2025-12-28T22:05:22.845Z,2026-08-04T15:49:33.318Z,TCNMEM15140,2,cmkujgak401lfxw2ehikkrv21
cmjqa2tjy01zkxw8y6opw3i81,2025-12-28T22:05:22.845Z,2026-08-04T15:49:33.330Z,TCNMEM15144,2,cmkujgakh01ljxw2ekghf9ip0
cmjqa2tjy01zmxw8yjxuqf3xh,2025-12-28T22:05:22.845Z,2026-08-04T15:49:33.341Z,TCNMEM15146,2,cmkujgako01llxw2ebmbhnyrr
cmjqa2tjy01znxw8yon5py6ft,2025-12-28T22:05:22.845Z,2026-08-04T15:49:33.352Z,TCNMEM15147,2,cmkujgakr01lmxw2efl24mmg9
cmjqa2tjy01zpxw8yme59oqrk,2025-12-28T22:05:22.845Z,2026-08-04T15:49:33.362Z,TCNMEM15149,2,cmkujgal401loxw2ee91z73lk
cmjqa2tjy01zqxw8yxdr5hjru,2025-12-28T22:05:22.845Z,2026-08-04T15:49:33.374Z,TCNMEM15150,2,cmkujgal701lpxw2ey3rro8co
cmjqa2tjy01zsxw8yj6umoxk3,2025-12-28T22:05:22.845Z,2026-08-04T15:49:33.382Z,TCNMEM15152,2,cmkujgale01lrxw2emzv6jkuv
cmjqa2tjy01zvxw8yhvk5aolo,2025-12-28T22:05:22.845Z,2026-08-04T15:49:33.394Z,TCNMEM15155,2,cmkujgalo01luxw2erj5d9h4c
cmjqa2tjy01zxxw8ymjy814h8,2025-12-28T22:05:22.845Z,2026-08-04T15:49:33.404Z,TCNMEM15157,2,cmkujgalu01lwxw2e2pjk8uq9
cmjqa2tjy01zyxw8y3ziomjnl,2025-12-28T22:05:22.845Z,2026-08-04T15:49:33.413Z,TCNMEM15158,2,cmkujgalx01lxxw2ehwtvsxej
cmjqa2tjz0202xw8yde3ly9nv,2025-12-28T22:05:22.845Z,2026-08-04T15:49:33.424Z,TCNMEM15162,2,cmkujgamb01m1xw2ecno2u1q4
cmjqa2tjz0203xw8yxnf8jltt,2025-12-28T22:05:22.845Z,2026-08-04T15:49:33.436Z,TCNMEM15163,2,cmkujgame01m2xw2ert77l05i
cmjqa2tjz0204xw8yw0dqx3gf,2025-12-28T22:05:22.845Z,2026-08-04T15:49:33.447Z,TCNMEM15164,2,cmkujgamh01m3xw2e41zgfqtn
cmjqa2tjz0205xw8yqjjr5b5h,2025-12-28T22:05:22.845Z,2026-08-04T15:49:33.456Z,TCNMEM15165,2,cmkujgamk01m4xw2e6onz2y1u
cmjqa2tjz0206xw8yqcqq8s81,2025-12-28T22:05:22.845Z,2026-08-04T15:49:33.466Z,TCNMEM15166,2,cmkujgamo01m5xw2ejaybs69k
cmjqa2tjz0209xw8yce40y5fc,2025-12-28T22:05:22.845Z,2026-08-04T15:49:33.477Z,TCNMEM15169,2,cmkujgamx01m8xw2e8m2qlehh
cmjqa2tjz020bxw8yz8a3us9l,2025-12-28T22:05:22.845Z,2026-08-04T15:49:33.488Z,TCNMEM15171,2,cmkujgan401maxw2eypz1aq0m
cmjqa2tjz020exw8yceirx7wx,2025-12-28T22:05:22.845Z,2026-08-04T15:49:33.497Z,TCNMEM15174,2,cmkujgane01mdxw2exrukx9am
cmjqa2tjz020gxw8y255sfrll,2025-12-28T22:05:22.845Z,2026-08-04T15:49:33.509Z,TCNMEM15176,2,cmkujgank01mfxw2ecj4nd7x1
cmjqa2tjz020ixw8ytbtckvzl,2025-12-28T22:05:22.845Z,2026-08-04T15:49:33.517Z,TCNMEM15178,2,cmkujganr01mhxw2e8x5uy4rg
cmjqa2tjz020jxw8ydnsttkly,2025-12-28T22:05:22.845Z,2026-08-04T15:49:33.528Z,TCNMEM15179,2,cmkujganu01mixw2em8msuh1k
cmjqa2tjz020kxw8y9m44c2f8,2025-12-28T22:05:22.845Z,2026-08-04T15:49:33.537Z,TCNMEM15180,2,cmkujganx01mjxw2e3u4rxdff
cmjqa2tjz020lxw8y9mxs8slt,2025-12-28T22:05:22.845Z,2026-08-04T15:49:33.548Z,TCNMEM15181,2,cmkujgao101mkxw2e9gp8p4f8
cmjqa2tjz020mxw8y16fa2i0m,2025-12-28T22:05:22.845Z,2026-08-04T15:49:33.558Z,TCNMEM15182,2,cmkujgao401mlxw2et0dimblt
cmjqa2tjz020qxw8yenam0qbh,2025-12-28T22:05:22.845Z,2026-08-04T15:49:33.568Z,TCNMEM15186,2,cmkujgaoh01mpxw2es8ai6pnp
cmjqa2tjz020rxw8yk2tflfwn,2025-12-28T22:05:22.845Z,2026-08-04T15:49:33.589Z,TCNMEM15187,2,cmkujgaok01mqxw2em1wq7ofr
cmjqa2tjz020sxw8y1x0sukgr,2025-12-28T22:05:22.845Z,2026-08-04T15:49:33.601Z,TCNMEM15188,2,cmkujgaoo01mrxw2e2sketycu
cmjqa2tjz020uxw8yhamvtsd0,2025-12-28T22:05:22.845Z,2026-08-04T15:49:33.613Z,TCNMEM15190,2,cmkujgaou01mtxw2exm47qkbt
cmjqa2tjz020vxw8yge3zesjd,2025-12-28T22:05:22.845Z,2026-08-04T15:49:33.624Z,TCNMEM15191,2,cmkujgaox01muxw2ejldbtuai
cmjqa2tjz020wxw8y1zgqrnxj,2025-12-28T22:05:22.845Z,2026-08-04T15:49:33.636Z,TCNMEM15192,2,cmkujgap101mvxw2e5giwvoh6
cmjqa2tjz020xxw8yc8c98123,2025-12-28T22:05:22.845Z,2026-08-04T15:49:33.646Z,TCNMEM15193,2,cmkujgap401mwxw2e6nip9kh4
cmjqa2tjz020yxw8yihmucn8g,2025-12-28T22:05:22.845Z,2026-08-04T15:49:33.657Z,TCNMEM15194,2,cmkujgap701mxxw2elux0r97f
cmjqa2tjz020zxw8y9g8f2pg6,2025-12-28T22:05:22.845Z,2026-08-04T15:49:33.668Z,TCNMEM15195,2,cmkujgapa01myxw2eibf59f7o
cmjqa2tjz0210xw8y6vw9crlf,2025-12-28T22:05:22.845Z,2026-08-04T15:49:33.681Z,TCNMEM15196,2,cmkujgape01mzxw2eoeg42zqz
cmjqa2tjz0216xw8y0icp066w,2025-12-28T22:05:22.845Z,2026-08-04T15:49:33.693Z,TCNMEM15202,2,cmkujgapx01n5xw2ej7rkx9ak
cmjqa2tjz0218xw8ygvkxop85,2025-12-28T22:05:22.845Z,2026-08-04T15:49:33.704Z,TCNMEM15204,2,cmkujgaq401n7xw2ecsyi2urt
cmjqa2tjz021bxw8yssuh2fhd,2025-12-28T22:05:22.845Z,2026-08-04T15:49:33.713Z,TCNMEM15207,2,cmkujgaqe01naxw2ev0diok08
cmjqa2tjz021dxw8ytjc9t6is,2025-12-28T22:05:22.845Z,2026-08-04T15:49:33.725Z,TCNMEM15209,2,cmkujgaqk01ncxw2eeeyteg1a
cmjqa2tjz021exw8yql7pxmax,2025-12-28T22:05:22.845Z,2026-08-04T15:49:33.733Z,TCNMEM15210,2,cmkujgaqn01ndxw2ef4is1z9d
cmjqa2tjz021fxw8yyc9sqymn,2025-12-28T22:05:22.845Z,2026-08-04T15:49:33.743Z,TCNMEM15211,2,cmkujgaqr01nexw2epe4rmpa4
cmjqa2tjz021gxw8yq83gluyk,2025-12-28T22:05:22.845Z,2026-08-04T15:49:33.757Z,TCNMEM15212,2,cmkujgaqu01nfxw2etxh4rhyi
cmjqa2tjz021ixw8yl1ws100j,2025-12-28T22:05:22.845Z,2026-08-04T15:49:33.768Z,TCNMEM15214,2,cmkujgar001nhxw2ez8tnle7u
cmjqa2tjz021jxw8yf7adnskk,2025-12-28T22:05:22.845Z,2026-08-04T15:49:33.779Z,TCNMEM15215,2,cmkujgar401nixw2e2lubotzc
cmjqa2tjz021kxw8y454g22mv,2025-12-28T22:05:22.845Z,2026-08-04T15:49:33.791Z,TCNMEM15216,2,cmkujgar701njxw2ek5nbkt4o
cmjqa2tjz021pxw8ycuk83azh,2025-12-28T22:05:22.845Z,2026-08-04T15:49:33.803Z,TCNMEM15221,2,cmkujgaro01noxw2edhy1zcem
cmjqa2tjz021qxw8yn5amtv5r,2025-12-28T22:05:22.845Z,2026-08-04T15:49:33.817Z,TCNMEM15222,2,cmkujgarr01npxw2ennc1lt8m
cmjqa2tjz021sxw8y624jofau,2025-12-28T22:05:22.845Z,2026-08-04T15:49:33.830Z,TCNMEM15224,2,cmkujgarx01nrxw2e7871vq9a
cmjqa2tjz021txw8yeesvc37b,2025-12-28T22:05:22.845Z,2026-08-04T15:49:33.841Z,TCNMEM15225,2,cmkujgas101nsxw2euvxal3ke
cmjqa2tjz021wxw8yhm1qxks3,2025-12-28T22:05:22.845Z,2026-08-04T15:49:33.853Z,TCNMEM15228,2,cmkujgasb01nvxw2erbt1amhj
cmjqa2tjz021xxw8yt25vpq3x,2025-12-28T22:05:22.845Z,2026-08-04T15:49:33.861Z,TCNMEM15229,2,cmkujgase01nwxw2eef01tbjg
cmjqa2tjz021yxw8yel6e9xtb,2025-12-28T22:05:22.845Z,2026-08-04T15:49:33.884Z,TCNMEM15230,2,cmkujgash01nxxw2ehigicxsm
cmjqa2tjz021zxw8yt3w7jx87,2025-12-28T22:05:22.845Z,2026-08-04T15:49:33.896Z,TCNMEM15231,2,cmkujgask01nyxw2e7dstxjyb
cmjqa2tjz0221xw8yv7gtjcnd,2025-12-28T22:05:22.845Z,2026-08-04T15:49:33.906Z,TCNMEM15233,2,cmkujgasr01o0xw2eb1ky6x0u
cmjqa2tjz0224xw8ysnzk3igi,2025-12-28T22:05:22.845Z,2026-08-04T15:49:33.918Z,TCNMEM15236,2,cmkujgat101o3xw2e2evwsfgt
cmjqa2tjz0225xw8yf4vp5p7y,2025-12-28T22:05:22.845Z,2026-08-04T15:49:33.926Z,TCNMEM15237,2,cmkujgat401o4xw2ekaaxnj1b
cmjqa2tjz0226xw8yscaymecm,2025-12-28T22:05:22.845Z,2026-08-04T15:49:33.935Z,TCNMEM15238,2,cmkujgat701o5xw2e0o7c4gzd
cmjqa2tjz0227xw8yckgm0azv,2025-12-28T22:05:22.845Z,2026-08-04T15:49:33.950Z,TCNMEM15239,2,cmkujgatb01o6xw2ebxqd7k9b
cmjqa2tjz0228xw8y4er72qfp,2025-12-28T22:05:22.845Z,2026-08-04T15:49:33.963Z,TCNMEM15240,2,cmkujgate01o7xw2e0kqhhf3d
cmjqa2tjz0229xw8y9a55647x,2025-12-28T22:05:22.845Z,2026-08-04T15:49:33.973Z,TCNMEM15241,2,cmkujgath01o8xw2edegnadw1
cmjqa2tjz022bxw8y83je81fl,2025-12-28T22:05:22.845Z,2026-08-04T15:49:33.985Z,TCNMEM15243,2,cmkujgatn01oaxw2efsa9pdh9
cmjqa2tjz022cxw8yo4ryylwk,2025-12-28T22:05:22.845Z,2026-08-04T15:49:33.994Z,TCNMEM15244,2,cmkujgatr01obxw2e02hc2pcm
cmjqa2tjz022dxw8yy3hddbrv,2025-12-28T22:05:22.845Z,2026-08-04T15:49:34.008Z,TCNMEM15245,2,cmkujgatu01ocxw2ev4vlc37s
cmjqa2tjz022exw8y8bhbitq2,2025-12-28T22:05:22.845Z,2026-08-04T15:49:34.020Z,TCNMEM15246,2,cmkujgatx01odxw2esjaiqhog
cmjqa2tjz022gxw8y02prayex,2025-12-28T22:05:22.845Z,2026-08-04T15:49:34.033Z,TCNMEM15248,2,cmkujgau401ofxw2eqdh1how4
cmjqa2tjz022hxw8y2axwguz1,2025-12-28T22:05:22.845Z,2026-08-04T15:49:41.288Z,TCNMEM15249,2,cmkujgau801ogxw2e86hqplc7
cmjqa2tjz022ixw8y13t7mfon,2025-12-28T22:05:22.845Z,2026-08-04T15:49:41.299Z,TCNMEM15250,2,cmkujgaub01ohxw2ejr5jwgrf
cmjqa2tjz022jxw8ye6actubp,2025-12-28T22:05:22.845Z,2026-08-04T15:49:41.312Z,TCNMEM15251,2,cmkujgauf01oixw2ejpo14t9h
cmjqa2tk0022kxw8ybw8zibzi,2025-12-28T22:05:22.845Z,2026-08-04T15:49:41.326Z,TCNMEM15252,2,cmkujgaui01ojxw2e49nj7go2
cmjqa2tk0022nxw8yghbqo2jm,2025-12-28T22:05:22.845Z,2026-08-04T15:49:41.337Z,TCNMEM15255,2,cmkujgaus01omxw2eb9cpsd6x
cmjqa2tk0022oxw8ycbl7l7um,2025-12-28T22:05:22.845Z,2026-08-04T15:49:41.349Z,TCNMEM15256,2,cmkujgauv01onxw2eisu16dvn
cmjqa2tk0022pxw8y77pi5sxa,2025-12-28T22:05:22.845Z,2026-08-04T15:49:41.361Z,TCNMEM15257,2,cmkujgauy01ooxw2ei1kxl3cd
cmjqa2tk0022txw8yk6cmtjk8,2025-12-28T22:05:22.845Z,2026-08-04T15:49:41.379Z,TCNMEM15261,2,cmkujgavc01osxw2eaal5ndh3
cmjqa2tk0022wxw8y4jl8dj2z,2025-12-28T22:05:22.845Z,2026-08-04T15:49:41.390Z,TCNMEM15264,2,cmkujgavl01ovxw2eukj8jj2j
cmjqa2tk0022xxw8yg189y42e,2025-12-28T22:05:22.845Z,2026-08-04T15:49:41.401Z,TCNMEM15265,2,cmkujgavp01owxw2evhv1h72x
cmjqa2tk0022yxw8ygikhahrq,2025-12-28T22:05:22.845Z,2026-08-04T15:49:41.412Z,TCNMEM15266,2,cmkujgavs01oxxw2elj80cw64
cmjqa2tk0022zxw8yn8ac2woe,2025-12-28T22:05:22.845Z,2026-08-04T15:49:41.423Z,TCNMEM15267,2,cmkujgavv01oyxw2ey3z8d8f1
cmjqa2tk00230xw8y4ui7lw5k,2025-12-28T22:05:22.845Z,2026-08-04T15:49:41.435Z,TCNMEM15268,2,cmkujgavy01ozxw2eymlevdyc
cmjqa2tk00231xw8yigsd25wj,2025-12-28T22:05:22.845Z,2026-08-04T15:49:41.446Z,TCNMEM15269,2,cmkujgaw201p0xw2eycp8iek9
cmjqa2tk00232xw8yvm7wtizn,2025-12-28T22:05:22.845Z,2026-08-04T15:49:41.455Z,TCNMEM15270,2,cmkujgaw501p1xw2e5ewd16sw
cmjqa2tk00233xw8y7cpleqtk,2025-12-28T22:05:22.845Z,2026-08-04T15:49:41.465Z,TCNMEM15271,2,cmkujgaw801p2xw2e80cim1gg
cmjqa2tk00234xw8ymv8fwbjg,2025-12-28T22:05:22.845Z,2026-08-04T15:49:41.474Z,TCNMEM15272,2,cmkujgawc01p3xw2emzrqmer9
cmjqa2tk00235xw8yqe0q2tpt,2025-12-28T22:05:22.845Z,2026-08-04T15:49:41.483Z,TCNMEM15273,2,cmkujgawf01p4xw2e07z9ijvp
cmjqa2tk00236xw8y3nchz546,2025-12-28T22:05:22.845Z,2026-08-04T15:49:41.494Z,TCNMEM15274,2,cmkujgawi01p5xw2elgr2cfly
cmjqa2tk00237xw8yii4yxj8k,2025-12-28T22:05:22.845Z,2026-08-04T15:49:41.506Z,TCNMEM15275,2,cmkujgawl01p6xw2efzqgmyh4
cmjqa2tk0023bxw8yqbvpucv2,2025-12-28T22:05:22.845Z,2026-08-04T15:49:41.516Z,TCNMEM15279,2,cmkujgawz01paxw2e9svhm01q
cmjqa2tk0023cxw8yy686z3wp,2025-12-28T22:05:22.845Z,2026-08-04T15:49:41.527Z,TCNMEM15280,2,cmkujgax201pbxw2eq9gkmvh6
cmjqa2tk0023dxw8yw7cslch5,2025-12-28T22:05:22.845Z,2026-08-04T15:49:41.539Z,TCNMEM15281,2,cmkujgax601pcxw2e9om4ql7l
cmjqa2tk0023fxw8yztogwf14,2025-12-28T22:05:22.845Z,2026-08-04T15:49:41.548Z,TCNMEM15283,2,cmkujgaxc01pexw2ewjmpt7ob
cmjqa2tk0023gxw8yge89qbf1,2025-12-28T22:05:22.845Z,2026-08-04T15:49:41.558Z,TCNMEM15284,2,cmkujgaxf01pfxw2e7gqqtg8l
cmjqa2tk0023hxw8yfoy902c7,2025-12-28T22:05:22.845Z,2026-08-04T15:49:41.567Z,TCNMEM15285,2,cmkujgaxj01pgxw2e5nga56ib
cmjqa2tk0023ixw8yqkd9kggj,2025-12-28T22:05:22.845Z,2026-08-04T15:49:41.575Z,TCNMEM15286,2,cmkujgaxm01phxw2en0008kfy
cmjqa2tk0023jxw8ylbzgwrn6,2025-12-28T22:05:22.845Z,2026-08-04T15:49:41.584Z,TCNMEM15287,2,cmkujgaxp01pixw2e9zs1wkjn
cmjqa2tk0023kxw8y3nx00042,2025-12-28T22:05:22.845Z,2026-08-04T15:49:41.592Z,TCNMEM15288,2,cmkujgaxs01pjxw2emq6zo43t
cmjqa2tk0023lxw8y4ya4onn6,2025-12-28T22:05:22.845Z,2026-08-04T15:49:41.602Z,TCNMEM15289,2,cmkujgaxw01pkxw2e3jjukuqk
cmjqa2tk0023mxw8yt32b6xvr,2025-12-28T22:05:22.845Z,2026-08-04T15:49:41.612Z,TCNMEM15290,2,cmkujgaxz01plxw2ep6v01i5a
cmjqa2tk0023nxw8ys8npvgjs,2025-12-28T22:05:22.845Z,2026-08-04T15:49:41.623Z,TCNMEM15291,2,cmkujgay201pmxw2e9l53gmrp
cmjqa2tk0023oxw8ys1e2zf2f,2025-12-28T22:05:22.845Z,2026-08-04T15:49:41.634Z,TCNMEM15292,2,cmkujgay601pnxw2egmkt4471
cmjqa2tk0023pxw8ycivuozq4,2025-12-28T22:05:22.845Z,2026-08-04T15:49:41.642Z,TCNMEM15293,2,cmkujgay901poxw2el5yxwc39
cmjqa2tk0023qxw8ymoqy9wek,2025-12-28T22:05:22.845Z,2026-08-04T15:49:41.650Z,TCNMEM15294,2,cmkujgayc01ppxw2exbdu8s8m
cmjqa2tk0023txw8yh8iloj5o,2025-12-28T22:05:22.845Z,2026-08-04T15:49:41.659Z,TCNMEM15297,2,cmkujgaym01psxw2et5m1g9d5
cmjqa2tk0023uxw8yrw66zbgn,2025-12-28T22:05:22.845Z,2026-08-04T15:49:41.667Z,TCNMEM15298,2,cmkujgayp01ptxw2edcouhas5
cmjqa2tk0023vxw8yoho68khp,2025-12-28T22:05:22.845Z,2026-08-04T15:49:41.676Z,TCNMEM15299,2,cmkujgayt01puxw2e7gwmn0ze
cmjqa2tk0023xxw8y4nr9m2ix,2025-12-28T22:05:22.845Z,2026-08-04T15:49:41.693Z,TCNMEM15301,2,cmkujgayz01pwxw2e7jnulsvs
cmjqa2tk0023yxw8y2atwkqgs,2025-12-28T22:05:22.845Z,2026-08-04T15:49:41.713Z,TCNMEM15302,2,cmkujgaz201pxxw2etzhk2ow9
cmjqa2tk00240xw8y7uk187zf,2025-12-28T22:05:22.845Z,2026-08-04T15:49:41.721Z,TCNMEM15304,2,cmkujgaz901pzxw2e49r82dlo
cmjqa2tk00241xw8ysyl6zva6,2025-12-28T22:05:22.845Z,2026-08-04T15:49:41.729Z,TCNMEM15305,2,cmkujgazc01q0xw2efnqo6th3
cmjqa2tk00244xw8ydevseywo,2025-12-28T22:05:22.845Z,2026-08-04T15:49:41.737Z,TCNMEM15308,2,cmkujgazm01q3xw2egj521dk7
cmjqa2tk00246xw8ytmqg3551,2025-12-28T22:05:22.845Z,2026-08-04T15:49:41.745Z,TCNMEM15310,2,cmkujgazt01q5xw2e1wmojx8i
cmjqa2tk00247xw8yydw9r0ju,2025-12-28T22:05:22.845Z,2026-08-04T15:49:41.756Z,TCNMEM15311,2,cmkujgazw01q6xw2eg3lgozz8
cmjqa2tk00249xw8y4xu3g6ms,2025-12-28T22:05:22.845Z,2026-08-04T15:49:41.765Z,TCNMEM15313,2,cmkujgb0301q8xw2e8bgfka4f
cmjqa2tk0024axw8yqd5syv2l,2025-12-28T22:05:22.845Z,2026-08-04T15:49:41.777Z,TCNMEM15314,2,cmkujgb0601q9xw2ejc2az00r
cmjqa2tk0024bxw8y2i7j86u9,2025-12-28T22:05:22.845Z,2026-08-04T15:49:41.789Z,TCNMEM15315,2,cmkujgb0a01qaxw2egyzw5uzl
cmjqa2tk0024cxw8yjh82549p,2025-12-28T22:05:22.845Z,2026-08-04T15:49:41.798Z,TCNMEM15316,2,cmkujgb0f01qbxw2en13kyy66
cmjqa2tk0024dxw8y2xxmytxl,2025-12-28T22:05:22.845Z,2026-08-04T15:49:41.807Z,TCNMEM15317,2,cmkujgb0o01qcxw2e3auq2jhq
cmjqa2tk0024exw8yz0an8ugm,2025-12-28T22:05:22.845Z,2026-08-04T15:49:41.818Z,TCNMEM15318,2,cmkujgb0q01qdxw2e7da5ponq
cmjqa2tk0024fxw8yidungtui,2025-12-28T22:05:22.845Z,2026-08-04T15:49:41.829Z,TCNMEM15319,2,cmkujgb0s01qexw2eutf36bwm
cmjqa2tk0024gxw8yds1t58sn,2025-12-28T22:05:22.845Z,2026-08-04T15:49:41.837Z,TCNMEM15320,2,cmkujgb0u01qfxw2eusfznzgv
cmjqa2tk0024jxw8y8n6meoj7,2025-12-28T22:05:22.845Z,2026-08-04T15:49:41.847Z,TCNMEM15323,2,cmkujgb1401qixw2eflpfping
cmjqa2tk0024lxw8y8v1o3qc7,2025-12-28T22:05:22.845Z,2026-08-04T15:49:41.856Z,TCNMEM15325,2,cmkujgb1701qkxw2e14egvwz3
cmjqa2tk0024mxw8y9jzhtufa,2025-12-28T22:05:22.845Z,2026-08-04T15:49:41.866Z,TCNMEM15326,2,cmkujgb1901qlxw2erywpuoc7
cmjqa2tk0024nxw8y7mpy50yy,2025-12-28T22:05:22.845Z,2026-08-04T15:49:41.876Z,TCNMEM15327,2,cmkujgb1a01qmxw2edwj4ashj
cmjqa2tk0024pxw8yg7y7i6y4,2025-12-28T22:05:22.845Z,2026-08-04T15:49:41.886Z,TCNMEM15329,2,cmkujgb1d01qoxw2evxeryp87
cmjqa2tk0024sxw8ymnmanw1m,2025-12-28T22:05:22.845Z,2026-08-04T15:49:41.895Z,TCNMEM15332,2,cmkujgb1m01qrxw2e9421r03s
cmjqa2tk0024txw8ygt5gldo0,2025-12-28T22:05:22.845Z,2026-08-04T15:49:41.903Z,TCNMEM15333,2,cmkujgb1n01qsxw2ekgpxv47u
cmjqa2tk0024uxw8y39f94c30,2025-12-28T22:05:22.845Z,2026-08-04T15:49:41.912Z,TCNMEM15334,2,cmkujgb1p01qtxw2e075p79b9
cmjqa2tk0024wxw8yf0ob7urc,2025-12-28T22:05:22.845Z,2026-08-04T15:49:41.921Z,TCNMEM15336,2,cmkujgb1s01qvxw2efvpna7aq
cmjqa2tk0024xxw8y16023uk0,2025-12-28T22:05:22.845Z,2026-08-04T15:49:41.929Z,TCNMEM15337,2,cmkujgb1t01qwxw2exmiemoe3
cmjqa2tk0024yxw8y4vqhcj73,2025-12-28T22:05:22.845Z,2026-08-04T15:49:41.937Z,TCNMEM15338,2,cmkujgb1u01qxxw2eu4vqixwl
cmjqa2tk00250xw8ywwy1ube7,2025-12-28T22:05:22.845Z,2026-08-04T15:49:41.948Z,TCNMEM15340,2,cmkujgb1x01qzxw2e0e73tqme
cmjqa2tk00251xw8yq7oetueb,2025-12-28T22:05:22.845Z,2026-08-04T15:49:41.959Z,TCNMEM15341,2,cmkujgb1z01r0xw2eqfslv9tl
cmjqa2tk00252xw8ykgj13d5i,2025-12-28T22:05:22.845Z,2026-08-04T15:49:41.970Z,TCNMEM15342,2,cmkujgb2001r1xw2emf1j03vk
cmjqa2tk10253xw8yaezph9w8,2025-12-28T22:05:22.845Z,2026-08-04T15:49:41.979Z,TCNMEM15343,2,cmkujgb2201r2xw2eg3tt9utv
cmjqa2tk10254xw8yewjs8fmt,2025-12-28T22:05:22.845Z,2026-08-04T15:49:41.989Z,TCNMEM15344,2,cmkujgb2301r3xw2e0cv9u3iw
cmjqa2tk10255xw8y4etqco9p,2025-12-28T22:05:22.845Z,2026-08-04T15:49:41.998Z,TCNMEM15345,2,cmkujgb2401r4xw2eh7shyi5o
cmjqa2tk10256xw8y6qspq4lg,2025-12-28T22:05:22.845Z,2026-08-04T15:49:42.009Z,TCNMEM15346,2,cmkujgb2601r5xw2eunmpzw1i
cmjqa2tk10257xw8ye2r6uez2,2025-12-28T22:05:22.845Z,2026-08-04T15:49:42.020Z,TCNMEM15347,2,cmkujgb2701r6xw2eektqnjef
cmjqa2tk10258xw8yn4290djc,2025-12-28T22:05:22.845Z,2026-08-04T15:49:42.029Z,TCNMEM15348,2,cmkujgb2901r7xw2e694a6qsf
cmjqa2tk10259xw8y9044bdmz,2025-12-28T22:05:22.845Z,2026-08-04T15:49:42.039Z,TCNMEM15349,2,cmkujgb2a01r8xw2ezc7mtz1c
cmjqa2tk1025axw8ynaug4d5l,2025-12-28T22:05:22.845Z,2026-08-04T15:49:42.048Z,TCNMEM15350,2,cmkujgb2b01r9xw2ebemqs1zu
cmjqa2tk1025bxw8yhieyukf1,2025-12-28T22:05:22.845Z,2026-08-04T15:49:42.057Z,TCNMEM15351,2,cmkujgb2d01raxw2ee1u4qus8
cmjqa2tk1025cxw8yitanl9qh,2025-12-28T22:05:22.845Z,2026-08-04T15:49:42.066Z,TCNMEM15352,2,cmkujgb2e01rbxw2etn27uetj
cmjqa2tk1025exw8y21ax2iav,2025-12-28T22:05:22.845Z,2026-08-04T15:49:42.075Z,TCNMEM15354,2,cmkujgb2h01rdxw2exo43a5g1
cmjqa2tk1025fxw8y5k834wby,2025-12-28T22:05:22.845Z,2026-08-04T15:49:42.084Z,TCNMEM15355,2,cmkujgb2i01rexw2e9l5ioe6d
cmjqa2tk1025gxw8y9w2eprhv,2025-12-28T22:05:22.845Z,2026-08-04T15:49:42.094Z,TCNMEM15356,2,cmkujgb2k01rfxw2e113s0pmm
cmjqa2tk1025kxw8y8wy2adw5,2025-12-28T22:05:22.845Z,2026-08-04T15:49:42.103Z,TCNMEM15360,2,cmkujgb2q01rjxw2euagubpel
cmjqa2tk1025lxw8yer9lx5a5,2025-12-28T22:05:22.845Z,2026-08-04T15:49:42.112Z,TCNMEM15361,2,cmkujgb2r01rkxw2ez51yv824
cmjqa2tk1025mxw8y5qtrs55t,2025-12-28T22:05:22.845Z,2026-08-04T15:49:42.121Z,TCNMEM15362,2,cmkujgb2t01rlxw2ehahljxky
cmjqa2tk1025pxw8y4w826ixo,2025-12-28T22:05:22.845Z,2026-08-04T15:49:42.129Z,TCNMEM15365,2,cmkujgb2x01roxw2evxjpocrd
cmjqa2tk1025qxw8y0d0yzjjy,2025-12-28T22:05:22.845Z,2026-08-04T15:49:42.139Z,TCNMEM15366,2,cmkujgb2y01rpxw2eoxdg1os0
cmjqa2tk1025sxw8yd69nixtp,2025-12-28T22:05:22.845Z,2026-08-04T15:49:42.148Z,TCNMEM15368,2,cmkujgb3101rrxw2e54v34wnu
cmjqa2tk1025txw8yofev09mb,2025-12-28T22:05:22.845Z,2026-08-04T15:49:42.156Z,TCNMEM15369,2,cmkujgb3201rsxw2elee3d2vx
cmjqa2tk1025uxw8yjxn2jsjs,2025-12-28T22:05:22.845Z,2026-08-04T15:49:42.164Z,TCNMEM15370,2,cmkujgb3401rtxw2e37nlal9w
cmjqa2tk1025vxw8yk8585rgp,2025-12-28T22:05:22.845Z,2026-08-04T15:49:42.172Z,TCNMEM15371,2,cmkujgb3501ruxw2e684q4o6k
cmjqa2tk1025xxw8yipcw635t,2025-12-28T22:05:22.845Z,2026-08-04T15:49:42.180Z,TCNMEM15373,2,cmkujgb3801rwxw2e4m46o47p
cmjqa2tk1025yxw8yy6g97zsw,2025-12-28T22:05:22.845Z,2026-08-04T15:49:42.188Z,TCNMEM15374,2,cmkujgb3901rxxw2e6g1h53yr
cmjqa2tk1025zxw8yuuc6c7dv,2025-12-28T22:05:22.845Z,2026-08-04T15:49:42.195Z,TCNMEM15375,2,cmkujgb3b01ryxw2ejftppvkz
cmjqa2tk10260xw8yzeuomn0p,2025-12-28T22:05:22.845Z,2026-08-04T15:49:42.214Z,TCNMEM15376,2,cmkujgb3c01rzxw2e8fkx85up
cmjqa2tk10261xw8y6faj7b67,2025-12-28T22:05:22.845Z,2026-08-04T15:49:42.224Z,TCNMEM15377,2,cmkujgb3e01s0xw2eyork04b6
cmjqa2tk10262xw8ykw2kiy48,2025-12-28T22:05:22.845Z,2026-08-04T15:49:42.233Z,TCNMEM15378,2,cmkujgb3f01s1xw2eec2w0tgq
cmjqa2tk10263xw8y79k0oqi8,2025-12-28T22:05:22.845Z,2026-08-04T15:49:42.240Z,TCNMEM15379,2,cmkujgb3h01s2xw2e9xmgrat2
cmjqa2tk10264xw8yxcm5ta65,2025-12-28T22:05:22.845Z,2026-08-04T15:49:42.248Z,TCNMEM15380,2,cmkujgb3i01s3xw2etmcxqyce
cmjqa2tk10266xw8yceghbbgk,2025-12-28T22:05:22.845Z,2026-08-04T15:49:42.255Z,TCNMEM15382,2,cmkujgb3l01s5xw2evl7o0ylm
cmjqa2tk10267xw8ye5wzhhbs,2025-12-28T22:05:22.845Z,2026-08-04T15:49:42.265Z,TCNMEM15383,2,cmkujgb3m01s6xw2elk9ydpav
cmjqa2tk10268xw8yi7rharkt,2025-12-28T22:05:22.845Z,2026-08-04T15:49:42.274Z,TCNMEM15384,2,cmkujgb3o01s7xw2ezq9rqir4
cmjqa2tk10269xw8yqcj6fp33,2025-12-28T22:05:22.845Z,2026-08-04T15:49:49.616Z,TCNMEM15385,2,cmkujgb3p01s8xw2ezzqlqqyx
cmjqa2tk1026axw8ydrwmcl0m,2025-12-28T22:05:22.845Z,2026-08-04T15:49:49.628Z,TCNMEM15386,2,cmkujgb3q01s9xw2e90f82k1j
cmjqa2tk1026cxw8ya2b43k7z,2025-12-28T22:05:22.845Z,2026-08-04T15:49:49.638Z,TCNMEM15388,2,cmkujgb3t01sbxw2etzyc8bdv
cmjqa2tk1026dxw8yysv3p3jz,2025-12-28T22:05:22.845Z,2026-08-04T15:49:49.646Z,TCNMEM15389,2,cmkujgb3u01scxw2ej5x7igen
cmjqa2tk1026exw8y374zlmsq,2025-12-28T22:05:22.845Z,2026-08-04T15:49:49.655Z,TCNMEM15390,2,cmkujgb3w01sdxw2egcvbfmi2
cmjqa2tk1026fxw8ylwiqx7os,2025-12-28T22:05:22.845Z,2026-08-04T15:49:49.664Z,TCNMEM15391,2,cmkujgb3x01sexw2em3wblgja
cmjqa2tk1026gxw8yy3hvymc1,2025-12-28T22:05:22.845Z,2026-08-04T15:49:49.672Z,TCNMEM15392,2,cmkujgb3z01sfxw2e16j1l483
cmjqa2tk1026hxw8yop1k25w2,2025-12-28T22:05:22.845Z,2026-08-04T15:49:49.681Z,TCNMEM15393,2,cmkujgb4001sgxw2eh46ozwnl
cmjqa2tk1026ixw8yd8kasoa4,2025-12-28T22:05:22.845Z,2026-08-04T15:49:49.691Z,TCNMEM15394,2,cmkujgb4101shxw2e5koh8er6
cmjqa2tk1026jxw8yxqi47hzs,2025-12-28T22:05:22.845Z,2026-08-04T15:49:49.699Z,TCNMEM15395,2,cmkujgb4301sixw2e1g2jutxo
cmjqa2tk1026nxw8yvjf8v80y,2025-12-28T22:05:22.845Z,2026-08-04T15:49:49.709Z,TCNMEM15399,2,cmkujgb4801smxw2etev2ei8q
cmjqa2tk1026pxw8yhvc089w3,2025-12-28T22:05:22.845Z,2026-08-04T15:49:49.718Z,TCNMEM15401,2,cmkujgb4b01soxw2eq898odkf
cmjqa2tk1026qxw8yhyq2d7sq,2025-12-28T22:05:22.845Z,2026-08-04T15:49:49.730Z,TCNMEM15402,2,cmkujgb4c01spxw2efl2bnvox
cmjqa2tk1026sxw8yk5d9lico,2025-12-28T22:05:22.845Z,2026-08-04T15:49:49.737Z,TCNMEM15404,2,cmkujgb4f01srxw2e64sko2fk
cmjqa2tk1026txw8ywevnqxi7,2025-12-28T22:05:22.845Z,2026-08-04T15:49:49.746Z,TCNMEM15405,2,cmkujgb4g01ssxw2ex0rsgks3
cmjqa2tk1026uxw8yeqtqgpqy,2025-12-28T22:05:22.845Z,2026-08-04T15:49:49.756Z,TCNMEM15406,2,cmkujgb4i01stxw2e074pocfv
cmjqa2tk1026vxw8yu1g8hc53,2025-12-28T22:05:22.845Z,2026-08-04T15:49:49.763Z,TCNMEM15407,2,cmkujgb4j01suxw2eqf6hf6de
cmjqa2tk1026wxw8yxn2ncht6,2025-12-28T22:05:22.845Z,2026-08-04T15:49:49.772Z,TCNMEM15408,2,cmkujgb4l01svxw2e7hd3r4vs
cmjqa2tk1026xxw8yifnl7hv1,2025-12-28T22:05:22.845Z,2026-08-04T15:49:49.780Z,TCNMEM15409,2,cmkujgb4m01swxw2e5x0blfm1
cmjqa2tk1026yxw8ym2jk24md,2025-12-28T22:05:22.845Z,2026-08-04T15:49:49.795Z,TCNMEM15410,2,cmkujgb4n01sxxw2es9imgjuc
cmjqa2tk10270xw8yddk5pokr,2025-12-28T22:05:22.845Z,2026-08-04T15:49:49.802Z,TCNMEM15412,2,cmkujgb4q01szxw2ezu14dmup
cmjqa2tk10273xw8ylkigjvbh,2025-12-28T22:05:22.845Z,2026-08-04T15:49:49.812Z,TCNMEM15415,2,cmkujgb4u01t2xw2e5c8ewoai
cmjqa2tk10274xw8yo98fzi1x,2025-12-28T22:05:22.845Z,2026-08-04T15:49:49.821Z,TCNMEM15416,2,cmkujgb4v01t3xw2e2iexhiqw
cmjqa2tk10275xw8y462prbw0,2025-12-28T22:05:22.845Z,2026-08-04T15:49:49.830Z,TCNMEM15417,2,cmkujgb4x01t4xw2eqgt9kg7w
cmjqa2tk10277xw8yumigtkoo,2025-12-28T22:05:22.845Z,2026-08-04T15:49:49.838Z,TCNMEM15419,2,cmkujgb5001t6xw2e8olodlia
cmjqa2tk10278xw8yni4292zg,2025-12-28T22:05:22.845Z,2026-08-04T15:49:49.845Z,TCNMEM15420,2,cmkujgb5101t7xw2ecm1c8r00
cmjqa2tk1027bxw8yszg0c4zw,2025-12-28T22:05:22.845Z,2026-08-04T15:49:49.854Z,TCNMEM15423,2,cmkujgb5501taxw2e7dfncz7i
cmjqa2tk1027gxw8yeq0hkmjo,2025-12-28T22:05:22.845Z,2026-08-04T15:49:49.862Z,TCNMEM15428,2,cmkujgb5c01tfxw2e2hyu34fv
cmjqa2tk1027hxw8ya3nwsiaw,2025-12-28T22:05:22.845Z,2026-08-04T15:49:49.872Z,TCNMEM15429,2,cmkujgb5e01tgxw2ejn890al7
cmjqa2tk1027ixw8yo4po0up1,2025-12-28T22:05:22.845Z,2026-08-04T15:49:49.881Z,TCNMEM15430,2,cmkujgb5f01thxw2es6avi299
cmjqa2tk1027jxw8y4pyhth0c,2025-12-28T22:05:22.845Z,2026-08-04T15:49:49.890Z,TCNMEM15431,2,cmkujgb5h01tixw2e1w4h2n3t
cmjqa2tk1027lxw8yqi08xl6a,2025-12-28T22:05:22.845Z,2026-08-04T15:49:49.899Z,TCNMEM15433,2,cmkujgb5k01tkxw2edkn0lv6f
cmjqa2tk2027oxw8y92ulkbox,2025-12-28T22:05:22.845Z,2026-08-04T15:49:49.907Z,TCNMEM15436,2,cmkujgb5o01tnxw2eu0huqtz1
cmjqa2tk2027pxw8y5ito43uz,2025-12-28T22:05:22.845Z,2026-08-04T15:49:49.921Z,TCNMEM15437,2,cmkujgb5q01toxw2eiy3i4p06
cmjqa2tk2027qxw8yk80zglhu,2025-12-28T22:05:22.845Z,2026-08-04T15:49:49.935Z,TCNMEM15438,2,cmkujgb5r01tpxw2eyfopdiof
cmjqa2tk2027rxw8y79uls3o6,2025-12-28T22:05:22.845Z,2026-08-04T15:49:49.951Z,TCNMEM15439,2,cmkujgb5t01tqxw2ethe9q1e3
cmjqa2tk2027txw8yeh5nshbu,2025-12-28T22:05:22.845Z,2026-08-04T15:49:49.964Z,TCNMEM15441,2,cmkujgb5v01tsxw2e8s7r1qfc
cmjqa2tk2027uxw8y0lwbdmd1,2025-12-28T22:05:22.845Z,2026-08-04T15:49:49.974Z,TCNMEM15442,2,cmkujgb5x01ttxw2eog7ehr5i
cmjqa2tk2027vxw8ycoorx6qn,2025-12-28T22:05:22.845Z,2026-08-04T15:49:49.983Z,TCNMEM15443,2,cmkujgb5y01tuxw2exkigv5a5
cmjqa2tk2027wxw8yy8htnnwa,2025-12-28T22:05:22.845Z,2026-08-04T15:49:49.994Z,TCNMEM15444,2,cmkujgb6001tvxw2e0c1jkntj
cmjqa2tk2027xxw8y34e6y9i7,2025-12-28T22:05:22.845Z,2026-08-04T15:49:50.003Z,TCNMEM15445,2,cmkujgb6101twxw2eijk8uyz7
cmjqa2tk2027yxw8ykauadnl2,2025-12-28T22:05:22.845Z,2026-08-04T15:49:50.016Z,TCNMEM15446,2,cmkujgb6301txxw2ekwmjkhra
cmjqa2tk2027zxw8y5dtdspji,2025-12-28T22:05:22.845Z,2026-08-04T15:49:50.026Z,TCNMEM15447,2,cmkujgb6401tyxw2ewlmx4le4
cmjqa2tk20280xw8y8ozpcs2a,2025-12-28T22:05:22.845Z,2026-08-04T15:49:50.037Z,TCNMEM15448,2,cmkujgb6501tzxw2e7qc0uq3a
cmjqa2tk20281xw8yhodvugha,2025-12-28T22:05:22.845Z,2026-08-04T15:49:50.047Z,TCNMEM15449,2,cmkujgb6701u0xw2e63cjjr6l
cmjqa2tk20282xw8y93o37da8,2025-12-28T22:05:22.845Z,2026-08-04T15:49:50.058Z,TCNMEM15450,2,cmkujgb6801u1xw2ez4j2kmkn
cmjqa2tk20285xw8y3te6afa1,2025-12-28T22:05:22.845Z,2026-08-04T15:49:50.068Z,TCNMEM15453,2,cmkujgb6d01u4xw2ekn0iaken
cmjqa2tk20286xw8yzo9xqevd,2025-12-28T22:05:22.845Z,2026-08-04T15:49:50.079Z,TCNMEM15454,2,cmkujgb6e01u5xw2exdl41w6v
cmjqa2tk20287xw8yr81efpd9,2025-12-28T22:05:22.845Z,2026-08-04T15:49:50.086Z,TCNMEM15455,2,cmkujgb6g01u6xw2eit3lj0k5
cmjqa2tk2028bxw8ygv8cw2mk,2025-12-28T22:05:22.845Z,2026-08-04T15:49:50.119Z,TCNMEM15459,2,cmkujgb6m01uaxw2ef3g995br
cmjqa2tk2028cxw8y6b9uh0wp,2025-12-28T22:05:22.845Z,2026-08-04T15:49:50.129Z,TCNMEM15460,2,cmkujgb6n01ubxw2ehbmh1yg1
cmjqa2tk2028dxw8y0jjso13b,2025-12-28T22:05:22.845Z,2026-08-04T15:49:50.142Z,TCNMEM15461,2,cmkujgb6p01ucxw2e9od3kggr
cmjqa2tk2028exw8yjje54r4r,2025-12-28T22:05:22.845Z,2026-08-04T15:49:50.151Z,TCNMEM15462,2,cmkujgb6q01udxw2ejcat19g1
cmjqa2tk2028fxw8y5hksm9yg,2025-12-28T22:05:22.845Z,2026-08-04T15:49:50.163Z,TCNMEM15463,2,cmkujgb6s01uexw2eam44m2jj
cmjqa2tk2028gxw8y1y4668m2,2025-12-28T22:05:22.845Z,2026-08-04T15:49:50.171Z,TCNMEM15464,2,cmkujgb6t01ufxw2e0x15ptte
cmjqa2tk2028ixw8yg5yptijz,2025-12-28T22:05:22.845Z,2026-08-04T15:49:50.179Z,TCNMEM15466,2,cmkujgb6x01uhxw2eh6tmwsz0
cmjqa2tk2028jxw8yqzcxzgcx,2025-12-28T22:05:22.845Z,2026-08-04T15:49:50.188Z,TCNMEM15467,2,cmkujgb6y01uixw2ewllle6f9
cmjqa2tk2028kxw8yy6y2zqaq,2025-12-28T22:05:22.845Z,2026-08-04T15:49:50.198Z,TCNMEM15468,2,cmkujgb7001ujxw2ejxuc2djq
cmjqa2tk2028lxw8ydhlik1ec,2025-12-28T22:05:22.845Z,2026-08-04T15:49:50.208Z,TCNMEM15469,2,cmkujgb7101ukxw2ek9nxxvnn
cmjqa2tk2028oxw8yh4wtbszf,2025-12-28T22:05:22.845Z,2026-08-04T15:49:50.216Z,TCNMEM15472,2,cmkujgb7601unxw2eryf4mn6j
cmjqa2tk2028pxw8yw2a9t0zt,2025-12-28T22:05:22.845Z,2026-08-04T15:49:50.226Z,TCNMEM15473,2,cmkujgb7801uoxw2e60wbjt13
cmjqa2tk2028rxw8yei15xw3n,2025-12-28T22:05:22.845Z,2026-08-04T15:49:50.235Z,TCNMEM15475,2,cmkujgb7b01uqxw2eemrrq54t
cmjqa2tk2028sxw8yydv0t1x9,2025-12-28T22:05:22.845Z,2026-08-04T15:49:50.254Z,TCNMEM15476,2,cmkujgb7c01urxw2erpzbiofu
cmjqa2tk2028txw8ynrchb63p,2025-12-28T22:05:22.845Z,2026-08-04T15:49:50.263Z,TCNMEM15477,2,cmkujgb7e01usxw2egfq0618g
cmjqa2tk2028uxw8yy2ny2gwh,2025-12-28T22:05:22.845Z,2026-08-04T15:49:50.274Z,TCNMEM15478,2,cmkujgb7g01utxw2ednapl7rd
cmjqa2tk2028vxw8y82ppoeqi,2025-12-28T22:05:22.845Z,2026-08-04T15:49:50.283Z,TCNMEM15479,2,cmkujgb7h01uuxw2eokktule1
cmjqa2tk2028wxw8y9uy7w0xs,2025-12-28T22:05:22.845Z,2026-08-04T15:49:50.291Z,TCNMEM15480,2,cmkujgb7j01uvxw2ejfrbag2n
cmjqa2tk2028xxw8yy867cpgu,2025-12-28T22:05:22.845Z,2026-08-04T15:49:50.302Z,TCNMEM15481,2,cmkujgb7l01uwxw2ekwgdgp84
cmjqa2tk2028yxw8y6uzri8aw,2025-12-28T22:05:22.845Z,2026-08-04T15:49:50.312Z,TCNMEM15482,2,cmkujgb7m01uxxw2e8s0111yl
cmjqa2tk2028zxw8yi2v3ytt0,2025-12-28T22:05:22.845Z,2026-08-04T15:49:50.323Z,TCNMEM15483,2,cmkujgb7o01uyxw2eni71ur0s
cmjqa2tk20297xw8yp9h9ww96,2025-12-28T22:05:22.845Z,2026-08-04T15:49:50.333Z,TCNMEM15491,2,cmkujgb8101v6xw2ezhwcit69
cmjqa2tk20298xw8yt597qws1,2025-12-28T22:05:22.845Z,2026-08-04T15:49:50.350Z,TCNMEM15492,2,cmkujgb8301v7xw2eqeup1alu
cmjqa2tk2029axw8ypex3eeo2,2025-12-28T22:05:22.845Z,2026-08-04T15:49:50.359Z,TCNMEM15494,2,cmkujgb8601v9xw2ea3k5nboe
cmjqa2tk2029cxw8yvwijkk0g,2025-12-28T22:05:22.845Z,2026-08-04T15:49:50.368Z,TCNMEM15496,2,cmkujgb8a01vbxw2ew3xkb199
cmjqa2tk2029dxw8ykm3hj6kr,2025-12-28T22:05:22.845Z,2026-08-04T15:49:50.377Z,TCNMEM15497,2,cmkujgb8b01vcxw2eh4qzizir
cmjqa2tk2029exw8y786a6jdc,2025-12-28T22:05:22.845Z,2026-08-04T15:49:50.388Z,TCNMEM15498,2,cmkujgb8d01vdxw2eoznuy7jp
cmjqa2tk2029gxw8y15hbfgzc,2025-12-28T22:05:22.845Z,2026-08-04T15:49:50.397Z,TCNMEM15500,2,cmkujgb8g01vfxw2e5rwzpvoe
cmjqa2tk2029kxw8yvszsafpv,2025-12-28T22:05:22.845Z,2026-08-04T15:49:50.408Z,TCNMEM15504,2,cmkujgb8n01vjxw2eoepuo516
cmjqa2tk2029pxw8ycp1cwijz,2025-12-28T22:05:22.845Z,2026-08-04T15:49:50.416Z,TCNMEM15509,2,cmkujgb8v01voxw2eee0cfjid
cmjqa2tk2029qxw8y1z2yh1g6,2025-12-28T22:05:22.845Z,2026-08-04T15:49:50.430Z,TCNMEM15510,2,cmkujgb8x01vpxw2ezbdgie4n
cmjqa2tk2029rxw8y6bbw4ssv,2025-12-28T22:05:22.845Z,2026-08-04T15:49:50.444Z,TCNMEM15511,2,cmkujgb8z01vqxw2e4pt2271w
cmjqa2tk2029sxw8y4nmwnvon,2025-12-28T22:05:22.845Z,2026-08-04T15:49:50.462Z,TCNMEM15512,2,cmkujgb9001vrxw2ezrskrdtf
cmjqa2tk2029txw8yi3mii2s6,2025-12-28T22:05:22.845Z,2026-08-04T15:49:50.478Z,TCNMEM15513,2,cmkujgb9201vsxw2eqnegtcfg
cmjqa2tk2029vxw8ysfqpkufa,2025-12-28T22:05:22.845Z,2026-08-04T15:49:50.487Z,TCNMEM15515,2,cmkujgb9501vuxw2e00y34r7p
cmjqa2tk2029wxw8y3kx0sal6,2025-12-28T22:05:22.845Z,2026-08-04T15:49:50.497Z,TCNMEM15516,2,cmkujgb9701vvxw2eaakb25af
cmjqa2tk2029xxw8y8zm5dogp,2025-12-28T22:05:22.845Z,2026-08-04T15:49:50.505Z,TCNMEM15517,2,cmkujgb9801vwxw2epi1nlag3
cmjqa2tk2029yxw8yzssnvl4k,2025-12-28T22:05:22.845Z,2026-08-04T15:49:50.515Z,TCNMEM15518,2,cmkujgb9a01vxxw2emsv1ruwj
cmjqa2tk2029zxw8ydalpjl8c,2025-12-28T22:05:22.845Z,2026-08-04T15:49:50.525Z,TCNMEM15519,2,cmkujgb9c01vyxw2et8igk7mt
cmjqa2tk202a0xw8y6fuwderg,2025-12-28T22:05:22.845Z,2026-08-04T15:49:50.532Z,TCNMEM15520,2,cmkujgb9e01vzxw2e7ibjkgno
cmjqa2tk202a1xw8yovg1zv1u,2025-12-28T22:05:22.845Z,2026-08-04T15:49:50.544Z,TCNMEM15521,2,cmkujgb9f01w0xw2exuso9drn
cmjqa2tk202a2xw8ylj309mja,2025-12-28T22:05:22.845Z,2026-08-04T15:49:50.553Z,TCNMEM15522,2,cmkujgb9h01w1xw2ear1cu9qa
cmjqa2tk202a3xw8yvotdfe5v,2025-12-28T22:05:22.845Z,2026-08-04T15:49:50.564Z,TCNMEM15523,2,cmkujgb9j01w2xw2e47jc1huk
cmjqa2tk202a4xw8ytx8ofxei,2025-12-28T22:05:22.845Z,2026-08-04T15:49:50.573Z,TCNMEM15524,2,cmkujgb9k01w3xw2e6ks3su99
cmjqa2tk302a5xw8yv671ngmy,2025-12-28T22:05:22.845Z,2026-08-04T15:49:50.583Z,TCNMEM15525,2,cmkujgb9m01w4xw2e4lhh01r0
cmjqa2tk302a7xw8yzuo4dyjx,2025-12-28T22:05:22.845Z,2026-08-04T15:49:50.595Z,TCNMEM15527,2,cmkujgb9p01w6xw2e83r5qrmh
cmjqa2tk302a8xw8ylsvp2jsy,2025-12-28T22:05:22.845Z,2026-08-04T15:49:50.604Z,TCNMEM15528,2,cmkujgb9r01w7xw2enm9gbmle
cmjqa2tk302a9xw8ypv79cnv7,2025-12-28T22:05:22.845Z,2026-08-04T15:49:50.614Z,TCNMEM15529,2,cmkujgb9s01w8xw2edul7qs3x
cmjqa2tk302aaxw8yb8x8087z,2025-12-28T22:05:22.845Z,2026-08-04T15:49:50.622Z,TCNMEM15530,2,cmkujgb9u01w9xw2ekbv5myra
cmjqa2tk302abxw8ydz4bttuj,2025-12-28T22:05:22.845Z,2026-08-04T15:49:50.633Z,TCNMEM15531,2,cmkujgb9w01waxw2ek1pt7n80
cmjqa2tk302aexw8yeu7xc24g,2025-12-28T22:05:22.845Z,2026-08-04T15:49:50.641Z,TCNMEM15534,2,cmkujgba101wdxw2em2ly2mxg
cmjqa2tk302afxw8yjcb5rduh,2025-12-28T22:05:22.845Z,2026-08-04T15:49:57.953Z,TCNMEM15535,2,cmkujgba201wexw2e83vwj09v
cmjqa2tk302agxw8yt8su31w1,2025-12-28T22:05:22.845Z,2026-08-04T15:49:57.964Z,TCNMEM15536,2,cmkujgba401wfxw2e82o3750l
cmjqa2tk302ahxw8y8i25hx16,2025-12-28T22:05:22.845Z,2026-08-04T15:49:57.973Z,TCNMEM15537,2,cmkujgba501wgxw2eq0181oce
cmjqa2tk302akxw8y38izdel1,2025-12-28T22:05:22.845Z,2026-08-04T15:49:57.982Z,TCNMEM15540,2,cmkujgbaa01wjxw2e0xqgifi9
cmjqa2tk302alxw8yjahdirn6,2025-12-28T22:05:22.845Z,2026-08-04T15:49:57.992Z,TCNMEM15541,2,cmkujgbac01wkxw2ear4e0ere
cmjqa2tk302amxw8yjmskvlf0,2025-12-28T22:05:22.845Z,2026-08-04T15:49:58.001Z,TCNMEM15542,2,cmkujgbad01wlxw2eru3ypve4
cmjqa2tk302anxw8y6g4qfu8b,2025-12-28T22:05:22.845Z,2026-08-04T15:49:58.010Z,TCNMEM15543,2,cmkujgbaf01wmxw2ejf9lwy0o
cmjqa2tk302aoxw8y9n86mfk1,2025-12-28T22:05:22.845Z,2026-08-04T15:49:58.018Z,TCNMEM15544,2,cmkujgbah01wnxw2eepua5u2u
cmjqa2tk302apxw8y43b7ut6z,2025-12-28T22:05:22.845Z,2026-08-04T15:49:58.028Z,TCNMEM15545,2,cmkujgbai01woxw2en2r7oa91
cmjqa2tk302arxw8yhwxpky6m,2025-12-28T22:05:22.845Z,2026-08-04T15:49:58.036Z,TCNMEM15547,2,cmkujgbam01wqxw2ecb7w3ihc
cmjqa2tk302asxw8ym7cjptj2,2025-12-28T22:05:22.845Z,2026-08-04T15:49:58.043Z,TCNMEM15548,2,cmkujgban01wrxw2e69iqzrr1
cmjqa2tk302atxw8ykgjzf3fi,2025-12-28T22:05:22.845Z,2026-08-04T15:49:58.052Z,TCNMEM15549,2,cmkujgbap01wsxw2eco2ju5vx
cmjqa2tk302axxw8yqpfwrdez,2025-12-28T22:05:22.845Z,2026-08-04T15:49:58.059Z,TCNMEM15553,2,cmkujgbav01wwxw2ej7xeh1h8
cmjqa2tk302b1xw8y9t93p9i2,2025-12-28T22:05:22.845Z,2026-08-04T15:49:58.068Z,TCNMEM15557,2,cmkujgbb201x0xw2ek3nch7kl
cmjqa2tk302b3xw8ymz8lcjyz,2025-12-28T22:05:22.845Z,2026-08-04T15:49:58.078Z,TCNMEM15559,2,cmkujgbb501x2xw2enpvedp1u
cmjqa2tk302b4xw8ymrzfb7la,2025-12-28T22:05:22.845Z,2026-08-04T15:49:58.086Z,TCNMEM15560,2,cmkujgbb701x3xw2e41j3ynpf
cmjqa2tk302b5xw8y3e9vyrz8,2025-12-28T22:05:22.845Z,2026-08-04T15:49:58.094Z,TCNMEM15561,2,cmkujgbb801x4xw2eml9mqmpp
cmjqa2tk302b7xw8y7v4bs7hl,2025-12-28T22:05:22.845Z,2026-08-04T15:49:58.104Z,TCNMEM15563,2,cmkujgbbc01x6xw2eojk4rpz5
cmjqa2tk302b8xw8yfyagfikv,2025-12-28T22:05:22.845Z,2026-08-04T15:49:58.113Z,TCNMEM15564,2,cmkujgbbd01x7xw2erf4bcgk6
cmjqa2tk302bbxw8yr03duoy3,2025-12-28T22:05:22.845Z,2026-08-04T15:49:58.124Z,TCNMEM15567,2,cmkujgbbi01xaxw2eyjx6rmhp
cmjqa2tk302bdxw8yebynnl1v,2025-12-28T22:05:22.845Z,2026-08-04T15:49:58.142Z,TCNMEM15569,2,cmkujgbbm01xcxw2e9i83v9uw
cmjqa2tk302bexw8yyvzcnzeh,2025-12-28T22:05:22.845Z,2026-08-04T15:49:58.155Z,TCNMEM15570,2,cmkujgbbn01xdxw2emdnu79nc
cmjqa2tk302bfxw8yqs72eo93,2025-12-28T22:05:22.845Z,2026-08-04T15:49:58.165Z,TCNMEM15571,2,cmkujgbbp01xexw2eisf9kdcc
cmjqa2tk302bgxw8y75wn2ats,2025-12-28T22:05:22.845Z,2026-08-04T15:49:58.174Z,TCNMEM15572,2,cmkujgbbq01xfxw2e51omqhv4
cmjqa2tkk02bhxw8y2skz2t13,2025-12-28T22:05:22.869Z,2026-08-04T15:49:58.183Z,TCNMEM15573,2,cmkujgbbs01xgxw2eq1g78mdf
cmjqa2tku02bmxw8ycldu1zal,2025-12-28T22:05:22.877Z,2026-08-04T15:49:58.194Z,TCNMEM15578,2,cmkujgbc001xlxw2er3lzt4w8
cmjqa2tku02bqxw8yv3iytdgc,2025-12-28T22:05:22.877Z,2026-08-04T15:49:58.205Z,TCNMEM15582,2,cmkujgbc701xpxw2ec9vhj9pw
cmjqa2tku02bsxw8ynpao2e86,2025-12-28T22:05:22.877Z,2026-08-04T15:49:58.214Z,TCNMEM15584,2,cmkujgbca01xrxw2eoe8fiw5n
cmjqa2tku02btxw8ywrtxzhtr,2025-12-28T22:05:22.877Z,2026-08-04T15:49:58.224Z,TCNMEM15585,2,cmkujgbcc01xsxw2e8u3lh3e0
cmjqa2tku02buxw8y41qm9z6d,2025-12-28T22:05:22.877Z,2026-08-04T15:49:58.233Z,TCNMEM15586,2,cmkujgbcd01xtxw2emak237xm
cmjqa2tku02bvxw8yenejiabn,2025-12-28T22:05:22.877Z,2026-08-04T15:49:58.241Z,TCNMEM15587,2,cmkujgbcf01xuxw2eib0gywyu
cmjqa2tku02bwxw8yp5ropb2t,2025-12-28T22:05:22.877Z,2026-08-04T15:49:58.250Z,TCNMEM15588,2,cmkujgbch01xvxw2enhmpiu90
cmjqa2tku02bxxw8ya5ys1tau,2025-12-28T22:05:22.877Z,2026-08-04T15:49:58.260Z,TCNMEM15589,2,cmkujgbci01xwxw2e5ede5xua
cmjqa2tku02byxw8yznltved8,2025-12-28T22:05:22.877Z,2026-08-04T15:49:58.272Z,TCNMEM15590,2,cmkujgbck01xxxw2evyh8epbr
cmjqa2tku02c0xw8y6dwrstll,2025-12-28T22:05:22.877Z,2026-08-04T15:49:58.282Z,TCNMEM15592,2,cmkujgbcn01xzxw2e05xijenf
cmjqa2tku02c1xw8yscvwrt2n,2025-12-28T22:05:22.877Z,2026-08-04T15:49:58.289Z,TCNMEM15593,2,cmkujgbcp01y0xw2eyh22rgac
cmjqa2tku02c3xw8ycf133pmm,2025-12-28T22:05:22.877Z,2026-08-04T15:49:58.297Z,TCNMEM15595,2,cmkujgbcs01y2xw2edjir681l
cmjqa2tku02c4xw8yyl54c7w2,2025-12-28T22:05:22.877Z,2026-08-04T15:49:58.305Z,TCNMEM15596,2,cmkujgbcu01y3xw2efcx4drt8
cmjqa2tku02c6xw8ya4tik0sv,2025-12-28T22:05:22.877Z,2026-08-04T15:49:58.313Z,TCNMEM15598,2,cmkujgbcx01y5xw2eu7xy08bo
cmjqa2tku02c7xw8yzehr8r5h,2025-12-28T22:05:22.877Z,2026-08-04T15:49:58.321Z,TCNMEM15599,2,cmkujgbcz01y6xw2e3c5dqlhv
cmjqa2tku02c8xw8yckknifew,2025-12-28T22:05:22.877Z,2026-08-04T15:49:58.330Z,TCNMEM15600,2,cmkujgbd101y7xw2edmvcs62s
cmjqa2tku02caxw8yx47qjes5,2025-12-28T22:05:22.877Z,2026-08-04T15:49:58.340Z,TCNMEM15602,2,cmkujgbd401y9xw2e48fgjjd3
cmjqa2tku02ccxw8ybe6xihei,2025-12-28T22:05:22.877Z,2026-08-04T15:49:58.349Z,TCNMEM15604,2,cmkujgbd701ybxw2evaf81jf4
cmjqa2tku02cdxw8y7il69kzg,2025-12-28T22:05:22.877Z,2026-08-04T15:49:58.358Z,TCNMEM15605,2,cmkujgbd901ycxw2ec20ru98h
cmjqa2tku02cfxw8ymex7digz,2025-12-28T22:05:22.877Z,2026-08-04T15:49:58.367Z,TCNMEM15607,2,cmkujgbdc01yexw2e3fcj5j1b
cmjqa2tku02cgxw8y4qonkrio,2025-12-28T22:05:22.877Z,2026-08-04T15:49:58.375Z,TCNMEM15608,2,cmkujgbde01yfxw2ecudfye2e
cmjqa2tku02chxw8yfvs3s9av,2025-12-28T22:05:22.877Z,2026-08-04T15:49:58.383Z,TCNMEM15609,2,cmkujgbdf01ygxw2eg7zq045d
cmjqa2tku02cixw8yfp6g0u26,2025-12-28T22:05:22.877Z,2026-08-04T15:49:58.393Z,TCNMEM15610,2,cmkujgbdh01yhxw2e4ol91dd0
cmjqa2tku02cjxw8ygv0g1t9n,2025-12-28T22:05:22.877Z,2026-08-04T15:49:58.402Z,TCNMEM15611,2,cmkujgbdi01yixw2efwhhs271
cmjqa2tku02ckxw8yv0k86ufo,2025-12-28T22:05:22.877Z,2026-08-04T15:49:58.410Z,TCNMEM15612,2,cmkujgbdk01yjxw2e46zjv0av
cmjqa2tku02clxw8y1u864z0c,2025-12-28T22:05:22.877Z,2026-08-04T15:49:58.418Z,TCNMEM15613,2,cmkujgbdm01ykxw2e040k53zq
cmjqa2tku02cnxw8yb58p0vw6,2025-12-28T22:05:22.877Z,2026-08-04T15:49:58.427Z,TCNMEM15615,2,cmkujgbdp01ymxw2e01f16s2j
cmjqa2tku02coxw8yked5s8ju,2025-12-28T22:05:22.877Z,2026-08-04T15:49:58.437Z,TCNMEM15616,2,cmkujgbdr01ynxw2e4k4lueyc
cmjqa2tku02cpxw8y6wfizc69,2025-12-28T22:05:22.877Z,2026-08-04T15:49:58.447Z,TCNMEM15617,2,cmkujgbds01yoxw2eippd4p9v
cmjqa2tku02cqxw8ymvcgywpd,2025-12-28T22:05:22.877Z,2026-08-04T15:49:58.456Z,TCNMEM15618,2,cmkujgbdu01ypxw2erl09pwh2
cmjqa2tku02crxw8ycywhiamw,2025-12-28T22:05:22.877Z,2026-08-04T15:49:58.465Z,TCNMEM15619,2,cmkujgbdv01yqxw2erimoupto
cmjqa2tku02csxw8y26ks6jda,2025-12-28T22:05:22.877Z,2026-08-04T15:49:58.473Z,TCNMEM15620,2,cmkujgbdx01yrxw2e5rxp2tje
cmjqa2tku02ctxw8yhblviv3f,2025-12-28T22:05:22.877Z,2026-08-04T15:49:58.481Z,TCNMEM15621,2,cmkujgbdy01ysxw2e29zkromp
cmjqa2tkv02cuxw8yhjt12m7l,2025-12-28T22:05:22.877Z,2026-08-04T15:49:58.489Z,TCNMEM15622,2,cmkujgbe001ytxw2e024lfxiy
cmjqa2tkv02cvxw8y3yjbhfff,2025-12-28T22:05:22.877Z,2026-08-04T15:49:58.498Z,TCNMEM15623,2,cmkujgbe201yuxw2ewda7goji
cmjqa2tkv02cwxw8y04lgpq0v,2025-12-28T22:05:22.877Z,2026-08-04T15:49:58.506Z,TCNMEM15624,2,cmkujgbe301yvxw2ekvfzmnuc
cmjqa2tkv02cxxw8y2iv7ocwc,2025-12-28T22:05:22.877Z,2026-08-04T15:49:58.515Z,TCNMEM15625,2,cmkujgbe501ywxw2e1703fk51
cmjqa2tkv02czxw8yl44j4zrd,2025-12-28T22:05:22.877Z,2026-08-04T15:49:58.534Z,TCNMEM15627,2,cmkujgbe801yyxw2e427yg8dd
cmjqa2tkv02d0xw8ywat8jcho,2025-12-28T22:05:22.877Z,2026-08-04T15:49:58.542Z,TCNMEM15628,2,cmkujgbe901yzxw2eaitz57oy
cmjqa2tkv02d1xw8yhtzguk0x,2025-12-28T22:05:22.877Z,2026-08-04T15:49:58.551Z,TCNMEM15629,2,cmkujgbeb01z0xw2eft94shc3
cmjqa2tkv02d3xw8yz8nr2jdu,2025-12-28T22:05:22.877Z,2026-08-04T15:49:58.559Z,TCNMEM15631,2,cmkujgbee01z2xw2e29sxfz6y
cmjqa2tkv02d4xw8yl5ugl4sa,2025-12-28T22:05:22.877Z,2026-08-04T15:49:58.568Z,TCNMEM15632,2,cmkujgbeg01z3xw2ecv7wrzty
cmjqa2tkv02d5xw8ypy6r1rvz,2025-12-28T22:05:22.877Z,2026-08-04T15:49:58.578Z,TCNMEM15633,2,cmkujgbeh01z4xw2ehh0u7n51
cmjqa2tkv02d6xw8yg9vbn3ef,2025-12-28T22:05:22.877Z,2026-08-04T15:49:58.588Z,TCNMEM15634,2,cmkujgbej01z5xw2eoq8izhn3
cmjqa2tkv02d7xw8yhh9davt2,2025-12-28T22:05:22.877Z,2026-08-04T15:49:58.597Z,TCNMEM15635,2,cmkujgbek01z6xw2euy1t1gg9
cmjqa2tkv02d8xw8yq3bopwqb,2025-12-28T22:05:22.877Z,2026-08-04T15:49:58.606Z,TCNMEM15636,2,cmkujgbel01z7xw2e3pjr7hol
cmjqa2tkv02d9xw8ylbtkql5i,2025-12-28T22:05:22.877Z,2026-08-04T15:49:58.613Z,TCNMEM15637,2,cmkujgben01z8xw2ewopu2k2o
cmjqa2tkv02dbxw8y1gp9ft4k,2025-12-28T22:05:22.877Z,2026-08-04T15:49:58.621Z,TCNMEM15639,2,cmkujgbeq01zaxw2eu8cvh010
cmjqa2tkv02dcxw8yqeztazp0,2025-12-28T22:05:22.877Z,2026-08-04T15:49:58.629Z,TCNMEM15640,2,cmkujgber01zbxw2el7w3e8ru
cmjqa2tkv02ddxw8y4g2ls24f,2025-12-28T22:05:22.877Z,2026-08-04T15:49:58.638Z,TCNMEM15641,2,cmkujgbet01zcxw2e62r4ph7w
cmjqa2tkv02dexw8y9p7mb7nc,2025-12-28T22:05:22.877Z,2026-08-04T15:49:58.647Z,TCNMEM15642,2,cmkujgbeu01zdxw2e6yjnbgu4
cmjqa2tkv02dfxw8y523w0eco,2025-12-28T22:05:22.877Z,2026-08-04T15:49:58.657Z,TCNMEM15643,2,cmkujgbev01zexw2eg15aw48d
cmjqa2tkv02dhxw8yfuxc2mn5,2025-12-28T22:05:22.877Z,2026-08-04T15:49:58.665Z,TCNMEM15645,2,cmkujgbey01zgxw2ep8eefrk3
cmjqa2tkv02dixw8yvz486vje,2025-12-28T22:05:22.877Z,2026-08-04T15:49:58.673Z,TCNMEM15646,2,cmkujgbf001zhxw2eb85te59t
cmjqa2tkv02djxw8y85svj4sr,2025-12-28T22:05:22.877Z,2026-08-04T15:49:58.681Z,TCNMEM15647,2,cmkujgbf101zixw2eny79xilo
cmjqa2tkv02dkxw8y56e6h67h,2025-12-28T22:05:22.877Z,2026-08-04T15:49:58.697Z,TCNMEM15648,2,cmkujgbf401zjxw2elj3fgmpo
cmjqa2tkv02dlxw8yedqkdplb,2025-12-28T22:05:22.877Z,2026-08-04T15:49:58.706Z,TCNMEM15649,2,cmkujgbf701zkxw2e8i7irhjt
cmjqa2tkv02dmxw8yj8xshmsg,2025-12-28T22:05:22.877Z,2026-08-04T15:49:58.716Z,TCNMEM15650,2,cmkujgbfa01zlxw2eiebaa4fs
cmjqa2tkv02dnxw8ye8pouxek,2025-12-28T22:05:22.877Z,2026-08-04T15:49:58.726Z,TCNMEM15651,2,cmkujgbfe01zmxw2ew367xa13
cmjqa2tkv02doxw8yz6wkr0sk,2025-12-28T22:05:22.877Z,2026-08-04T15:49:58.734Z,TCNMEM15652,2,cmkujgbfh01znxw2esr5ed3zw
cmjqa2tkv02dqxw8yrh7gk3oc,2025-12-28T22:05:22.877Z,2026-08-04T15:49:58.743Z,TCNMEM15654,2,cmkujgbfo01zpxw2e3rrib1rs
cmjqa2tkv02drxw8yalaz1sgc,2025-12-28T22:05:22.877Z,2026-08-04T15:49:58.753Z,TCNMEM15655,2,cmkujgbfr01zqxw2eanqtzjgj
cmjqa2tkv02dsxw8yvg6x3cgb,2025-12-28T22:05:22.877Z,2026-08-04T15:49:58.761Z,TCNMEM15656,2,cmkujgbfu01zrxw2exqgh7y6m
cmjqa2tkv02duxw8yygvtchdl,2025-12-28T22:05:22.877Z,2026-08-04T15:49:58.772Z,TCNMEM15658,2,cmkujgbg101ztxw2eym86kzjf
cmjqa2tkv02dvxw8ya8qzv31w,2025-12-28T22:05:22.877Z,2026-08-04T15:49:58.782Z,TCNMEM15659,2,cmkujgbg501zuxw2eqfhdfxzw
cmjqa2tkv02dwxw8yqphkmcry,2025-12-28T22:05:22.877Z,2026-08-04T15:49:58.795Z,TCNMEM15660,2,cmkujgbg801zvxw2ed6gno9rb
cmjqa2tkv02dxxw8yh430q949,2025-12-28T22:05:22.877Z,2026-08-04T15:49:58.805Z,TCNMEM15661,2,cmkujgbgc01zwxw2eajz44ejo
cmjqa2tkv02dzxw8yopqak7uf,2025-12-28T22:05:22.877Z,2026-08-04T15:49:58.816Z,TCNMEM15663,2,cmkujgbgi01zyxw2e85hng1c2
cmjqa2tkv02e0xw8yz239qkcy,2025-12-28T22:05:22.877Z,2026-08-04T15:49:58.826Z,TCNMEM15664,2,cmkujgbgm01zzxw2ezptrdopo
cmjqa2tkv02e1xw8ygus0b488,2025-12-28T22:05:22.877Z,2026-08-04T15:49:58.835Z,TCNMEM15665,2,cmkujgbgp0200xw2e3el6gmb8
cmjqa2tkv02e2xw8y0c5eky0l,2025-12-28T22:05:22.877Z,2026-08-04T15:49:58.844Z,TCNMEM15666,2,cmkujgbgt0201xw2evykoedte
cmjqa2tkv02e3xw8ytd09yroy,2025-12-28T22:05:22.877Z,2026-08-04T15:49:58.856Z,TCNMEM15667,2,cmkujgbgw0202xw2eeyvp1xn8
cmjqa2tkv02e4xw8ygijutl9s,2025-12-28T22:05:22.877Z,2026-08-04T15:49:58.867Z,TCNMEM15668,2,cmkujgbgz0203xw2eb6bk0a32
cmjqa2tkv02e5xw8yzd8ms5sf,2025-12-28T22:05:22.877Z,2026-08-04T15:49:58.879Z,TCNMEM15669,2,cmkujgbh30204xw2ef0un17we
cmjqa2tkv02e7xw8ywc5m4664,2025-12-28T22:05:22.877Z,2026-08-04T15:49:58.888Z,TCNMEM15671,2,cmkujgbha0206xw2eh499q2js
cmjqa2tkv02e8xw8y4b2fu9u8,2025-12-28T22:05:22.877Z,2026-08-04T15:50:06.115Z,TCNMEM15672,2,cmkujgbhd0207xw2ejci8sj9i
cmjqa2tkv02e9xw8ylklwpmzw,2025-12-28T22:05:22.877Z,2026-08-04T15:50:06.126Z,TCNMEM15673,2,cmkujgbhg0208xw2eao9x310m
cmjqa2tkv02ebxw8yh5pj1ddd,2025-12-28T22:05:22.877Z,2026-08-04T15:50:06.139Z,TCNMEM15675,2,cmkujgbhn020axw2ejyj58w36
cmjqa2tkv02ecxw8yh7oh3nrg,2025-12-28T22:05:22.877Z,2026-08-04T15:50:06.149Z,TCNMEM15676,2,cmkujgbhq020bxw2edq9e4hmd
cmjqa2tkv02edxw8yj2934ayg,2025-12-28T22:05:22.877Z,2026-08-04T15:50:06.158Z,TCNMEM15677,2,cmkujgbhu020cxw2e6zhk4wht
cmjqa2tkv02eexw8ydujoqorv,2025-12-28T22:05:22.877Z,2026-08-04T15:50:06.168Z,TCNMEM15678,2,cmkujgbhw020dxw2esvlkxvvd
cmjqa2tkv02efxw8y2v8raehc,2025-12-28T22:05:22.877Z,2026-08-04T15:50:06.177Z,TCNMEM15679,2,cmkujgbhy020exw2ebebzsnnr
cmjqa2tkv02egxw8yknpcsmg9,2025-12-28T22:05:22.877Z,2026-08-04T15:50:06.189Z,TCNMEM15680,2,cmkujgbi0020fxw2ew5dzo7qb
cmjqa2tkv02ehxw8y7ikdvwsu,2025-12-28T22:05:22.877Z,2026-08-04T15:50:06.199Z,TCNMEM15681,2,cmkujgbi2020gxw2ephs0i0yo
cmjqa2tkv02eixw8ysqxy8nna,2025-12-28T22:05:22.877Z,2026-08-04T15:50:06.210Z,TCNMEM15682,2,cmkujgbi4020hxw2ez227enj5
cmjqa2tkv02ejxw8ydhz8w4gz,2025-12-28T22:05:22.877Z,2026-08-04T15:50:06.221Z,TCNMEM15683,2,cmkujgbi6020ixw2ewcbd5vo6
cmjqa2tkv02ekxw8y330t7fia,2025-12-28T22:05:22.877Z,2026-08-04T15:50:06.235Z,TCNMEM15684,2,cmkujgbi7020jxw2eysl6j6do
cmjqa2tkv02elxw8yea1fknwe,2025-12-28T22:05:22.877Z,2026-08-04T15:50:06.246Z,TCNMEM15685,2,cmkujgbi9020kxw2efoupk3u8
cmjqa2tkv02emxw8y4ng096pr,2025-12-28T22:05:22.877Z,2026-08-04T15:50:06.258Z,TCNMEM15686,2,cmkujgbid020lxw2ea98iloxn
cmjqa2tkv02eoxw8ywqmn8o7v,2025-12-28T22:05:22.877Z,2026-08-04T15:50:06.274Z,TCNMEM15688,2,cmkujgbim020nxw2ekvqnh388
cmjqa2tkv02eqxw8y86rmk97p,2025-12-28T22:05:22.877Z,2026-08-04T15:50:06.289Z,TCNMEM15690,2,cmkujgbit020pxw2ez5eyvzz4
cmjqa2tkv02erxw8y6a09tuzi,2025-12-28T22:05:22.877Z,2026-08-04T15:50:06.303Z,TCNMEM15691,2,cmkujgbix020qxw2ek4ctsk9o
cmjqa2tkv02esxw8yd987nsfq,2025-12-28T22:05:22.877Z,2026-08-04T15:50:06.333Z,TCNMEM15692,2,cmkujgbiy020rxw2epstktjv5
cmjqa2tkv02etxw8ymnhf2g42,2025-12-28T22:05:22.877Z,2026-08-04T15:50:06.345Z,TCNMEM15693,2,cmkujgbj0020sxw2elv843p8i
cmjqa2tkv02exxw8ywhtedutq,2025-12-28T22:05:22.877Z,2026-08-04T15:50:06.358Z,TCNMEM15697,2,cmkujgbj6020wxw2es9pvx201
cmjqa2tkv02eyxw8y4ngou7x2,2025-12-28T22:05:22.877Z,2026-08-04T15:50:06.369Z,TCNMEM15698,2,cmkujgbj8020xxw2ef9ru0z3j
cmjqa2tkv02ezxw8yp5kbrwps,2025-12-28T22:05:22.877Z,2026-08-04T15:50:06.381Z,TCNMEM15699,2,cmkujgbj9020yxw2eawm0i47s
cmjqa2tkv02f0xw8yewi72g44,2025-12-28T22:05:22.877Z,2026-08-04T15:50:06.392Z,TCNMEM15700,2,cmkujgbja020zxw2efaytnmh6
cmjqa2tkv02f1xw8yafmet9qz,2025-12-28T22:05:22.877Z,2026-08-04T15:50:06.404Z,TCNMEM15701,2,cmkujgbjc0210xw2ewu5ucxb4
cmjqa2tkv02f2xw8yzxekrqjn,2025-12-28T22:05:22.877Z,2026-08-04T15:50:06.415Z,TCNMEM15702,2,cmkujgbjd0211xw2evkjwjci2
cmjqa2tkv02f3xw8yluomj7ww,2025-12-28T22:05:22.877Z,2026-08-04T15:50:06.428Z,TCNMEM15703,2,cmkujgbjf0212xw2elfvm2240
cmjqa2tkv02f4xw8yjg5rdbbi,2025-12-28T22:05:22.877Z,2026-08-04T15:50:06.438Z,TCNMEM15704,2,cmkujgbjg0213xw2ea87di2kt
cmjqa2tkv02f6xw8y8h5gs45o,2025-12-28T22:05:22.877Z,2026-08-04T15:50:06.448Z,TCNMEM15706,2,cmkujgbjj0215xw2esgwwes77
cmjqa2tkv02f7xw8yoht0e9de,2025-12-28T22:05:22.877Z,2026-08-04T15:50:06.460Z,TCNMEM15707,2,cmkujgbjk0216xw2evguljxah
cmjqa2tkv02f8xw8yg7f08vw5,2025-12-28T22:05:22.877Z,2026-08-04T15:50:06.470Z,TCNMEM15708,2,cmkujgbjm0217xw2ek7no4etj
cmjqa2tkv02f9xw8yif1eg1ms,2025-12-28T22:05:22.877Z,2026-08-04T15:50:06.480Z,TCNMEM15709,2,cmkujgbjn0218xw2envdn53tl
cmjqa2tkv02faxw8yqialyc0t,2025-12-28T22:05:22.877Z,2026-08-04T15:50:06.492Z,TCNMEM15710,2,cmkujgbjp0219xw2eg7fi6yow
cmjqa2tkv02fbxw8y1da8l7aq,2025-12-28T22:05:22.877Z,2026-08-04T15:50:06.504Z,TCNMEM15711,2,cmkujgbjq021axw2eqnt6w1pf
cmjqa2tkw02fdxw8y8c04e4a2,2025-12-28T22:05:22.877Z,2026-08-04T15:50:06.516Z,TCNMEM15713,2,cmkujgbjt021cxw2ep51jrbll
cmjqa2tkw02fexw8yn5h35miy,2025-12-28T22:05:22.877Z,2026-08-04T15:50:06.530Z,TCNMEM15714,2,cmkujgbju021dxw2e4yokkgex
cmjqa2tkw02ffxw8yamtrt5w6,2025-12-28T22:05:22.877Z,2026-08-04T15:50:06.541Z,TCNMEM15715,2,cmkujgbjw021exw2e8c5mhp7r
cmjqa2tkw02fixw8yvgcjc7n0,2025-12-28T22:05:22.877Z,2026-08-04T15:50:06.554Z,TCNMEM15718,2,cmkujgbk0021hxw2eglfp9jym
cmjqa2tkw02fjxw8yilm81mjt,2025-12-28T22:05:22.877Z,2026-08-04T15:50:06.565Z,TCNMEM15719,2,cmkujgbk1021ixw2en5fv6nb8
cmjqa2tkw02fkxw8yd2lqrtu2,2025-12-28T22:05:22.877Z,2026-08-04T15:50:06.576Z,TCNMEM15720,2,cmkujgbk3021jxw2eb7k5z1hc
cmjqa2tkw02flxw8y1q3bafcb,2025-12-28T22:05:22.877Z,2026-08-04T15:50:06.593Z,TCNMEM15721,2,cmkujgbk4021kxw2ei4aq53y0
cmjqa2tkw02fmxw8yn0ho2bj2,2025-12-28T22:05:22.877Z,2026-08-04T15:50:06.603Z,TCNMEM15722,2,cmkujgbk6021lxw2ekn3ybgem
cmjqa2tkw02fnxw8y7nam5e0z,2025-12-28T22:05:22.877Z,2026-08-04T15:50:06.614Z,TCNMEM15723,2,cmkujgbk7021mxw2e5k662c1g
cmjqa2tkw02foxw8yz8c2bbwc,2025-12-28T22:05:22.877Z,2026-08-04T15:50:06.630Z,TCNMEM15724,2,cmkujgbk9021nxw2e86ueh3g1
cmjqa2tkw02fpxw8y7nuw78yb,2025-12-28T22:05:22.877Z,2026-08-04T15:50:06.642Z,TCNMEM15725,2,cmkujgbka021oxw2emt7h3uva
cmjqa2tkw02frxw8ykt4qt62b,2025-12-28T22:05:22.877Z,2026-08-04T15:50:06.656Z,TCNMEM15727,2,cmkujgbkd021qxw2eoxmo2lfj
cmjqa2tkw02fsxw8ywu4hi3hp,2025-12-28T22:05:22.877Z,2026-08-04T15:50:06.668Z,TCNMEM15728,2,cmkujgbke021rxw2e1bcfn51p
cmjqa2tkw02ftxw8yk0lydppg,2025-12-28T22:05:22.877Z,2026-08-04T15:50:06.680Z,TCNMEM15729,2,cmkujgbkf021sxw2efdl2fxux
cmjqa2tkw02fuxw8y6q7u8bck,2025-12-28T22:05:22.877Z,2026-08-04T15:50:06.692Z,TCNMEM15730,2,cmkujgbkh021txw2e07mlmlna
cmjqa2tkw02fvxw8yz3yripd1,2025-12-28T22:05:22.877Z,2026-08-04T15:50:06.702Z,TCNMEM15731,2,cmkujgbki021uxw2e63vaih96
cmjqa2tkw02fwxw8yx7r7jr7y,2025-12-28T22:05:22.877Z,2026-08-04T15:50:06.714Z,TCNMEM15732,2,cmkujgbkj021vxw2eww3athcd
cmjqa2tkw02fxxw8yw4w5aukb,2025-12-28T22:05:22.877Z,2026-08-04T15:50:06.743Z,TCNMEM15733,2,cmkujgbkl021wxw2einvnwgv4
cmjqa2tkw02fyxw8yk9astqlg,2025-12-28T22:05:22.877Z,2026-08-04T15:50:06.755Z,TCNMEM15734,2,cmkujgbkm021xxw2enl3nvk45
cmjqa2tkw02g1xw8yizpxr2jy,2025-12-28T22:05:22.877Z,2026-08-04T15:50:06.765Z,TCNMEM15737,2,cmkujgbkq0220xw2eai0rqik5
cmjqa2tkw02g2xw8yvk16zlvg,2025-12-28T22:05:22.877Z,2026-08-04T15:50:06.776Z,TCNMEM15738,2,cmkujgbks0221xw2ej4p7tojz
cmjqa2tkw02g3xw8y0ahbl51h,2025-12-28T22:05:22.877Z,2026-08-04T15:50:06.788Z,TCNMEM15739,2,cmkujgbkt0222xw2eovcp3388
cmjqa2tkw02g6xw8y1xc7uqhk,2025-12-28T22:05:22.877Z,2026-08-04T15:50:06.799Z,TCNMEM15742,2,cmkujgbkx0225xw2eyetxzjcr
cmjqa2tkw02g8xw8y6oy568ac,2025-12-28T22:05:22.877Z,2026-08-04T15:50:06.810Z,TCNMEM15744,2,cmkujgbl00227xw2egb4xheu6
cmjqa2tkw02gaxw8yoxmpnovr,2025-12-28T22:05:22.877Z,2026-08-04T15:50:06.821Z,TCNMEM15746,2,cmkujgbl20229xw2e4inj6z9b
cmjqa2tkw02gcxw8ylq5ttowx,2025-12-28T22:05:22.877Z,2026-08-04T15:50:06.832Z,TCNMEM15748,2,cmkujgbl5022bxw2euiey5ahb
cmjqa2tkw02gdxw8yge6otdnl,2025-12-28T22:05:22.877Z,2026-08-04T15:50:06.845Z,TCNMEM15749,2,cmkujgbl6022cxw2e4grwdnvj
cmjqa2tkw02gexw8y95lva8oe,2025-12-28T22:05:22.877Z,2026-08-04T15:50:06.856Z,TCNMEM15750,2,cmkujgbl8022dxw2etelu0zkq
cmjqa2tkw02gfxw8yilt047ee,2025-12-28T22:05:22.877Z,2026-08-04T15:50:06.876Z,TCNMEM15751,2,cmkujgbl9022exw2ez9n7jpy2
cmjqa2tkw02ggxw8yfnkmxysg,2025-12-28T22:05:22.877Z,2026-08-04T15:50:06.886Z,TCNMEM15752,2,cmkujgblb022fxw2ewxzgk8uq
cmjqa2tkw02ghxw8yyrcrb6zy,2025-12-28T22:05:22.877Z,2026-08-04T15:50:06.898Z,TCNMEM15753,2,cmkujgblc022gxw2efux0dwhk
cmjqa2tkw02gixw8ybvhrxq84,2025-12-28T22:05:22.877Z,2026-08-04T15:50:06.911Z,TCNMEM15754,2,cmkujgbld022hxw2e02hzw43t
cmjqa2tkw02glxw8yhzgb3qhv,2025-12-28T22:05:22.877Z,2026-08-04T15:50:06.923Z,TCNMEM15757,2,cmkujgblh022kxw2ej25h59fk
cmjqa2tkw02gmxw8yc2urixme,2025-12-28T22:05:22.877Z,2026-08-04T15:50:06.933Z,TCNMEM15758,2,cmkujgblj022lxw2eqmgh8fos
cmjqa2tkw02gnxw8y3wd1qrri,2025-12-28T22:05:22.877Z,2026-08-04T15:50:06.945Z,TCNMEM15759,2,cmkujgblk022mxw2e9jr35h03
cmjqa2tkw02goxw8y91t280kv,2025-12-28T22:05:22.877Z,2026-08-04T15:50:06.955Z,TCNMEM15760,2,cmkujgblm022nxw2e3baynild
cmjqa2tkw02gpxw8y9t62np09,2025-12-28T22:05:22.877Z,2026-08-04T15:50:06.967Z,TCNMEM15761,2,cmkujgbln022oxw2euojwsbdw
cmjqa2tkw02gqxw8yvtly7ovn,2025-12-28T22:05:22.877Z,2026-08-04T15:50:06.978Z,TCNMEM15762,2,cmkujgblo022pxw2e37zh4422
cmjqa2tkw02grxw8yjdvtgcr3,2025-12-28T22:05:22.877Z,2026-08-04T15:50:06.993Z,TCNMEM15763,2,cmkujgblq022qxw2egcda5iln
cmjqa2tkw02gsxw8y8agn0ww3,2025-12-28T22:05:22.877Z,2026-08-04T15:50:07.003Z,TCNMEM15764,2,cmkujgblr022rxw2ep08ue6g6
cmjqa2tkw02gtxw8yufuszex7,2025-12-28T22:05:22.877Z,2026-08-04T15:50:07.015Z,TCNMEM15765,2,cmkujgblt022sxw2elmosn5vw
cmjqa2tkw02guxw8yok1mjkfp,2025-12-28T22:05:22.877Z,2026-08-04T15:50:07.025Z,TCNMEM15766,2,cmkujgblu022txw2eynxhrq4f
cmjqa2tkw02gvxw8yrykmfd70,2025-12-28T22:05:22.877Z,2026-08-04T15:50:07.036Z,TCNMEM15767,2,cmkujgblw022uxw2epgaoasu0
cmjqa2tkw02gwxw8yzfqecc5x,2025-12-28T22:05:22.877Z,2026-08-04T15:50:07.051Z,TCNMEM15768,2,cmkujgblx022vxw2elvj6fn5e
cmjqa2tkw02gxxw8y70is8ywq,2025-12-28T22:05:22.877Z,2026-08-04T15:50:07.063Z,TCNMEM15769,2,cmkujgblz022wxw2eeu6fch8d
cmjqa2tkw02h3xw8yt02h0mfw,2025-12-28T22:05:22.877Z,2026-08-04T15:50:07.073Z,TCNMEM15775,2,cmkujgbm90232xw2e5779iuwp
cmjqa2tkw02h4xw8yvjg8ecb6,2025-12-28T22:05:22.877Z,2026-08-04T15:50:07.084Z,TCNMEM15776,2,cmkujgbma0233xw2e2mcei35u
cmjqa2tkw02h5xw8y5r1u3zr7,2025-12-28T22:05:22.877Z,2026-08-04T15:50:07.096Z,TCNMEM15777,2,cmkujgbmc0234xw2eve7x9xs1
cmjqa2tkw02h7xw8yktyehnip,2025-12-28T22:05:22.877Z,2026-08-04T15:50:07.106Z,TCNMEM15779,2,cmkujgbmf0236xw2enonapr3y
cmjqa2tkw02h8xw8yjsjxam9l,2025-12-28T22:05:22.877Z,2026-08-04T15:50:07.116Z,TCNMEM15780,2,cmkujgbmh0237xw2eyuxiwbqa
cmjqa2tkw02h9xw8yla6s35yl,2025-12-28T22:05:22.877Z,2026-08-04T15:50:07.126Z,TCNMEM15781,2,cmkujgbmi0238xw2e59n2lrmo
cmjqa2tkw02haxw8yv77etrva,2025-12-28T22:05:22.877Z,2026-08-04T15:50:07.135Z,TCNMEM15782,2,cmkujgbmk0239xw2ex9yrpujk
cmjqa2tkw02hbxw8yw46fi9bi,2025-12-28T22:05:22.877Z,2026-08-04T15:50:07.143Z,TCNMEM15783,2,cmkujgbml023axw2ezi3t5web
cmjqa2tkw02hexw8yfot7rotx,2025-12-28T22:05:22.877Z,2026-08-04T15:50:07.153Z,TCNMEM15786,2,cmkujgbmq023dxw2epmsmwdmb
cmjqa2tkw02hnxw8ycx3g19wn,2025-12-28T22:05:22.877Z,2026-08-04T15:50:07.163Z,TCNMEM15795,2,cmkujgbn4023mxw2eqrzu0iin
cmjqa2tkw02hpxw8y4eqfz53i,2025-12-28T22:05:22.877Z,2026-08-04T15:50:07.173Z,TCNMEM15797,2,cmkujgbn7023oxw2eoaywcho2
cmjqa2tkw02hsxw8y4ey0aiwn,2025-12-28T22:05:22.877Z,2026-08-04T15:50:07.182Z,TCNMEM15800,2,cmkujgbnc023rxw2e4u902iv4
cmjqa2tkw02htxw8ye5ffa9a2,2025-12-28T22:05:22.877Z,2026-08-04T15:50:07.193Z,TCNMEM15801,2,cmkujgbne023sxw2et0jqdc5o
cmjqa2tkx02hvxw8yhskpokaa,2025-12-28T22:05:22.877Z,2026-08-04T15:50:07.203Z,TCNMEM15803,2,cmkujgbnh023uxw2e4zpd78ve
cmjqa2tkx02hwxw8yenk0s0tm,2025-12-28T22:05:22.877Z,2026-08-04T15:50:07.213Z,TCNMEM15804,2,cmkujgbni023vxw2ehk49frdk
cmjqa2tkx02hxxw8y1u5ygv27,2025-12-28T22:05:22.877Z,2026-08-04T15:50:07.225Z,TCNMEM15805,2,cmkujgbnk023wxw2eihx8w0pu
cmjqa2tkx02hyxw8yly9bygf2,2025-12-28T22:05:22.877Z,2026-08-04T15:50:07.234Z,TCNMEM15806,2,cmkujgbnm023xxw2e1ht96u9x
cmjqa2tkx02i0xw8ygcbun99z,2025-12-28T22:05:22.877Z,2026-08-04T15:50:07.243Z,TCNMEM15808,2,cmkujgbnp023zxw2ecbpzkwxb
cmjqa2tkx02i2xw8yej3jftbq,2025-12-28T22:05:22.877Z,2026-08-04T15:50:07.255Z,TCNMEM15810,2,cmkujgbns0241xw2e42u6xyg8
cmjqa2tkx02i3xw8ysx11u5wj,2025-12-28T22:05:22.877Z,2026-08-04T15:50:07.265Z,TCNMEM15811,2,cmkujgbnu0242xw2etc8girpw
cmjqa2tkx02i4xw8yzy4cwtko,2025-12-28T22:05:22.877Z,2026-08-04T15:50:07.275Z,TCNMEM15812,2,cmkujgbnv0243xw2edqwg1tcw
cmjqa2tkx02i5xw8y7fij2d0r,2025-12-28T22:05:22.877Z,2026-08-04T15:50:07.286Z,TCNMEM15813,2,cmkujgbnx0244xw2e6vo082bb
cmjqa2tkx02i6xw8y8gxplgzd,2025-12-28T22:05:22.877Z,2026-08-04T15:50:14.681Z,TCNMEM15814,2,cmkujgbnz0245xw2e19mev74u
cmjqa2tkx02i8xw8yj9wyr46t,2025-12-28T22:05:22.877Z,2026-08-04T15:50:14.691Z,TCNMEM15816,2,cmkujgbo20247xw2e9bh3c6oa
cmjqa2tkx02iaxw8y2se387a3,2025-12-28T22:05:22.877Z,2026-08-04T15:50:14.700Z,TCNMEM15818,2,cmkujgbo50249xw2elhfbkju3
cmjqa2tkx02ibxw8yb8e9m57u,2025-12-28T22:05:22.877Z,2026-08-04T15:50:14.712Z,TCNMEM15819,2,cmkujgbo6024axw2eoamcdn3u
cmjqa2tkx02icxw8y72wp4b7w,2025-12-28T22:05:22.877Z,2026-08-04T15:50:14.724Z,TCNMEM15820,2,cmkujgbo8024bxw2e219nrw3d
cmjqa2tkx02idxw8yz7r7angf,2025-12-28T22:05:22.877Z,2026-08-04T15:50:14.736Z,TCNMEM15821,2,cmkujgboa024cxw2ef6osxsp9
cmjqa2tkx02iexw8y8jgrqcwm,2025-12-28T22:05:22.877Z,2026-08-04T15:50:14.747Z,TCNMEM15822,2,cmkujgbob024dxw2e8mhd1aii
cmjqa2tkx02ifxw8yh4kqe0fu,2025-12-28T22:05:22.877Z,2026-08-04T15:50:14.756Z,TCNMEM15823,2,cmkujgbod024exw2eaj80fcs9
cmjqa2tkx02igxw8y2534cbc0,2025-12-28T22:05:22.877Z,2026-08-04T15:50:14.767Z,TCNMEM15824,2,cmkujgboe024fxw2etmmnfkvb
cmjqa2tkx02ihxw8yyhl3s8p2,2025-12-28T22:05:22.877Z,2026-08-04T15:50:14.780Z,TCNMEM15825,2,cmkujgbog024gxw2eq4zfii7o
cmjqa2tkx02iixw8yb0vvq33p,2025-12-28T22:05:22.877Z,2026-08-04T15:50:14.790Z,TCNMEM15826,2,cmkujgboh024hxw2esgx5wshr
cmjqa2tkx02ilxw8yrt3kbg1h,2025-12-28T22:05:22.877Z,2026-08-04T15:50:14.800Z,TCNMEM15829,2,cmkujgbom024kxw2eud7urjkz
cmjqa2tkx02inxw8yjeghfnwn,2025-12-28T22:05:22.877Z,2026-08-04T15:50:14.810Z,TCNMEM15831,2,cmkujgboq024mxw2e7q9n7zsk
cmjqa2tkx02ipxw8ytbqingxw,2025-12-28T22:05:22.877Z,2026-08-04T15:50:14.820Z,TCNMEM15833,2,cmkujgbot024oxw2et1w4yz65
cmjqa2tkx02iqxw8y9f05f27k,2025-12-28T22:05:22.877Z,2026-08-04T15:50:14.830Z,TCNMEM15834,2,cmkujgbou024pxw2eexaq7ebz
cmjqa2tkx02irxw8y11eubvpr,2025-12-28T22:05:22.877Z,2026-08-04T15:50:14.842Z,TCNMEM15835,2,cmkujgbow024qxw2e1p81i1nu
cmjqa2tkx02isxw8y2ix4mhdm,2025-12-28T22:05:22.877Z,2026-08-04T15:50:14.851Z,TCNMEM15836,2,cmkujgbox024rxw2e6cezv09h
cmjqa2tkx02iuxw8yf12shnhc,2025-12-28T22:05:22.877Z,2026-08-04T15:50:14.860Z,TCNMEM15838,2,cmkujgbp1024txw2egzmoe1th
cmjqa2tkx02ivxw8yyirqsdor,2025-12-28T22:05:22.877Z,2026-08-04T15:50:14.869Z,TCNMEM15839,2,cmkujgbp2024uxw2e4g8ahfi1
cmjqa2tkx02iwxw8yecjgtwh7,2025-12-28T22:05:22.877Z,2026-08-04T15:50:14.879Z,TCNMEM15840,2,cmkujgbp4024vxw2ekw01xo62
cmjqa2tkx02iyxw8yn5iul5ie,2025-12-28T22:05:22.877Z,2026-08-04T15:50:14.888Z,TCNMEM15842,2,cmkujgbp7024xxw2e1iyn95yi
cmjqa2tkx02izxw8ye5a3o70p,2025-12-28T22:05:22.877Z,2026-08-04T15:50:14.898Z,TCNMEM15843,2,cmkujgbp9024yxw2eyl9tcdkk
cmjqa2tkx02j0xw8y411e6ey8,2025-12-28T22:05:22.877Z,2026-08-04T15:50:14.912Z,TCNMEM15844,2,cmkujgbpa024zxw2eeyvs6fuh
cmjqa2tkx02j2xw8y0ycuiiph,2025-12-28T22:05:22.877Z,2026-08-04T15:50:14.922Z,TCNMEM15846,2,cmkujgbpe0251xw2ez9es6kob
cmjqa2tkx02j3xw8yx5m00yp3,2025-12-28T22:05:22.877Z,2026-08-04T15:50:14.932Z,TCNMEM15847,2,cmkujgbpf0252xw2e89l7wdkh
cmjqa2tkx02j4xw8yvu5jxc6w,2025-12-28T22:05:22.877Z,2026-08-04T15:50:14.942Z,TCNMEM15848,2,cmkujgbph0253xw2e3q1cbp7q
cmjqa2tkx02j5xw8ybu1dgei4,2025-12-28T22:05:22.877Z,2026-08-04T15:50:14.951Z,TCNMEM15849,2,cmkujgbpi0254xw2ev3zp5mpa
cmjqa2tkx02j7xw8ygh5qczjj,2025-12-28T22:05:22.877Z,2026-08-04T15:50:14.962Z,TCNMEM15851,2,cmkujgbpl0256xw2e17h66x3c
cmjqa2tkx02j8xw8y712rzxq7,2025-12-28T22:05:22.877Z,2026-08-04T15:50:14.975Z,TCNMEM15852,2,cmkujgbpn0257xw2evlfiru98
cmjqa2tkx02j9xw8ytbkih01c,2025-12-28T22:05:22.877Z,2026-08-04T15:50:14.987Z,TCNMEM15853,2,cmkujgbpp0258xw2ew797938k
cmjqa2tkx02jaxw8y3hz8kwa8,2025-12-28T22:05:22.877Z,2026-08-04T15:50:14.997Z,TCNMEM15854,2,cmkujgbpq0259xw2ezkzaj3y9
cmjqa2tkx02jbxw8y0v2ml26a,2025-12-28T22:05:22.877Z,2026-08-04T15:50:15.008Z,TCNMEM15855,2,cmkujgbps025axw2e7ypkph7w
cmjqa2tkx02jcxw8y1tknaa81,2025-12-28T22:05:22.877Z,2026-08-04T15:50:15.017Z,TCNMEM15856,2,cmkujgbpt025bxw2e7oyl9ku8
cmjqa2tkx02jexw8yckicvwvt,2025-12-28T22:05:22.877Z,2026-08-04T15:50:15.025Z,TCNMEM15858,2,cmkujgbpx025dxw2e9k0luyjf
cmjqa2tkx02jfxw8yy8wfy2q9,2025-12-28T22:05:22.877Z,2026-08-04T15:50:15.036Z,TCNMEM15859,2,cmkujgbpy025exw2ew652xo22
cmjqa2tkx02jgxw8yav60aqdb,2025-12-28T22:05:22.877Z,2026-08-04T15:50:15.046Z,TCNMEM15860,2,cmkujgbq0025fxw2ejzmwx0mb
cmjqa2tkx02jhxw8ya7e0v7ea,2025-12-28T22:05:22.877Z,2026-08-04T15:50:15.057Z,TCNMEM15861,2,cmkujgbq2025gxw2ed1i5ojj7
cmjqa2tkx02jmxw8ynf4naalt,2025-12-28T22:05:22.877Z,2026-08-04T15:50:15.067Z,TCNMEM15866,2,cmkujgbqa025lxw2ea1ccbp9w
cmjqa2tkx02jnxw8yk3cf4gjj,2025-12-28T22:05:22.877Z,2026-08-04T15:50:15.076Z,TCNMEM15867,2,cmkujgbqb025mxw2ev5rk4qzw
cmjqa2tkx02joxw8y6sui3o4o,2025-12-28T22:05:22.877Z,2026-08-04T15:50:15.086Z,TCNMEM15868,2,cmkujgbqd025nxw2er3n7lcod
cmjqa2tkx02jpxw8y2l7aq0s4,2025-12-28T22:05:22.877Z,2026-08-04T15:50:15.098Z,TCNMEM15869,2,cmkujgbqe025oxw2eo5pykvue
cmjqa2tkx02jtxw8yluh96kng,2025-12-28T22:05:22.877Z,2026-08-04T15:50:15.107Z,TCNMEM15873,2,cmkujgbql025sxw2e66uyxiq8
cmjqa2tkx02juxw8yhkyx1vhd,2025-12-28T22:05:22.877Z,2026-08-04T15:50:15.115Z,TCNMEM15874,2,cmkujgbqn025txw2e88wqexhg
cmjqa2tkx02jvxw8ytcgmvu7t,2025-12-28T22:05:22.877Z,2026-08-04T15:50:15.125Z,TCNMEM15875,2,cmkujgbqo025uxw2e5w8u45hk
cmjqa2tkx02jwxw8y12x7aj22,2025-12-28T22:05:22.877Z,2026-08-04T15:50:15.134Z,TCNMEM15876,2,cmkujgbqq025vxw2e33kp69ge
cmjqa2tkx02jxxw8y4p8md8df,2025-12-28T22:05:22.877Z,2026-08-04T15:50:15.143Z,TCNMEM15877,2,cmkujgbqr025wxw2ei4svdkqm
cmjqa2tkx02jyxw8yac5pbook,2025-12-28T22:05:22.877Z,2026-08-04T15:50:15.151Z,TCNMEM15878,2,cmkujgbqt025xxw2enaj08xbe
cmjqa2tkx02jzxw8y9imwp8ty,2025-12-28T22:05:22.877Z,2026-08-04T15:50:15.162Z,TCNMEM15879,2,cmkujgbqv025yxw2e2nsi3xz3
cmjqa2tkx02k0xw8y7tzo4vjb,2025-12-28T22:05:22.877Z,2026-08-04T15:50:15.171Z,TCNMEM15880,2,cmkujgbqx025zxw2egdsqdn3d
cmjqa2tkx02k1xw8yevhjr5s0,2025-12-28T22:05:22.877Z,2026-08-04T15:50:15.180Z,TCNMEM15881,2,cmkujgbqy0260xw2epmbnjuik
cmjqa2tkx02k2xw8ynxbh1r0k,2025-12-28T22:05:22.877Z,2026-08-04T15:50:15.190Z,TCNMEM15882,2,cmkujgbr00261xw2e2t67je07
cmjqa2tkx02k5xw8ybsfl031h,2025-12-28T22:05:22.877Z,2026-08-04T15:50:15.201Z,TCNMEM15885,2,cmkujgbr50264xw2e24u9sby1
cmjqa2tkx02k6xw8yfqwzvmpi,2025-12-28T22:05:22.877Z,2026-08-04T15:50:15.210Z,TCNMEM15886,2,cmkujgbr60265xw2ebvjxmzyy
cmjqa2tkx02k8xw8ybh6ou924,2025-12-28T22:05:22.877Z,2026-08-04T15:50:15.219Z,TCNMEM15888,2,cmkujgbr90267xw2ely34ipu3
cmjqa2tkx02k9xw8yv744owfd,2025-12-28T22:05:22.877Z,2026-08-04T15:50:15.233Z,TCNMEM15889,2,cmkujgbrb0268xw2ev1kc80f7
cmjqa2tkx02kaxw8yi0adulsz,2025-12-28T22:05:22.877Z,2026-08-04T15:50:15.245Z,TCNMEM15890,2,cmkujgbrd0269xw2e6o2m9o6k
cmjqa2tkx02kbxw8ygw7720io,2025-12-28T22:05:22.877Z,2026-08-04T15:50:15.255Z,TCNMEM15891,2,cmkujgbre026axw2egf7lrbfd
cmjqa2tkx02kcxw8y1szopvjc,2025-12-28T22:05:22.877Z,2026-08-04T15:50:15.267Z,TCNMEM15892,2,cmkujgbrg026bxw2e03ye7j5y
cmjqa2tky02kexw8yn1uvqizy,2025-12-28T22:05:22.877Z,2026-08-04T15:50:15.275Z,TCNMEM15894,2,cmkujgbrj026dxw2eo2dxrcev
cmjqa2tky02kfxw8ywud85v26,2025-12-28T22:05:22.877Z,2026-08-04T15:50:15.286Z,TCNMEM15895,2,cmkujgbrl026exw2eq7hq4pcl
cmjqa2tky02kgxw8yvlefmy4v,2025-12-28T22:05:22.877Z,2026-08-04T15:50:15.295Z,TCNMEM15896,2,cmkujgbrn026fxw2eh9zscgm5
cmjqa2tky02khxw8y03svxa2i,2025-12-28T22:05:22.877Z,2026-08-04T15:50:15.304Z,TCNMEM15897,2,cmkujgbro026gxw2esijucto6
cmjqa2tky02kjxw8yqera7qcv,2025-12-28T22:05:22.877Z,2026-08-04T15:50:15.313Z,TCNMEM15899,2,cmkujgbrs026ixw2e0d4nrcyt
cmjqa2tky02kpxw8yzr684nyu,2025-12-28T22:05:22.877Z,2026-08-04T15:50:15.321Z,TCNMEM15905,2,cmkujgbs1026oxw2ew2icgejq
cmjqa2tky02ksxw8yxkb4g0g9,2025-12-28T22:05:22.877Z,2026-08-04T15:50:15.331Z,TCNMEM15908,2,cmkujgbs6026rxw2e4ycfvylp
cmjqa2tky02ktxw8ydu9dho5s,2025-12-28T22:05:22.877Z,2026-08-04T15:50:15.342Z,TCNMEM15909,2,cmkujgbs7026sxw2e6nxo6vg1
cmjqa2tky02kuxw8yr6262t4u,2025-12-28T22:05:22.877Z,2026-08-04T15:50:15.355Z,TCNMEM15910,2,cmkujgbs9026txw2ea4k7pj84
cmjqa2tky02kwxw8ymw2cb0ds,2025-12-28T22:05:22.877Z,2026-08-04T15:50:15.365Z,TCNMEM15912,2,cmkujgbsc026vxw2eavnvgzx7
cmjqa2tky02kyxw8ynb1p6j2u,2025-12-28T22:05:22.877Z,2026-08-04T15:50:15.375Z,TCNMEM15914,2,cmkujgbsf026xxw2e6gpvuui3
cmjqa2tky02kzxw8yzcrblnop,2025-12-28T22:05:22.877Z,2026-08-04T15:50:15.386Z,TCNMEM15915,2,cmkujgbsh026yxw2eezmwfc6p
cmjqa2tky02l2xw8ytid7co1h,2025-12-28T22:05:22.877Z,2026-08-04T15:50:15.394Z,TCNMEM15918,2,cmkujgbsm0271xw2efbwh0foi
cmjqa2tky02l3xw8y2nfdrrlr,2025-12-28T22:05:22.877Z,2026-08-04T15:50:15.403Z,TCNMEM15919,2,cmkujgbsn0272xw2emrxh8bp8
cmjqa2tky02l4xw8yf3wagpp7,2025-12-28T22:05:22.877Z,2026-08-04T15:50:15.414Z,TCNMEM15920,2,cmkujgbsp0273xw2e7ig93o8u
cmjqa2tky02l5xw8yzithgiwy,2025-12-28T22:05:22.877Z,2026-08-04T15:50:15.425Z,TCNMEM15921,2,cmkujgbsq0274xw2ejfwtqmp6
cmjqa2tky02l7xw8ykf1zl4qm,2025-12-28T22:05:22.877Z,2026-08-04T15:50:15.434Z,TCNMEM15923,2,cmkujgbst0276xw2edrcwz0yd
cmjqa2tky02l8xw8yppua60l2,2025-12-28T22:05:22.877Z,2026-08-04T15:50:15.443Z,TCNMEM15924,2,cmkujgbsv0277xw2e33xeoy7b
cmjqa2tky02l9xw8y4acinfm8,2025-12-28T22:05:22.877Z,2026-08-04T15:50:15.452Z,TCNMEM15925,2,cmkujgbsx0278xw2e0zb39shj
cmjqa2tky02laxw8y22gro3wf,2025-12-28T22:05:22.877Z,2026-08-04T15:50:15.462Z,TCNMEM15926,2,cmkujgbsy0279xw2e7ds51byk
cmjqa2tky02lbxw8yg397747h,2025-12-28T22:05:22.877Z,2026-08-04T15:50:15.472Z,TCNMEM15927,2,cmkujgbt0027axw2erut4e90b
cmjqa2tky02ldxw8yvkhhiq5x,2025-12-28T22:05:22.877Z,2026-08-04T15:50:15.485Z,TCNMEM15929,2,cmkujgbt3027cxw2e04n7qw1i
cmjqa2tky02lexw8y9bi289lm,2025-12-28T22:05:22.877Z,2026-08-04T15:50:15.495Z,TCNMEM15930,2,cmkujgbt5027dxw2epqh2m179
cmjqa2tky02lfxw8yu9rit3u1,2025-12-28T22:05:22.877Z,2026-08-04T15:50:15.507Z,TCNMEM15931,2,cmkujgbt6027exw2ekqhpqnkl
cmjqa2tky02lgxw8yavu1u8q5,2025-12-28T22:05:22.877Z,2026-08-04T15:50:15.524Z,TCNMEM15932,2,cmkujgbt8027fxw2el0zg8if3
cmjqa2tky02lixw8ynl7br4cj,2025-12-28T22:05:22.877Z,2026-08-04T15:50:15.537Z,TCNMEM15934,2,cmkujgbtb027hxw2eyuztdvkp
cmjqa2tky02ljxw8ybt9i30fl,2025-12-28T22:05:22.877Z,2026-08-04T15:50:15.549Z,TCNMEM15935,2,cmkujgbtc027ixw2esa8qad4m
cmjqa2tky02lkxw8ylgq14tei,2025-12-28T22:05:22.877Z,2026-08-04T15:50:15.561Z,TCNMEM15936,2,cmkujgbte027jxw2e40t7dct8
cmjqa2tky02lmxw8yj0s7jzlp,2025-12-28T22:05:22.877Z,2026-08-04T15:50:15.573Z,TCNMEM15938,2,cmkujgbth027lxw2eet1z4h5l
cmjqa2tky02loxw8yhy9kalhn,2025-12-28T22:05:22.877Z,2026-08-04T15:50:15.586Z,TCNMEM15940,2,cmkujgbtk027nxw2erb1c9hm7
cmjqa2tky02lpxw8yrg8u6ka0,2025-12-28T22:05:22.877Z,2026-08-04T15:50:15.596Z,TCNMEM15941,2,cmkujgbtm027oxw2er6atyi3w
cmjqa2tky02lrxw8y6fvmbd5i,2025-12-28T22:05:22.877Z,2026-08-04T15:50:15.608Z,TCNMEM15943,2,cmkujgbtp027qxw2ef9gczzpo
cmjqa2tky02lsxw8y2dwlw91t,2025-12-28T22:05:22.877Z,2026-08-04T15:50:15.621Z,TCNMEM15944,2,cmkujgbtr027rxw2estlny8p8
cmjqa2tky02ltxw8yqtpbcoqa,2025-12-28T22:05:22.877Z,2026-08-04T15:50:15.633Z,TCNMEM15945,2,cmkujgbtt027sxw2eyrg4vrjr
cmjqa2tky02luxw8y8gnpk447,2025-12-28T22:05:22.877Z,2026-08-04T15:50:15.645Z,TCNMEM15946,2,cmkujgbtu027txw2eywucyihm
cmjqa2tky02lxxw8y0xvvzuap,2025-12-28T22:05:22.877Z,2026-08-04T15:50:15.657Z,TCNMEM15949,2,cmkujgbtz027wxw2eflgz3umq
cmjqa2tky02lyxw8ytd0m8l4p,2025-12-28T22:05:22.877Z,2026-08-04T15:50:15.668Z,TCNMEM15950,2,cmkujgbu1027xxw2e6s33aszc
cmjqa2tky02lzxw8y57hxc0vd,2025-12-28T22:05:22.877Z,2026-08-04T15:50:15.680Z,TCNMEM15951,2,cmkujgbu2027yxw2ezitrjuhr
cmjqa2tky02m0xw8yjaabtwgb,2025-12-28T22:05:22.877Z,2026-08-04T15:50:15.689Z,TCNMEM15952,2,cmkujgbu4027zxw2e29ao0frh
cmjqa2tky02m1xw8ypzozy73q,2025-12-28T22:05:22.877Z,2026-08-04T15:50:15.699Z,TCNMEM15953,2,cmkujgbu60280xw2ez0aenrqn
cmjqa2tky02m2xw8yl00bzcst,2025-12-28T22:05:22.877Z,2026-08-04T15:50:15.712Z,TCNMEM15954,2,cmkujgbu70281xw2ew1qvidy1
cmjqa2tky02m3xw8yvvs0ydym,2025-12-28T22:05:22.877Z,2026-08-04T15:50:15.726Z,TCNMEM15955,2,cmkujgbu90282xw2eyfuq7foe
cmjqa2tky02m4xw8y3j3ep8a8,2025-12-28T22:05:22.877Z,2026-08-04T15:50:23.044Z,TCNMEM15956,2,cmkujgbub0283xw2e6z8ddtqj
cmjqa2tky02m5xw8y3ns4tng4,2025-12-28T22:05:22.877Z,2026-08-04T15:50:23.057Z,TCNMEM15957,2,cmkujgbuc0284xw2e192qapk0
cmjqa2tky02m6xw8yo238x972,2025-12-28T22:05:22.877Z,2026-08-04T15:50:23.067Z,TCNMEM15958,2,cmkujgbue0285xw2e6aoaky0b
cmjqa2tky02m7xw8yf99ji9v5,2025-12-28T22:05:22.877Z,2026-08-04T15:50:23.077Z,TCNMEM15959,2,cmkujgbuf0286xw2eo7r5rj5e
cmjqa2tky02m8xw8yj09mf6bv,2025-12-28T22:05:22.877Z,2026-08-04T15:50:23.087Z,TCNMEM15960,2,cmkujgbuh0287xw2eq3osbx1o
cmjqa2tky02m9xw8yq6p9l6ic,2025-12-28T22:05:22.877Z,2026-08-04T15:50:23.109Z,TCNMEM15961,2,cmkujgbuj0288xw2e2fn1uf32
cmjqa2tky02maxw8yq1umgxk5,2025-12-28T22:05:22.877Z,2026-08-04T15:50:23.120Z,TCNMEM15962,2,cmkujgbuk0289xw2e2x5gpw6y
cmjqa2tky02mbxw8yjdt0rq9h,2025-12-28T22:05:22.877Z,2026-08-04T15:50:23.131Z,TCNMEM15963,2,cmkujgbum028axw2e9l7jaqmw
cmjqa2tky02mcxw8ylxzkm5kf,2025-12-28T22:05:22.877Z,2026-08-04T15:50:23.142Z,TCNMEM15964,2,cmkujgbuo028bxw2ejxe6jqe7
cmjqa2tky02mdxw8ysmt9ibji,2025-12-28T22:05:22.877Z,2026-08-04T15:50:23.152Z,TCNMEM15965,2,cmkujgbup028cxw2exfn0ynqg
cmjqa2tky02mexw8ybi28xvbe,2025-12-28T22:05:22.877Z,2026-08-04T15:50:23.165Z,TCNMEM15966,2,cmkujgbur028dxw2e3g7phs9e
cmjqa2tky02mfxw8ye0a3w5g8,2025-12-28T22:05:22.877Z,2026-08-04T15:50:23.177Z,TCNMEM15967,2,cmkujgbut028exw2e3vazxmht
cmjqa2tky02mhxw8yio976gf2,2025-12-28T22:05:22.877Z,2026-08-04T15:50:23.187Z,TCNMEM15969,2,cmkujgbuw028gxw2eq9tm3ke3
cmjqa2tky02mixw8ysh7rapqd,2025-12-28T22:05:22.877Z,2026-08-04T15:50:23.197Z,TCNMEM15970,2,cmkujgbux028hxw2exkce183h
cmjqa2tky02mjxw8y9xlyks3w,2025-12-28T22:05:22.877Z,2026-08-04T15:50:23.207Z,TCNMEM15971,2,cmkujgbuz028ixw2evvmo8lmt
cmjqa2tky02mkxw8ytqnukzv1,2025-12-28T22:05:22.877Z,2026-08-04T15:50:23.216Z,TCNMEM15972,2,cmkujgbv1028jxw2eqv9c84x1
cmjqa2tky02mlxw8yw7ba94ta,2025-12-28T22:05:22.877Z,2026-08-04T15:50:23.226Z,TCNMEM15973,2,cmkujgbv2028kxw2e54qq6219
cmjqa2tky02mmxw8ypya5go5h,2025-12-28T22:05:22.877Z,2026-08-04T15:50:23.236Z,TCNMEM15974,2,cmkujgbv4028lxw2eyzc4arar
cmjqa2tky02mnxw8ym2ho69zm,2025-12-28T22:05:22.877Z,2026-08-04T15:50:23.244Z,TCNMEM15975,2,cmkujgbv6028mxw2eag4u8hzq
cmjqa2tky02moxw8yia3uwdhd,2025-12-28T22:05:22.877Z,2026-08-04T15:50:23.253Z,TCNMEM15976,2,cmkujgbv7028nxw2erowm7z3n
cmjqa2tky02mpxw8y9xp80m1e,2025-12-28T22:05:22.877Z,2026-08-04T15:50:23.261Z,TCNMEM15977,2,cmkujgbv9028oxw2er2c5qfqy
cmjqa2tky02mrxw8ydv3980jo,2025-12-28T22:05:22.877Z,2026-08-04T15:50:23.271Z,TCNMEM15979,2,cmkujgbvc028qxw2eklg98xw1
cmjqa2tky02msxw8yblns6e9q,2025-12-28T22:05:22.877Z,2026-08-04T15:50:23.280Z,TCNMEM15980,2,cmkujgbve028rxw2e44ttqlfi
cmjqa2tky02mtxw8yidoyb9vi,2025-12-28T22:05:22.877Z,2026-08-04T15:50:23.289Z,TCNMEM15981,2,cmkujgbvf028sxw2eakg6hgau
cmjqa2tky02muxw8yclkbrd4j,2025-12-28T22:05:22.877Z,2026-08-04T15:50:23.299Z,TCNMEM15982,2,cmkujgbvh028txw2ewonp3uhu
cmjqa2tky02mvxw8y5418zx6d,2025-12-28T22:05:22.877Z,2026-08-04T15:50:23.309Z,TCNMEM15983,2,cmkujgbvj028uxw2ewcsezswt
cmjqa2tky02mwxw8y5u29qsgp,2025-12-28T22:05:22.877Z,2026-08-04T15:50:23.318Z,TCNMEM15984,2,cmkujgbvk028vxw2eisxwftkp
cmjqa2tkz02mxxw8yio6g0882,2025-12-28T22:05:22.877Z,2026-08-04T15:50:23.326Z,TCNMEM15985,2,cmkujgbvm028wxw2ee74w56px
cmjqa2tkz02mzxw8yprugx2tu,2025-12-28T22:05:22.877Z,2026-08-04T15:50:23.335Z,TCNMEM15987,2,cmkujgbvp028yxw2eox2rux54
cmjqa2tkz02n0xw8yvdofxjbr,2025-12-28T22:05:22.877Z,2026-08-04T15:50:23.343Z,TCNMEM15988,2,cmkujgbvr028zxw2ecqejqkww
cmjqa2tkz02n2xw8yaeoc1rix,2025-12-28T22:05:22.877Z,2026-08-04T15:50:23.353Z,TCNMEM15990,2,cmkujgbvu0291xw2enzglckmx
cmjqa2tkz02n3xw8y2v1qzj4p,2025-12-28T22:05:22.877Z,2026-08-04T15:50:23.363Z,TCNMEM15991,2,cmkujgbvw0292xw2ew39o6aza
cmjqa2tkz02n4xw8y9zii7boq,2025-12-28T22:05:22.877Z,2026-08-04T15:50:23.372Z,TCNMEM15992,2,cmkujgbvx0293xw2evwl111jy
cmjqa2tkz02n5xw8yewutargd,2025-12-28T22:05:22.877Z,2026-08-04T15:50:23.381Z,TCNMEM15993,2,cmkujgbvz0294xw2elt7iohqg
cmjqa2tkz02n6xw8ylc5eyhzn,2025-12-28T22:05:22.877Z,2026-08-04T15:50:23.389Z,TCNMEM15994,2,cmkujgbw10295xw2e07cdtn2x
cmjqa2tkz02n7xw8y7q3afxai,2025-12-28T22:05:22.877Z,2026-08-04T15:50:23.400Z,TCNMEM15995,2,cmkujgbw20296xw2ehe6jsjhy
cmjqa2tkz02n8xw8y2wvau592,2025-12-28T22:05:22.877Z,2026-08-04T15:50:23.411Z,TCNMEM15996,2,cmkujgbw40297xw2e5saqk8h3
cmjqa2tkz02n9xw8yk61eol71,2025-12-28T22:05:22.877Z,2026-08-04T15:50:23.419Z,TCNMEM15997,2,cmkujgbw60298xw2eorqmc2g8
cmjqa2tkz02naxw8y19h914qg,2025-12-28T22:05:22.877Z,2026-08-04T15:50:23.427Z,TCNMEM15998,2,cmkujgbw70299xw2epyskoxk2
cmjqa2tkz02nbxw8y16b2o7pw,2025-12-28T22:05:22.877Z,2026-08-04T15:50:23.439Z,TCNMEM15999,2,cmkujgbw9029axw2e9rp72jyb
cmjqa2tkz02ncxw8ygbqrtrix,2025-12-28T22:05:22.877Z,2026-08-04T15:50:23.449Z,TCNMEM16000,2,cmkujgbwb029bxw2eldc3t01x
cmjqa2tkz02ndxw8y65jc6ecl,2025-12-28T22:05:22.877Z,2026-08-04T15:50:23.457Z,TCNMEM16001,2,cmkujgbwc029cxw2e2edmgjtk
cmjqa2tkz02nexw8y50xcm0zc,2025-12-28T22:05:22.877Z,2026-08-04T15:50:23.467Z,TCNMEM16002,2,cmkujgbwe029dxw2eqotat8o7
cmjqa2tkz02nfxw8ymdd9a0ew,2025-12-28T22:05:22.877Z,2026-08-04T15:50:23.478Z,TCNMEM16003,2,cmkujgbwg029exw2evlfqyvml
cmjqa2tkz02ngxw8ybvl4bmim,2025-12-28T22:05:22.877Z,2026-08-04T15:50:23.486Z,TCNMEM16004,2,cmkujgbwh029fxw2eqim8kb21
cmjqa2tkz02nhxw8yfelxogif,2025-12-28T22:05:22.877Z,2026-08-04T15:50:23.496Z,TCNMEM16005,2,cmkujgbwj029gxw2ervppqoii
cmjqa2tkz02nixw8ypde5xs2e,2025-12-28T22:05:22.877Z,2026-08-04T15:50:23.505Z,TCNMEM16006,2,cmkujgbwk029hxw2eo3wtvr2o
cmjqa2tkz02nkxw8y56ufcyl8,2025-12-28T22:05:22.877Z,2026-08-04T15:50:23.512Z,TCNMEM16008,2,cmkujgbwo029jxw2ekmuf0hsf
cmjqa2tkz02nlxw8yc2kpqml4,2025-12-28T22:05:22.877Z,2026-08-04T15:50:23.522Z,TCNMEM16009,2,cmkujgbwp029kxw2euivdhbkd
cmjqa2tkz02nmxw8yh8kyvlzl,2025-12-28T22:05:22.877Z,2026-08-04T15:50:23.530Z,TCNMEM16010,2,cmkujgbwr029lxw2ezgtwo77u
cmjqa2tkz02nnxw8ysqzdar3o,2025-12-28T22:05:22.877Z,2026-08-04T15:50:23.538Z,TCNMEM16011,2,cmkujgbwt029mxw2euggisoou
cmjqa2tkz02noxw8yydvj2c6a,2025-12-28T22:05:22.877Z,2026-08-04T15:50:23.547Z,TCNMEM16012,2,cmkujgbwu029nxw2eopf11z3i
cmjqa2tkz02npxw8y8kd992yf,2025-12-28T22:05:22.877Z,2026-08-04T15:50:23.556Z,TCNMEM16013,2,cmkujgbww029oxw2ey5a6d9vc
cmjqa2tkz02nsxw8y16pcmabn,2025-12-28T22:05:22.877Z,2026-08-04T15:50:23.568Z,TCNMEM16016,2,cmkujgbx1029rxw2eio6n2a88
cmjqa2tkz02ntxw8yk7yup3mv,2025-12-28T22:05:22.877Z,2026-08-04T15:50:23.578Z,TCNMEM16017,2,cmkujgbx3029sxw2edxoeb57v
cmjqa2tkz02nuxw8ydqba73wc,2025-12-28T22:05:22.877Z,2026-08-04T15:50:23.591Z,TCNMEM16018,2,cmkujgbx4029txw2eafboqknq
cmjqa2tkz02nvxw8yswah8s3s,2025-12-28T22:05:22.877Z,2026-08-04T15:50:23.601Z,TCNMEM16019,2,cmkujgbx6029uxw2ehlkudt6u
cmjqa2tkz02nyxw8yj2be8ybj,2025-12-28T22:05:22.877Z,2026-08-04T15:50:23.610Z,TCNMEM16022,2,cmkujgbxb029xxw2eunadlshb
cmjqa2tkz02nzxw8yr9oqdoih,2025-12-28T22:05:22.877Z,2026-08-04T15:50:23.621Z,TCNMEM16023,2,cmkujgbxc029yxw2epyj0kjcg
cmjqa2tkz02o0xw8yuki0mzva,2025-12-28T22:05:22.877Z,2026-08-04T15:50:23.632Z,TCNMEM16024,2,cmkujgbxe029zxw2erik33sts
cmjqa2tkz02o1xw8ye0kkskf1,2025-12-28T22:05:22.877Z,2026-08-04T15:50:23.642Z,TCNMEM16025,2,cmkujgbxg02a0xw2e9n4wj3sb
cmjqa2tkz02o2xw8yvg5mi9vd,2025-12-28T22:05:22.877Z,2026-08-04T15:50:23.652Z,TCNMEM16026,2,cmkujgbxh02a1xw2e0d6oyakc
cmjqa2tkz02o3xw8yn0chnhr1,2025-12-28T22:05:22.877Z,2026-08-04T15:50:23.662Z,TCNMEM16027,2,cmkujgbxj02a2xw2er6gfz46t
cmjqa2tkz02o4xw8yptb6tnu7,2025-12-28T22:05:22.877Z,2026-08-04T15:50:23.672Z,TCNMEM16028,2,cmkujgbxl02a3xw2ez4cge3x2
cmjqa2tkz02o6xw8ynfk8tdgr,2025-12-28T22:05:22.877Z,2026-08-04T15:50:23.681Z,TCNMEM16030,2,cmkujgbxo02a5xw2ext8xacee
cmjqa2tkz02o7xw8y1rlb407q,2025-12-28T22:05:22.877Z,2026-08-04T15:50:23.690Z,TCNMEM16031,2,cmkujgbxp02a6xw2e5lsp18y9
cmjqa2tkz02o8xw8ycrsunrot,2025-12-28T22:05:22.877Z,2026-08-04T15:50:23.700Z,TCNMEM16032,2,cmkujgbxr02a7xw2e0485jgzo
cmjqa2tkz02o9xw8ybz4hmqn3,2025-12-28T22:05:22.877Z,2026-08-04T15:50:23.710Z,TCNMEM16033,2,cmkujgbxt02a8xw2edcjj9gpx
cmjqa2tkz02oaxw8y2dlcq3zq,2025-12-28T22:05:22.877Z,2026-08-04T15:50:23.719Z,TCNMEM16034,2,cmkujgbxu02a9xw2evv9s27tl
cmjqa2tkz02obxw8y5zqee3w0,2025-12-28T22:05:22.877Z,2026-08-04T15:50:23.729Z,TCNMEM16035,2,cmkujgbxw02aaxw2ej6wfjqn1
cmjqa2tkz02ocxw8yz6snmozp,2025-12-28T22:05:22.877Z,2026-08-04T15:50:23.740Z,TCNMEM16036,2,cmkujgbxy02abxw2e71ta0hzv
cmjqa2tkz02odxw8yax4aic27,2025-12-28T22:05:22.877Z,2026-08-04T15:50:23.751Z,TCNMEM16037,2,cmkujgbxz02acxw2emnianxmw
cmjqa2tkz02oexw8y5a9cad0e,2025-12-28T22:05:22.877Z,2026-08-04T15:50:23.761Z,TCNMEM16038,2,cmkujgby102adxw2e2lcija0g
cmjqa2tkz02ofxw8yocamj0hy,2025-12-28T22:05:22.877Z,2026-08-04T15:50:23.780Z,TCNMEM16039,2,cmkujgby202aexw2ewzo2upie
cmjqa2tkz02ojxw8yc712jur7,2025-12-28T22:05:22.877Z,2026-08-04T15:50:23.792Z,TCNMEM16043,2,cmkujgby902aixw2ephb5wcv4
cmjqa2tkz02okxw8y7xb7fw5q,2025-12-28T22:05:22.877Z,2026-08-04T15:50:23.803Z,TCNMEM16044,2,cmkujgbyb02ajxw2e56dfe6r7
cmjqa2tkz02olxw8y58q6lxde,2025-12-28T22:05:22.877Z,2026-08-04T15:50:23.814Z,TCNMEM16045,2,cmkujgbyc02akxw2eo1et3u67
cmjqa2tkz02ooxw8yfuev631f,2025-12-28T22:05:22.877Z,2026-08-04T15:50:23.826Z,TCNMEM16048,2,cmkujgbyh02anxw2eivhj1yh7
cmjqa2tkz02oqxw8y1qh465bl,2025-12-28T22:05:22.877Z,2026-08-04T15:50:23.837Z,TCNMEM16050,2,cmkujgbyk02apxw2eqkk27vc3
cmjqa2tkz02orxw8ym3wdazvr,2025-12-28T22:05:22.877Z,2026-08-04T15:50:23.846Z,TCNMEM16051,2,cmkujgbym02aqxw2ewc6rc5ix
cmjqa2tkz02owxw8yeuqg9z3w,2025-12-28T22:05:22.877Z,2026-08-04T15:50:23.854Z,TCNMEM16056,2,cmkujgbz202avxw2eyusffo5p
cmjqa2tkz02oxxw8ynpxi5217,2025-12-28T22:05:22.877Z,2026-08-04T15:50:23.866Z,TCNMEM16057,2,cmkujgbz602awxw2eetj8m3dl
cmjqa2tkz02oyxw8ysnuh3nrj,2025-12-28T22:05:22.877Z,2026-08-04T15:50:23.879Z,TCNMEM16058,2,cmkujgbz902axxw2eoen5hb7t
cmjqa2tkz02ozxw8y2zbrklc2,2025-12-28T22:05:22.877Z,2026-08-04T15:50:23.890Z,TCNMEM16059,2,cmkujgbzc02ayxw2ex6s4k4b8
cmjqa2tkz02p1xw8yw8ncg8g1,2025-12-28T22:05:22.877Z,2026-08-04T15:50:23.901Z,TCNMEM16061,2,cmkujgbzj02b0xw2eizeb98we
cmjqa2tkz02p2xw8y673fhtzt,2025-12-28T22:05:22.877Z,2026-08-04T15:50:23.912Z,TCNMEM16062,2,cmkujgbzn02b1xw2el46mhncs
cmjqa2tkz02p3xw8ym7p21pym,2025-12-28T22:05:22.877Z,2026-08-04T15:50:23.922Z,TCNMEM16063,2,cmkujgbzq02b2xw2exkvli0ai
cmjqa2tkz02p5xw8yoeo3w89l,2025-12-28T22:05:22.877Z,2026-08-04T15:50:23.933Z,TCNMEM16065,2,cmkujgbzx02b4xw2eo3f0qwtc
cmjqa2tkz02p6xw8y8m4wyqt8,2025-12-28T22:05:22.877Z,2026-08-04T15:50:23.943Z,TCNMEM16066,2,cmkujgc0002b5xw2eqjh2qyn9
cmjqa2tkz02p7xw8y33340hl6,2025-12-28T22:05:22.877Z,2026-08-04T15:50:23.955Z,TCNMEM16067,2,cmkujgc0302b6xw2ec4tyqid8
cmjqa2tkz02p8xw8yr0laks7a,2025-12-28T22:05:22.877Z,2026-08-04T15:50:23.965Z,TCNMEM16068,2,cmkujgc0702b7xw2eh8tpibxk
cmjqa2tkz02pdxw8yo9yl5z9g,2025-12-28T22:05:22.877Z,2026-08-04T15:50:23.975Z,TCNMEM16073,2,cmkujgc0o02bcxw2exsxk2c35
cmjqa2tlo02pfxw8ywyftg1t7,2025-12-28T22:05:22.907Z,2026-08-04T15:50:23.986Z,TCNMEM16075,2,cmkujgc0u02bexw2edkav62p3
cmjqa2tlo02pgxw8ylf8wohny,2025-12-28T22:05:22.907Z,2026-08-04T15:50:23.995Z,TCNMEM16076,2,cmkujgc0y02bfxw2ep7gfhjaz
cmjqa2tlo02pixw8ym6th02tg,2025-12-28T22:05:22.907Z,2026-08-04T15:50:24.004Z,TCNMEM16078,2,cmkujgc1402bhxw2egdqq0a08
cmjqa2tlo02pjxw8y4plf1stx,2025-12-28T22:05:22.907Z,2026-08-04T15:50:24.018Z,TCNMEM16079,2,cmkujgc1802bixw2exijwt2wn
cmjqa2tlo02pkxw8y27ylg3q3,2025-12-28T22:05:22.907Z,2026-08-04T15:50:24.030Z,TCNMEM16080,2,cmkujgc1b02bjxw2evre2qzg5
cmjqa2tlo02plxw8y5htc5je0,2025-12-28T22:05:22.907Z,2026-08-04T15:50:24.041Z,TCNMEM16081,2,cmkujgc1f02bkxw2ey31vnw16
cmjqa2tlo02poxw8yrukop3se,2025-12-28T22:05:22.907Z,2026-08-04T15:50:24.053Z,TCNMEM16084,2,cmkujgc1p02bnxw2exa9n7kr8
cmjqa2tlo02ppxw8y783wipvv,2025-12-28T22:05:22.907Z,2026-08-04T15:50:24.072Z,TCNMEM16085,2,cmkujgc1t02boxw2e3yq1wrk2
cmjqa2tlo02pqxw8ybfnqlimx,2025-12-28T22:05:22.907Z,2026-08-04T15:50:31.446Z,TCNMEM16086,2,cmkujgc1w02bpxw2e4k1eetgx
cmjqa2tlo02prxw8y63629rx7,2025-12-28T22:05:22.907Z,2026-08-04T15:50:31.456Z,TCNMEM16087,2,cmkujgc1z02bqxw2eibkdgptb
cmjqa2tlo02psxw8yhktw2dsd,2025-12-28T22:05:22.907Z,2026-08-04T15:50:31.465Z,TCNMEM16088,2,cmkujgc2302brxw2efbiszomd
cmjqa2tlo02ptxw8ybxd4vaob,2025-12-28T22:05:22.907Z,2026-08-04T15:50:31.475Z,TCNMEM16089,2,cmkujgc2602bsxw2eapn19qog
cmjqa2tlo02puxw8yek6bg6uv,2025-12-28T22:05:22.907Z,2026-08-04T15:50:31.487Z,TCNMEM16090,2,cmkujgc2902btxw2ew11lecyr
cmjqa2tlo02pvxw8ycl5j39lz,2025-12-28T22:05:22.907Z,2026-08-04T15:50:31.498Z,TCNMEM16091,2,cmkujgc2d02buxw2e2fy1sz0y
cmjqa2tlo02pxxw8y3pwbz6wj,2025-12-28T22:05:22.907Z,2026-08-04T15:50:31.508Z,TCNMEM16093,2,cmkujgc2j02bwxw2e55ke5897
cmjqa2tlo02pzxw8yba9wl2ca,2025-12-28T22:05:22.907Z,2026-08-04T15:50:31.516Z,TCNMEM16095,2,cmkujgc2q02byxw2evaaulnrx
cmjqa2tlo02q1xw8yvvay3vrq,2025-12-28T22:05:22.907Z,2026-08-04T15:50:31.525Z,TCNMEM16097,2,cmkujgc2y02c0xw2eg5ze7fcl
cmjqa2tlo02q2xw8ytgk16h8h,2025-12-28T22:05:22.907Z,2026-08-04T15:50:31.534Z,TCNMEM16098,2,cmkujgc3202c1xw2e1j0sikjb
cmjqa2tlo02q3xw8yxfp5lq1a,2025-12-28T22:05:22.907Z,2026-08-04T15:50:31.545Z,TCNMEM16099,2,cmkujgc3502c2xw2eg362y9gv
cmjqa2tlo02q8xw8yjckhy440,2025-12-28T22:05:22.907Z,2026-08-04T15:50:31.556Z,TCNMEM16104,2,cmkujgc3m02c7xw2evolkhems
cmjqa2tlo02qbxw8yta2hwrum,2025-12-28T22:05:22.907Z,2026-08-04T15:50:31.565Z,TCNMEM16107,2,cmkujgc3w02caxw2el4sc54dk
cmjqa2tlo02qcxw8y3wv15ugy,2025-12-28T22:05:22.907Z,2026-08-04T15:50:31.576Z,TCNMEM16108,2,cmkujgc4002cbxw2eajpeyedc
cmjqa2tlo02qexw8y176ii9qw,2025-12-28T22:05:22.907Z,2026-08-04T15:50:31.588Z,TCNMEM16110,2,cmkujgc4702cdxw2eugkkwl0f
cmjqa2tlo02qhxw8ypntv0c4d,2025-12-28T22:05:22.907Z,2026-08-04T15:50:31.598Z,TCNMEM16113,2,cmkujgc4h02cgxw2epiq1mc55
cmjqa2tlo02qkxw8y77gyii6q,2025-12-28T22:05:22.907Z,2026-08-04T15:50:31.607Z,TCNMEM16116,2,cmkujgc4r02cjxw2e63u15b3z
cmjqa2tlo02qnxw8y8ubh3a7b,2025-12-28T22:05:22.907Z,2026-08-04T15:50:31.622Z,TCNMEM16119,2,cmkujgc5102cmxw2eypiah38p
cmjqa2tlo02qoxw8y8c75nmoi,2025-12-28T22:05:22.907Z,2026-08-04T15:50:31.634Z,TCNMEM16120,2,cmkujgc5402cnxw2eei9kx27g
cmjqa2tlo02qpxw8ymztet1gb,2025-12-28T22:05:22.907Z,2026-08-04T15:50:31.644Z,TCNMEM16121,2,cmkujgc5802coxw2eppb9iyl4
cmjqa2tlp02qsxw8yopwd34g8,2025-12-28T22:05:22.907Z,2026-08-04T15:50:31.655Z,TCNMEM16124,2,cmkujgc5i02crxw2etjkqioe5
cmjqa2tlp02qtxw8y0qsfzzsr,2025-12-28T22:05:22.907Z,2026-08-04T15:50:31.663Z,TCNMEM16125,2,cmkujgc5l02csxw2ez4hbbb4u
cmjqa2tlp02qvxw8ykskc0tda,2025-12-28T22:05:22.907Z,2026-08-04T15:50:31.677Z,TCNMEM16127,2,cmkujgc5s02cuxw2e5tsf6keo
cmjqa2tlp02qwxw8ylx06owmy,2025-12-28T22:05:22.907Z,2026-08-04T15:50:31.689Z,TCNMEM16128,2,cmkujgc5v02cvxw2ea5nvefde
cmjqa2tlp02qxxw8yj0fwcne9,2025-12-28T22:05:22.907Z,2026-08-04T15:50:31.699Z,TCNMEM16129,2,cmkujgc5z02cwxw2edi6kj6ix
cmjqa2tlp02qyxw8ysq2x0ep8,2025-12-28T22:05:22.907Z,2026-08-04T15:50:31.709Z,TCNMEM16130,2,cmkujgc6202cxxw2e8w6nag9w
cmjqa2tlp02qzxw8yeqgg41au,2025-12-28T22:05:22.907Z,2026-08-04T15:50:31.718Z,TCNMEM16131,2,cmkujgc6602cyxw2emnwh215g
cmjqa2tlp02r0xw8y5btk0o26,2025-12-28T22:05:22.907Z,2026-08-04T15:50:31.726Z,TCNMEM16132,2,cmkujgc6902czxw2ejdy9j501
cmjqa2tlp02r1xw8yi5w07lw0,2025-12-28T22:05:22.907Z,2026-08-04T15:50:31.738Z,TCNMEM16133,2,cmkujgc6c02d0xw2e0xyd31g5
cmjqa2tlp02r2xw8yo70nk15n,2025-12-28T22:05:22.907Z,2026-08-04T15:50:31.749Z,TCNMEM16134,2,cmkujgc6g02d1xw2eu4bthngp
cmjqa2tlp02r3xw8y9q2x72f1,2025-12-28T22:05:22.907Z,2026-08-04T15:50:31.761Z,TCNMEM16135,2,cmkujgc6j02d2xw2e9appwm7h
cmjqa2tlp02r4xw8yuitaes1i,2025-12-28T22:05:22.907Z,2026-08-04T15:50:31.771Z,TCNMEM16136,2,cmkujgc6n02d3xw2e8ojylrq5
cmjqa2tlp02r5xw8yuflfec5s,2025-12-28T22:05:22.907Z,2026-08-04T15:50:31.783Z,TCNMEM16137,2,cmkujgc6q02d4xw2en9ghuu4w
cmjqa2tlp02r6xw8y8qw7deqi,2025-12-28T22:05:22.907Z,2026-08-04T15:50:31.794Z,TCNMEM16138,2,cmkujgc6u02d5xw2ey9kuja7i
cmjqa2tlp02r7xw8yq12tko9k,2025-12-28T22:05:22.907Z,2026-08-04T15:50:31.809Z,TCNMEM16139,2,cmkujgc6x02d6xw2e2xo1yh1e
cmjqa2tlp02r8xw8ypf5b9ysp,2025-12-28T22:05:22.907Z,2026-08-04T15:50:31.819Z,TCNMEM16140,2,cmkujgc7102d7xw2eeuymav1k
cmjqa2tlp02r9xw8ybs15khyv,2025-12-28T22:05:22.907Z,2026-08-04T15:50:31.829Z,TCNMEM16141,2,cmkujgc7402d8xw2e8hfov4bj
cmjqa2tlp02raxw8y9pbfabgk,2025-12-28T22:05:22.907Z,2026-08-04T15:50:31.840Z,TCNMEM16142,2,cmkujgc7802d9xw2ebpxkhxet
cmjqa2tlp02rbxw8y1l7c0sp3,2025-12-28T22:05:22.907Z,2026-08-04T15:50:31.850Z,TCNMEM16143,2,cmkujgc7b02daxw2eb8xgq3k6
cmjqa2tlp02rcxw8yrzm4eq5i,2025-12-28T22:05:22.907Z,2026-08-04T15:50:31.862Z,TCNMEM16144,2,cmkujgc7f02dbxw2eqrn3b7lj
cmjqa2tlp02rdxw8yw03shptj,2025-12-28T22:05:22.907Z,2026-08-04T15:50:31.874Z,TCNMEM16145,2,cmkujgc7i02dcxw2e95a3nnk2
cmjqa2tlp02rexw8ygddall4l,2025-12-28T22:05:22.907Z,2026-08-04T15:50:31.884Z,TCNMEM16146,2,cmkujgc7l02ddxw2eqep9gszc
cmjqa2tlp02rfxw8yghbwueuo,2025-12-28T22:05:22.907Z,2026-08-04T15:50:31.893Z,TCNMEM16147,2,cmkujgc7n02dexw2er4lxuixr
cmjqa2tlp02rhxw8y68cs4y4d,2025-12-28T22:05:22.907Z,2026-08-04T15:50:31.902Z,TCNMEM16149,2,cmkujgc7s02dgxw2enyaz9nxt
cmjqa2tlp02rixw8yrzoiz0ce,2025-12-28T22:05:22.907Z,2026-08-04T15:50:31.911Z,TCNMEM16150,2,cmkujgc7v02dhxw2eoeywx8jo
cmjqa2tlp02rjxw8ybqfa0v6u,2025-12-28T22:05:22.907Z,2026-08-04T15:50:31.921Z,TCNMEM16151,2,cmkujgc7x02dixw2euxes0rhr
cmjqa2tlp02rkxw8ynb98nsdm,2025-12-28T22:05:22.907Z,2026-08-04T15:50:31.940Z,TCNMEM16152,2,cmkujgc8002djxw2ei8n1zr45
cmjqa2tlp02rqxw8yoav8hpkf,2025-12-28T22:05:22.907Z,2026-08-04T15:50:31.950Z,TCNMEM16158,2,cmkujgc8e02dpxw2e662qhdzs
cmjqa2tlp02rsxw8yyuq87gl1,2025-12-28T22:05:22.907Z,2026-08-04T15:50:31.959Z,TCNMEM16160,2,cmkujgc8i02drxw2e4snc7vdq
cmjqa2tlp02rtxw8y12wmsbtl,2025-12-28T22:05:22.907Z,2026-08-04T15:50:31.967Z,TCNMEM16161,2,cmkujgc8l02dsxw2eh5yjiduc
cmjqa2tlp02ruxw8ygmypo4zq,2025-12-28T22:05:22.907Z,2026-08-04T15:50:31.977Z,TCNMEM16162,2,cmkujgc8n02dtxw2ebts1r6e9
cmjqa2tlp02rvxw8y8hyofw81,2025-12-28T22:05:22.907Z,2026-08-04T15:50:31.987Z,TCNMEM16163,2,cmkujgc8q02duxw2eej1yhypr
cmjqa2tlp02rxxw8yfsq6oudl,2025-12-28T22:05:22.907Z,2026-08-04T15:50:31.998Z,TCNMEM16165,2,cmkujgc8u02dwxw2eevtu7gr3
cmjqa2tlp02ryxw8y5ehb267h,2025-12-28T22:05:22.907Z,2026-08-04T15:50:32.009Z,TCNMEM16166,2,cmkujgc8x02dxxw2e2mktij8f
cmjqa2tlp02rzxw8yj2r2j00e,2025-12-28T22:05:22.907Z,2026-08-04T15:50:32.018Z,TCNMEM16167,2,cmkujgc8z02dyxw2e2dmcz4r0
cmjqa2tlp02s0xw8ywb94dts7,2025-12-28T22:05:22.907Z,2026-08-04T15:50:32.027Z,TCNMEM16168,2,cmkujgc9202dzxw2eq4vjvt0v
cmjqa2tlp02s1xw8yuctb6tzy,2025-12-28T22:05:22.907Z,2026-08-04T15:50:32.036Z,TCNMEM16169,2,cmkujgc9402e0xw2eht0qmf7p
cmjqa2tlp02s2xw8ye630w3mk,2025-12-28T22:05:22.907Z,2026-08-04T15:50:32.046Z,TCNMEM16170,2,cmkujgc9602e1xw2end8cmoi7
cmjqa2tlp02s6xw8y68y5qevk,2025-12-28T22:05:22.907Z,2026-08-04T15:50:32.057Z,TCNMEM16174,2,cmkujgc9c02e5xw2e2rnkjz15
cmjqa2tlp02s9xw8ywud9gfv8,2025-12-28T22:05:22.907Z,2026-08-04T15:50:32.068Z,TCNMEM16177,2,cmkujgc9h02e8xw2ewtnt2c7r
cmjqa2tlp02saxw8yo53cwjzs,2025-12-28T22:05:22.907Z,2026-08-04T15:50:32.079Z,TCNMEM16178,2,cmkujgc9i02e9xw2ebkru8g35
cmjqa2tlp02sbxw8y23k10it0,2025-12-28T22:05:22.907Z,2026-08-04T15:50:32.091Z,TCNMEM16179,2,cmkujgc9k02eaxw2e26opx2sv
cmjqa2tlp02sdxw8ygwhbvi8z,2025-12-28T22:05:22.907Z,2026-08-04T15:50:32.100Z,TCNMEM16181,2,cmkujgc9m02ecxw2eqmrj4tr3
cmjqa2tlp02sfxw8y3g2h4jip,2025-12-28T22:05:22.907Z,2026-08-04T15:50:32.111Z,TCNMEM16183,2,cmkujgc9p02eexw2exlbzbzdt
cmjqa2tlp02sgxw8y7lb2gnb3,2025-12-28T22:05:22.907Z,2026-08-04T15:50:32.122Z,TCNMEM16184,2,cmkujgc9r02efxw2e5s11mnlc
cmjqa2tlp02shxw8yk1ohs7xq,2025-12-28T22:05:22.907Z,2026-08-04T15:50:32.135Z,TCNMEM16185,2,cmkujgc9s02egxw2estkjm7ac
cmjqa2tlp02sixw8yt8ixyw92,2025-12-28T22:05:22.907Z,2026-08-04T15:50:32.144Z,TCNMEM16186,2,cmkujgc9v02ehxw2etu48wnr1
cmjqa2tlp02sjxw8yq00mu2ey,2025-12-28T22:05:22.907Z,2026-08-04T15:50:32.155Z,TCNMEM16187,2,cmkujgc9w02eixw2e2a4o7h1v
cmjqa2tlp02skxw8yh4u18jln,2025-12-28T22:05:22.907Z,2026-08-04T15:50:32.165Z,TCNMEM16188,2,cmkujgc9y02ejxw2edlra6u97
cmjqa2tlp02slxw8yyks2uovn,2025-12-28T22:05:22.907Z,2026-08-04T15:50:32.174Z,TCNMEM16189,2,cmkujgc9z02ekxw2ennajn4n2
cmjqa2tlp02snxw8y52txw1q3,2025-12-28T22:05:22.907Z,2026-08-04T15:50:32.208Z,TCNMEM16191,2,cmkujgca102emxw2ey07jsbur
cmjqa2tlp02stxw8ye1pj9jkz,2025-12-28T22:05:22.907Z,2026-08-04T15:50:32.241Z,TCNMEM16197,2,cmkujgcaa02esxw2e1w0lm9op
cmjqa2tlp02svxw8yhsc137pz,2025-12-28T22:05:22.907Z,2026-08-04T15:50:32.261Z,TCNMEM16199,2,cmkujgcac02euxw2eu5fojc0n
cmjqa2tlp02swxw8y2tk4krsc,2025-12-28T22:05:22.907Z,2026-08-04T15:50:32.270Z,TCNMEM16200,2,cmkujgcae02evxw2evtta65qj
cmjqa2tlp02sxxw8y2nz0jbmx,2025-12-28T22:05:22.907Z,2026-08-04T15:50:32.287Z,TCNMEM16201,2,cmkujgcaf02ewxw2eelaiuocy
cmjqa2tlp02syxw8yw64ctkfc,2025-12-28T22:05:22.907Z,2026-08-04T15:50:32.312Z,TCNMEM16202,2,cmkujgcag02exxw2ecilf2d3v
cmjqa2tlp02szxw8yz8fuhal8,2025-12-28T22:05:22.907Z,2026-08-04T15:50:32.322Z,TCNMEM16203,2,cmkujgcai02eyxw2ezznrgyx5
cmjqa2tlp02t0xw8ytzudruzs,2025-12-28T22:05:22.907Z,2026-08-04T15:50:32.330Z,TCNMEM16204,2,cmkujgcaj02ezxw2ec43ab5cw
cmjqa2tlp02t1xw8yjfn5n3o2,2025-12-28T22:05:22.907Z,2026-08-04T15:50:32.338Z,TCNMEM16205,2,cmkujgcak02f0xw2ewrwpcawd
cmjqa2tlp02t2xw8y0ys5nk5d,2025-12-28T22:05:22.907Z,2026-08-04T15:50:32.347Z,TCNMEM16206,2,cmkujgcam02f1xw2expmaz34f
cmjqa2tlp02t3xw8yl0ag0830,2025-12-28T22:05:22.907Z,2026-08-04T15:50:32.356Z,TCNMEM16207,2,cmkujgcan02f2xw2ehg8j2nds
cmjqa2tlp02t5xw8ysj12z80f,2025-12-28T22:05:22.907Z,2026-08-04T15:50:32.365Z,TCNMEM16209,2,cmkujgcaq02f4xw2e1c4j490q
cmjqa2tlq02t8xw8yct430m3s,2025-12-28T22:05:22.907Z,2026-08-04T15:50:32.376Z,TCNMEM16212,2,cmkujgcau02f7xw2esqacri9k
cmjqa2tlq02t9xw8yo8mcvxlh,2025-12-28T22:05:22.907Z,2026-08-04T15:50:32.387Z,TCNMEM16213,2,cmkujgcaw02f8xw2exkvr8c4c
cmjqa2tlq02taxw8yhvswghd8,2025-12-28T22:05:22.907Z,2026-08-04T15:50:32.398Z,TCNMEM16214,2,cmkujgcax02f9xw2ep599lbgg
cmjqa2tlq02tbxw8yta0ofy1u,2025-12-28T22:05:22.907Z,2026-08-04T15:50:32.408Z,TCNMEM16215,2,cmkujgcay02faxw2e3kl7siol
cmjqa2tlq02tcxw8y0anu8vw4,2025-12-28T22:05:22.907Z,2026-08-04T15:50:32.417Z,TCNMEM16216,2,cmkujgcb002fbxw2e4qtu8jm5
cmjqa2tlq02texw8ybj819252,2025-12-28T22:05:22.907Z,2026-08-04T15:50:32.427Z,TCNMEM16218,2,cmkujgcb202fdxw2ez94sp1th
cmjqa2tlq02tgxw8y7s7yk3d4,2025-12-28T22:05:22.907Z,2026-08-04T15:50:32.438Z,TCNMEM16220,2,cmkujgcb502ffxw2etlk3w5ya
cmjqa2tlq02thxw8ya9gyqpu3,2025-12-28T22:05:22.907Z,2026-08-04T15:50:32.449Z,TCNMEM16221,2,cmkujgcb702fgxw2evn2dryv4
cmjqa2tlq02tixw8ynycrcfox,2025-12-28T22:05:22.907Z,2026-08-04T15:50:32.460Z,TCNMEM16222,2,cmkujgcb802fhxw2evt7m14v7
cmjqa2tlq02tlxw8yxa75rvyy,2025-12-28T22:05:22.907Z,2026-08-04T15:50:32.468Z,TCNMEM16225,2,cmkujgcbc02fkxw2ergd5ntja
cmjqa2tlq02tmxw8y5p9uydwx,2025-12-28T22:05:22.907Z,2026-08-04T15:50:32.477Z,TCNMEM16226,2,cmkujgcbe02flxw2einqymxl7
cmjqa2tlq02tpxw8ykhtpd2sq,2025-12-28T22:05:22.907Z,2026-08-04T15:50:32.486Z,TCNMEM16229,2,cmkujgcbi02foxw2eqyzvlo1h
cmjqa2tlq02tqxw8y7mlnesjl,2025-12-28T22:05:22.907Z,2026-08-04T15:50:32.496Z,TCNMEM16230,2,cmkujgcbj02fpxw2ejydod4qr
cmjqa2tlq02trxw8ymi027yne,2025-12-28T22:05:22.907Z,2026-08-04T15:50:32.508Z,TCNMEM16231,2,cmkujgcbl02fqxw2ek08f5l0x
cmjqa2tlq02ttxw8yrrhd10qo,2025-12-28T22:05:22.907Z,2026-08-04T15:50:32.517Z,TCNMEM16233,2,cmkujgcbo02fsxw2e74no5j95
cmjqa2tlq02tuxw8y3caphdef,2025-12-28T22:05:22.907Z,2026-08-04T15:50:32.525Z,TCNMEM16234,2,cmkujgcbp02ftxw2e68ajdja3
cmjqa2tlq02twxw8y41gzulrn,2025-12-28T22:05:22.907Z,2026-08-04T15:50:32.534Z,TCNMEM16236,2,cmkujgcbs02fvxw2ec8o1wo87
cmjqa2tlq02txxw8ytll2ua13,2025-12-28T22:05:22.907Z,2026-08-04T15:50:32.543Z,TCNMEM16237,2,cmkujgcbu02fwxw2ehzj7qj5x
cmjqa2tlq02tyxw8ym9fg5azt,2025-12-28T22:05:22.907Z,2026-08-04T15:50:39.747Z,TCNMEM16238,2,cmkujgcbv02fxxw2efz5u9eqh
cmjqa2tlq02tzxw8yjo2gft1o,2025-12-28T22:05:22.907Z,2026-08-04T15:50:39.758Z,TCNMEM16239,2,cmkujgcbw02fyxw2eu389jbq9
cmjqa2tlq02u0xw8yxz3yj1xx,2025-12-28T22:05:22.907Z,2026-08-04T15:50:39.767Z,TCNMEM16240,2,cmkujgcby02fzxw2eyjyvdg9b
cmjqa2tlq02u1xw8yr6v7kl3x,2025-12-28T22:05:22.907Z,2026-08-04T15:50:39.774Z,TCNMEM16241,2,cmkujgcbz02g0xw2eqrn0qmx1
cmjqa2tlq02u2xw8y18icg33n,2025-12-28T22:05:22.907Z,2026-08-04T15:50:39.782Z,TCNMEM16242,2,cmkujgcc002g1xw2e5475w965
cmjqa2tlq02u4xw8y67xz6gim,2025-12-28T22:05:22.907Z,2026-08-04T15:50:39.789Z,TCNMEM16244,2,cmkujgcc302g3xw2ezkb9nwmk
cmjqa2tlq02u5xw8ythlcr0yi,2025-12-28T22:05:22.907Z,2026-08-04T15:50:39.796Z,TCNMEM16245,2,cmkujgcc402g4xw2emg5es6f4
cmjqa2tlq02u6xw8ya5l6gomz,2025-12-28T22:05:22.907Z,2026-08-04T15:50:39.803Z,TCNMEM16246,2,cmkujgcc602g5xw2eseahjdqc
cmjqa2tlq02u7xw8ymyq4k17m,2025-12-28T22:05:22.907Z,2026-08-04T15:50:39.810Z,TCNMEM16247,2,cmkujgcc702g6xw2e63p06897
cmjqa2tlq02u8xw8y2084r5ux,2025-12-28T22:05:22.907Z,2026-08-04T15:50:39.820Z,TCNMEM16248,2,cmkujgcc802g7xw2eon9fknn9
cmjqa2tlq02u9xw8y7w3veg81,2025-12-28T22:05:22.907Z,2026-08-04T15:50:39.827Z,TCNMEM16249,2,cmkujgcca02g8xw2e8dkgim60
cmjqa2tlq02ubxw8y7eic0tld,2025-12-28T22:05:22.907Z,2026-08-04T15:50:39.834Z,TCNMEM16251,2,cmkujgccd02gaxw2euzub9qbd
cmjqa2tlq02ucxw8yrhztadbp,2025-12-28T22:05:22.907Z,2026-08-04T15:50:39.841Z,TCNMEM16252,2,cmkujgcce02gbxw2ea5hki396
cmjqa2tlq02uexw8y9alqkwxz,2025-12-28T22:05:22.907Z,2026-08-04T15:50:39.848Z,TCNMEM16254,2,cmkujgcch02gdxw2e353l3tu4
cmjqa2tlq02ugxw8y4911s68z,2025-12-28T22:05:22.907Z,2026-08-04T15:50:39.855Z,TCNMEM16256,2,cmkujgccj02gfxw2eqjinr0vl
cmjqa2tlq02uhxw8yrzmic75k,2025-12-28T22:05:22.907Z,2026-08-04T15:50:39.864Z,TCNMEM16257,2,cmkujgccl02ggxw2e1lbaj9bt
cmjqa2tlq02uixw8ywnf3qvev,2025-12-28T22:05:22.907Z,2026-08-04T15:50:39.876Z,TCNMEM16258,2,cmkujgccm02ghxw2eka64mgfj
cmjqa2tlq02ujxw8ybekbp6md,2025-12-28T22:05:22.907Z,2026-08-04T15:50:39.886Z,TCNMEM16259,2,cmkujgcco02gixw2ehcv3z1oq
cmjqa2tlq02ukxw8yo1f1jp3o,2025-12-28T22:05:22.907Z,2026-08-04T15:50:39.897Z,TCNMEM16260,2,cmkujgccp02gjxw2ekr6ee4o8
cmjqa2tlq02ulxw8yq0fd9wk6,2025-12-28T22:05:22.907Z,2026-08-04T15:50:39.907Z,TCNMEM16261,2,cmkujgccr02gkxw2e8bnofhpg
cmjqa2tlq02umxw8yb0q4f9lk,2025-12-28T22:05:22.907Z,2026-08-04T15:50:39.916Z,TCNMEM16262,2,cmkujgccs02glxw2eqdy8z5kz
cmjqa2tlq02unxw8y66knfafv,2025-12-28T22:05:22.907Z,2026-08-04T15:50:39.925Z,TCNMEM16263,2,cmkujgcct02gmxw2ewgpmdcm6
cmjqa2tlq02upxw8ydkog6inr,2025-12-28T22:05:22.907Z,2026-08-04T15:50:39.935Z,TCNMEM16265,2,cmkujgccw02goxw2esuzkhsvz
cmjqa2tlq02uqxw8y5ogwo4dx,2025-12-28T22:05:22.907Z,2026-08-04T15:50:39.944Z,TCNMEM16266,2,cmkujgccy02gpxw2egzino8nt
cmjqa2tlq02usxw8y18u500xv,2025-12-28T22:05:22.907Z,2026-08-04T15:50:39.952Z,TCNMEM16268,2,cmkujgcd102grxw2ebzvnkegm
cmjqa2tlq02uuxw8ypqjs8xl9,2025-12-28T22:05:22.907Z,2026-08-04T15:50:39.959Z,TCNMEM16270,2,cmkujgcd302gtxw2edezd0q1f
cmjqa2tlq02uwxw8ykttnsd0d,2025-12-28T22:05:22.907Z,2026-08-04T15:50:39.966Z,TCNMEM16272,2,cmkujgcd602gvxw2ejta6yq3w
cmjqa2tlq02uxxw8y3afmmzba,2025-12-28T22:05:22.907Z,2026-08-04T15:50:39.974Z,TCNMEM16273,2,cmkujgcd802gwxw2em4nk4v1p
cmjqa2tlq02uyxw8y293z395c,2025-12-28T22:05:22.907Z,2026-08-04T15:50:39.982Z,TCNMEM16274,2,cmkujgcd902gxxw2e7sbmo9yi
cmjqa2tlq02v0xw8yq5o7x0e8,2025-12-28T22:05:22.907Z,2026-08-04T15:50:39.991Z,TCNMEM16276,2,cmkujgcdc02gzxw2eeafu438r
cmjqa2tlq02v1xw8yf7naes5x,2025-12-28T22:05:22.907Z,2026-08-04T15:50:39.999Z,TCNMEM16277,2,cmkujgcdd02h0xw2eab7p6m9b
cmjqa2tlq02v2xw8yay21nypa,2025-12-28T22:05:22.907Z,2026-08-04T15:50:40.007Z,TCNMEM16278,2,cmkujgcdf02h1xw2ek7whle6w
cmjqa2tlq02v8xw8yp1do6a4r,2025-12-28T22:05:22.907Z,2026-08-04T15:50:40.015Z,TCNMEM16284,2,cmkujgcdn02h7xw2evzfkqzqj
cmjqa2tlq02vcxw8y124jfs6v,2025-12-28T22:05:22.907Z,2026-08-04T15:50:40.022Z,TCNMEM16288,2,cmkujgcds02hbxw2etup8dlez
cmjqa2tlq02vdxw8y8ivqjh1g,2025-12-28T22:05:22.907Z,2026-08-04T15:50:40.030Z,TCNMEM16289,2,cmkujgcdu02hcxw2ejf7mt6kv
cmjqa2tlq02vexw8y27py6fkm,2025-12-28T22:05:22.907Z,2026-08-04T15:50:40.039Z,TCNMEM16290,2,cmkujgcdv02hdxw2edoz841nm
cmjqa2tlq02vhxw8ykuqtl779,2025-12-28T22:05:22.907Z,2026-08-04T15:50:40.047Z,TCNMEM16293,2,cmkujgce002hgxw2e9jwgukvo
cmjqa2tlq02vixw8y65j4jaxa,2025-12-28T22:05:22.907Z,2026-08-04T15:50:40.056Z,TCNMEM16294,2,cmkujgce102hhxw2ee35qs4oh
cmjqa2tlq02vjxw8ydeqobbs3,2025-12-28T22:05:22.907Z,2026-08-04T15:50:40.065Z,TCNMEM16295,2,cmkujgce202hixw2e9zrdz0gu
cmjqa2tlq02vmxw8y40oem7mp,2025-12-28T22:05:22.907Z,2026-08-04T15:50:40.073Z,TCNMEM16298,2,cmkujgce702hlxw2envdq14m9
cmjqa2tlq02vnxw8y8g67biu1,2025-12-28T22:05:22.907Z,2026-08-04T15:50:40.081Z,TCNMEM16299,2,cmkujgce802hmxw2evyblgxg9
cmjqa2tlq02voxw8y2qti3yly,2025-12-28T22:05:22.907Z,2026-08-04T15:50:40.090Z,TCNMEM16300,2,cmkujgcea02hnxw2e0dot0yxv
cmjqa2tlr02vrxw8ygzxk8pao,2025-12-28T22:05:22.907Z,2026-08-04T15:50:40.098Z,TCNMEM16303,2,cmkujgcee02hqxw2evbyjfg40
cmjqa2tlr02vsxw8ydqgzlhtq,2025-12-28T22:05:22.907Z,2026-08-04T15:50:40.105Z,TCNMEM16304,2,cmkujgcef02hrxw2e95ywv9ex
cmjqa2tlr02vtxw8yk2vdqnn2,2025-12-28T22:05:22.907Z,2026-08-04T15:50:40.113Z,TCNMEM16305,2,cmkujgceh02hsxw2eaml1zx1u
cmjqa2tlr02vuxw8y2yj3f86d,2025-12-28T22:05:22.907Z,2026-08-04T15:50:40.121Z,TCNMEM16306,2,cmkujgcei02htxw2e7fdyhues
cmjqa2tlr02vvxw8y6hpea0wl,2025-12-28T22:05:22.907Z,2026-08-04T15:50:40.130Z,TCNMEM16307,2,cmkujgcej02huxw2ejp8aoyv3
cmjqa2tlr02vwxw8y3guy69dr,2025-12-28T22:05:22.907Z,2026-08-04T15:50:40.138Z,TCNMEM16308,2,cmkujgcel02hvxw2eyfbweqn9
cmjqa2tlr02vxxw8y146rs32n,2025-12-28T22:05:22.907Z,2026-08-04T15:50:40.146Z,TCNMEM16309,2,cmkujgcem02hwxw2es0nyea3e
cmjqa2tlr02vyxw8yghc26lrf,2025-12-28T22:05:22.907Z,2026-08-04T15:50:40.154Z,TCNMEM16310,2,cmkujgcen02hxxw2er6gbcotk
cmjqa2tlr02vzxw8yskn0kksy,2025-12-28T22:05:22.907Z,2026-08-04T15:50:40.164Z,TCNMEM16311,2,cmkujgcep02hyxw2ecc6fuq3g
cmjqa2tlr02w0xw8yimh6btol,2025-12-28T22:05:22.907Z,2026-08-04T15:50:40.171Z,TCNMEM16312,2,cmkujgceq02hzxw2e2plqi70k
cmjqa2tlr02w1xw8yo1achz9o,2025-12-28T22:05:22.907Z,2026-08-04T15:50:40.179Z,TCNMEM16313,2,cmkujgcer02i0xw2e10jucjbh
cmjqa2tlr02w2xw8yfs8pv8sf,2025-12-28T22:05:22.907Z,2026-08-04T15:50:40.188Z,TCNMEM16314,2,cmkujgcet02i1xw2eakl2t69w
cmjqa2tlr02w3xw8yu4hyp887,2025-12-28T22:05:22.907Z,2026-08-04T15:50:40.196Z,TCNMEM16315,2,cmkujgceu02i2xw2ef8m9ywoy
cmjqa2tlr02w4xw8yqug0e5xy,2025-12-28T22:05:22.907Z,2026-08-04T15:50:40.203Z,TCNMEM16316,2,cmkujgcew02i3xw2el576tttv
cmjqa2tlr02w6xw8y0jh2k2xo,2025-12-28T22:05:22.907Z,2026-08-04T15:50:40.211Z,TCNMEM16318,2,cmkujgcey02i5xw2edu1aueq5
cmjqa2tlr02w7xw8y3zlxzipw,2025-12-28T22:05:22.907Z,2026-08-04T15:50:40.219Z,TCNMEM16319,2,cmkujgcf002i6xw2e1tp6e4f2
cmjqa2tlr02w8xw8ymresqwlv,2025-12-28T22:05:22.907Z,2026-08-04T15:50:40.227Z,TCNMEM16320,2,cmkujgcf102i7xw2ewuqkr79z
cmjqa2tlr02w9xw8ygczdiiqo,2025-12-28T22:05:22.907Z,2026-08-04T15:50:40.235Z,TCNMEM16321,2,cmkujgcf202i8xw2e2fppqwyr
cmjqa2tlr02waxw8ym04x6kma,2025-12-28T22:05:22.907Z,2026-08-04T15:50:40.243Z,TCNMEM16322,2,cmkujgcf402i9xw2eor3563vo
cmjqa2tlr02wbxw8y0w1wgkos,2025-12-28T22:05:22.907Z,2026-08-04T15:50:40.252Z,TCNMEM16323,2,cmkujgcf502iaxw2ezvon8nzl
cmjqa2tlr02wdxw8y29zyqfak,2025-12-28T22:05:22.907Z,2026-08-04T15:50:40.259Z,TCNMEM16325,2,cmkujgcf802icxw2eqkpo35li
cmjqa2tlr02wexw8yuh3p7rfu,2025-12-28T22:05:22.907Z,2026-08-04T15:50:40.266Z,TCNMEM16326,2,cmkujgcf902idxw2efp81zcmu
cmjqa2tlr02wfxw8y97dp04df,2025-12-28T22:05:22.907Z,2026-08-04T15:50:40.273Z,TCNMEM16327,2,cmkujgcfb02iexw2eyyda7edm
cmjqa2tlr02wgxw8yquommddx,2025-12-28T22:05:22.907Z,2026-08-04T15:50:40.281Z,TCNMEM16328,2,cmkujgcfc02ifxw2el58bxvsk
cmjqa2tlr02wixw8ycoepaqj7,2025-12-28T22:05:22.907Z,2026-08-04T15:50:40.288Z,TCNMEM16330,2,cmkujgcff02ihxw2evumtwxbt
cmjqa2tlr02wjxw8yj9gsymwv,2025-12-28T22:05:22.907Z,2026-08-04T15:50:40.300Z,TCNMEM16331,2,cmkujgcfh02iixw2e2w49144a
cmjqa2tlr02wkxw8y7hs5u13j,2025-12-28T22:05:22.907Z,2026-08-04T15:50:40.308Z,TCNMEM16332,2,cmkujgcfi02ijxw2emfr9kfcs
cmjqa2tlr02wlxw8yp6hyail6,2025-12-28T22:05:22.907Z,2026-08-04T15:50:40.317Z,TCNMEM16333,2,cmkujgcfk02ikxw2eiv0y326h
cmjqa2tlr02wmxw8yyknt4vlv,2025-12-28T22:05:22.907Z,2026-08-04T15:50:40.326Z,TCNMEM16334,2,cmkujgcfl02ilxw2e1ratjstd
cmjqa2tlr02wnxw8yhncvvxwh,2025-12-28T22:05:22.907Z,2026-08-04T15:50:40.334Z,TCNMEM16335,2,cmkujgcfn02imxw2erqh5xv8j
cmjqa2tlr02woxw8y7nt0be2j,2025-12-28T22:05:22.907Z,2026-08-04T15:50:40.342Z,TCNMEM16336,2,cmkujgcfo02inxw2e3itczynf
cmjqa2tlr02wrxw8yov7dd77i,2025-12-28T22:05:22.907Z,2026-08-04T15:50:40.364Z,TCNMEM16339,2,cmkujgcft02iqxw2ee8q8w631
cmjqa2tlr02wsxw8yimpkvnia,2025-12-28T22:05:22.907Z,2026-08-04T15:50:40.373Z,TCNMEM16340,2,cmkujgcfu02irxw2em0o9wzer
cmjqa2tlr02wuxw8y9lqja2ck,2025-12-28T22:05:22.907Z,2026-08-04T15:50:40.390Z,TCNMEM16342,2,cmkujgcfx02itxw2ee615uiii
cmjqa2tlr02wvxw8y987rabw1,2025-12-28T22:05:22.907Z,2026-08-04T15:50:40.398Z,TCNMEM16343,2,cmkujgcfy02iuxw2e1fnmkpu2
cmjqa2tlr02wwxw8yxl2ptzmz,2025-12-28T22:05:22.907Z,2026-08-04T15:50:40.406Z,TCNMEM16344,2,cmkujgcg002ivxw2erk9sy7qa
cmjqa2tlr02wyxw8yjd4hjiqi,2025-12-28T22:05:22.907Z,2026-08-04T15:50:40.415Z,TCNMEM16346,2,cmkujgcg302ixxw2ekokuvn8c
cmjqa2tlr02wzxw8yjuxwb401,2025-12-28T22:05:22.907Z,2026-08-04T15:50:40.424Z,TCNMEM16347,2,cmkujgcg402iyxw2e14jxnu0n
cmjqa2tlr02x0xw8y2ms2rroh,2025-12-28T22:05:22.907Z,2026-08-04T15:50:40.434Z,TCNMEM16348,2,cmkujgcg602izxw2eaovlcox9
cmjqa2tlr02x1xw8yptligpy8,2025-12-28T22:05:22.907Z,2026-08-04T15:50:40.445Z,TCNMEM16349,2,cmkujgcg702j0xw2ed602jikv
cmjqa2tlr02x2xw8yp8zy2gng,2025-12-28T22:05:22.907Z,2026-08-04T15:50:40.456Z,TCNMEM16350,2,cmkujgcg902j1xw2ewgy2082y
cmjqa2tlr02x4xw8ysh1fz253,2025-12-28T22:05:22.907Z,2026-08-04T15:50:40.466Z,TCNMEM16352,2,cmkujgcgc02j3xw2e5qdffqza
cmjqa2tlr02x6xw8yta1y3ry7,2025-12-28T22:05:22.907Z,2026-08-04T15:50:40.476Z,TCNMEM16354,2,cmkujgcgf02j5xw2emmlbhil1
cmjqa2tlr02x7xw8ypvfoqr51,2025-12-28T22:05:22.907Z,2026-08-04T15:50:40.486Z,TCNMEM16355,2,cmkujgcgg02j6xw2es7ub40qt
cmjqa2tlr02x8xw8y746kow5e,2025-12-28T22:05:22.907Z,2026-08-04T15:50:40.494Z,TCNMEM16356,2,cmkujgcgi02j7xw2esqrlpgxf
cmjqa2tlr02x9xw8ybn84fi9v,2025-12-28T22:05:22.907Z,2026-08-04T15:50:40.503Z,TCNMEM16357,2,cmkujgcgj02j8xw2eedub0bw7
cmjqa2tlr02xaxw8y28duol2o,2025-12-28T22:05:22.907Z,2026-08-04T15:50:40.511Z,TCNMEM16358,2,cmkujgcgl02j9xw2etm2j81jd
cmjqa2tlr02xbxw8yl5lrb23p,2025-12-28T22:05:22.907Z,2026-08-04T15:50:40.519Z,TCNMEM16359,2,cmkujgcgm02jaxw2ecr3oknig
cmjqa2tlr02xcxw8yhb0vjt46,2025-12-28T22:05:22.907Z,2026-08-04T15:50:40.527Z,TCNMEM16360,2,cmkujgcgo02jbxw2ex7eq8uzc
cmjqa2tlr02xdxw8y6jp93lrz,2025-12-28T22:05:22.907Z,2026-08-04T15:50:40.535Z,TCNMEM16361,2,cmkujgcgp02jcxw2eyrglks9z
cmjqa2tlr02xfxw8y3yssgblm,2025-12-28T22:05:22.907Z,2026-08-04T15:50:40.544Z,TCNMEM16363,2,cmkujgcgs02jexw2em7fb86mj
cmjqa2tlr02xgxw8yhmcxo6zr,2025-12-28T22:05:22.907Z,2026-08-04T15:50:40.553Z,TCNMEM16364,2,cmkujgcgt02jfxw2emufcw6pz
cmjqa2tlr02xixw8y8w0ijjas,2025-12-28T22:05:22.907Z,2026-08-04T15:50:40.561Z,TCNMEM16366,2,cmkujgcgw02jhxw2e7qnvv7yv
cmjqa2tlr02xkxw8yv87ofu9o,2025-12-28T22:05:22.907Z,2026-08-04T15:50:40.573Z,TCNMEM16368,2,cmkujgcgz02jjxw2ee31wqaps
cmjqa2tlr02xlxw8yra7dew1r,2025-12-28T22:05:22.907Z,2026-08-04T15:50:40.582Z,TCNMEM16369,2,cmkujgch102jkxw2e56h0hkge
cmjqa2tlr02xmxw8y5zkz4yvg,2025-12-28T22:05:22.907Z,2026-08-04T15:50:40.590Z,TCNMEM16370,2,cmkujgch202jlxw2etiz7f9sp
cmjqa2tlr02xnxw8yaq28q3o8,2025-12-28T22:05:22.907Z,2026-08-04T15:50:40.598Z,TCNMEM16371,2,cmkujgch302jmxw2eu0jhi8ne
cmjqa2tlr02xoxw8yy2htkw23,2025-12-28T22:05:22.907Z,2026-08-04T15:50:40.608Z,TCNMEM16372,2,cmkujgch502jnxw2ewqxd0sy6
cmjqa2tlr02xpxw8y2hwfat66,2025-12-28T22:05:22.907Z,2026-08-04T15:50:47.911Z,TCNMEM16373,2,cmkujgch602joxw2eujzyvy8j
cmjqa2tlr02xqxw8yjzd6hen4,2025-12-28T22:05:22.907Z,2026-08-04T15:50:47.932Z,TCNMEM16374,2,cmkujgch802jpxw2egiazlamw
cmjqa2tlr02xyxw8yvmcmovz0,2025-12-28T22:05:22.907Z,2026-08-04T15:50:47.946Z,TCNMEM16382,2,cmkujgchk02jxxw2eufk2ogkq
cmjqa2tlr02y0xw8yril4ei2u,2025-12-28T22:05:22.907Z,2026-08-04T15:50:47.955Z,TCNMEM16384,2,cmkujgchn02jzxw2e0luscuep
cmjqa2tlr02y1xw8yjkutmpr2,2025-12-28T22:05:22.907Z,2026-08-04T15:50:47.964Z,TCNMEM16385,2,cmkujgcho02k0xw2e3abz90iu
cmjqa2tlr02y4xw8y6gda27gj,2025-12-28T22:05:22.907Z,2026-08-04T15:50:47.977Z,TCNMEM16388,2,cmkujgchs02k3xw2exlifwpz2
cmjqa2tlr02y5xw8y64z7mx6j,2025-12-28T22:05:22.907Z,2026-08-04T15:50:47.987Z,TCNMEM16389,2,cmkujgchu02k4xw2e2t9smrju
cmjqa2tlr02y6xw8yg8h0yu6l,2025-12-28T22:05:22.907Z,2026-08-04T15:50:47.997Z,TCNMEM16390,2,cmkujgchv02k5xw2el4ffsyqd
cmjqa2tlr02y8xw8yzoa4cmli,2025-12-28T22:05:22.907Z,2026-08-04T15:50:48.010Z,TCNMEM16392,2,cmkujgchy02k7xw2ejpf2gqtt
cmjqa2tlr02y9xw8ytuwojvm6,2025-12-28T22:05:22.907Z,2026-08-04T15:50:48.025Z,TCNMEM16393,2,cmkujgci002k8xw2enqcwiopb
cmjqa2tls02yaxw8yjv6eicwk,2025-12-28T22:05:22.907Z,2026-08-04T15:50:48.035Z,TCNMEM16394,2,cmkujgci102k9xw2ezc2cmf8u
cmjqa2tls02ybxw8ykv2tbu20,2025-12-28T22:05:22.907Z,2026-08-04T15:50:48.045Z,TCNMEM16395,2,cmkujgci302kaxw2e461yv5xb
cmjqa2tls02ycxw8ydfz66ou5,2025-12-28T22:05:22.907Z,2026-08-04T15:50:48.057Z,TCNMEM16396,2,cmkujgci402kbxw2evuog1e5x
cmjqa2tls02yexw8ytmin0jyk,2025-12-28T22:05:22.907Z,2026-08-04T15:50:48.072Z,TCNMEM16398,2,cmkujgci702kdxw2eqxti3pa1
cmjqa2tls02yfxw8ynkq83m7d,2025-12-28T22:05:22.907Z,2026-08-04T15:50:48.084Z,TCNMEM16399,2,cmkujgci902kexw2e7vzzhiba
cmjqa2tls02ygxw8yfkqp7dh9,2025-12-28T22:05:22.907Z,2026-08-04T15:50:48.094Z,TCNMEM16400,2,cmkujgcia02kfxw2eszu9ud0n
cmjqa2tls02yhxw8yydzc6i23,2025-12-28T22:05:22.907Z,2026-08-04T15:50:48.105Z,TCNMEM16401,2,cmkujgcic02kgxw2esrw5p5de
cmjqa2tls02yixw8y2r60bk9y,2025-12-28T22:05:22.907Z,2026-08-04T15:50:48.115Z,TCNMEM16402,2,cmkujgcid02khxw2emwpc2d90
cmjqa2tls02ykxw8y111egpfa,2025-12-28T22:05:22.907Z,2026-08-04T15:50:48.126Z,TCNMEM16404,2,cmkujgcig02kjxw2e0u97qnds
cmjqa2tls02ymxw8yy6q55q4w,2025-12-28T22:05:22.907Z,2026-08-04T15:50:48.137Z,TCNMEM16406,2,cmkujgcik02klxw2ed31hyml0
cmjqa2tls02ynxw8yy3qe4guh,2025-12-28T22:05:22.907Z,2026-08-04T15:50:48.146Z,TCNMEM16407,2,cmkujgcil02kmxw2ekuy3xszf
cmjqa2tls02yoxw8ywt9wxb7p,2025-12-28T22:05:22.907Z,2026-08-04T15:50:48.155Z,TCNMEM16408,2,cmkujgcin02knxw2e4hpfbyda
cmjqa2tls02ypxw8yywm6hjcx,2025-12-28T22:05:22.907Z,2026-08-04T15:50:48.170Z,TCNMEM16409,2,cmkujgcio02koxw2eozn6a3d8
cmjqa2tls02yqxw8y91bcz58t,2025-12-28T22:05:22.907Z,2026-08-04T15:50:48.183Z,TCNMEM16410,2,cmkujgciq02kpxw2e7vqj9lqy
cmjqa2tls02ytxw8youae1v3p,2025-12-28T22:05:22.907Z,2026-08-04T15:50:48.194Z,TCNMEM16413,2,cmkujgciu02ksxw2e6canbrnv
cmjqa2tls02yuxw8ywmk2ebln,2025-12-28T22:05:22.907Z,2026-08-04T15:50:48.204Z,TCNMEM16414,2,cmkujgciw02ktxw2eqgfj89u4
cmjqa2tls02yvxw8yh117oyes,2025-12-28T22:05:22.907Z,2026-08-04T15:50:48.214Z,TCNMEM16415,2,cmkujgciy02kuxw2e7io1qz1f
cmjqa2tls02ywxw8y8l7zree0,2025-12-28T22:05:22.907Z,2026-08-04T15:50:48.225Z,TCNMEM16416,2,cmkujgciz02kvxw2eh7g0qk91
cmjqa2tls02yxxw8y7e57tl07,2025-12-28T22:05:22.907Z,2026-08-04T15:50:48.234Z,TCNMEM16417,2,cmkujgcj102kwxw2ejcqswkxi
cmjqa2tls02z0xw8ytu6krpp6,2025-12-28T22:05:22.907Z,2026-08-04T15:50:48.244Z,TCNMEM16420,2,cmkujgcj602kzxw2el5yg45yg
cmjqa2tls02z1xw8y5z6r8i96,2025-12-28T22:05:22.907Z,2026-08-04T15:50:48.256Z,TCNMEM16421,2,cmkujgcj702l0xw2eu5n7zmds
cmjqa2tls02z2xw8yottwzroo,2025-12-28T22:05:22.907Z,2026-08-04T15:50:48.266Z,TCNMEM16422,2,cmkujgcj902l1xw2e98x40im6
cmjqa2tls02z3xw8yhy2uzivn,2025-12-28T22:05:22.907Z,2026-08-04T15:50:48.277Z,TCNMEM16423,2,cmkujgcja02l2xw2ep7gjqe0z
cmjqa2tls02z7xw8ypexfyhix,2025-12-28T22:05:22.907Z,2026-08-04T15:50:48.286Z,TCNMEM16427,2,cmkujgcjh02l6xw2ezbw5avi9
cmjqa2tls02z8xw8ybf9f9jvx,2025-12-28T22:05:22.907Z,2026-08-04T15:50:48.296Z,TCNMEM16428,2,cmkujgcji02l7xw2eb7gfg4k4
cmjqa2tls02z9xw8y3bxb31b7,2025-12-28T22:05:22.907Z,2026-08-04T15:50:48.308Z,TCNMEM16429,2,cmkujgcjk02l8xw2erqkvrejq
cmjqa2tls02zaxw8yavix4n0f,2025-12-28T22:05:22.907Z,2026-08-04T15:50:48.321Z,TCNMEM16430,2,cmkujgcjl02l9xw2ekdd5u5oi
cmjqa2tls02zbxw8y282a93ij,2025-12-28T22:05:22.907Z,2026-08-04T15:50:48.331Z,TCNMEM16431,2,cmkujgcjn02laxw2e4ntdw59m
cmjqa2tls02zcxw8yyjfu96zh,2025-12-28T22:05:22.907Z,2026-08-04T15:50:48.342Z,TCNMEM16432,2,cmkujgcjo02lbxw2eitzm6t0i
cmjqa2tls02zdxw8yajb9novl,2025-12-28T22:05:22.907Z,2026-08-04T15:50:48.351Z,TCNMEM16433,2,cmkujgcjq02lcxw2eiamxogfs
cmjqa2tls02zfxw8yxxv4rj3s,2025-12-28T22:05:22.907Z,2026-08-04T15:50:48.360Z,TCNMEM16435,2,cmkujgcjt02lexw2e3tttcxxi
cmjqa2tls02zhxw8yu071queg,2025-12-28T22:05:22.907Z,2026-08-04T15:50:48.370Z,TCNMEM16437,2,cmkujgcjw02lgxw2exifuz9pc
cmjqa2tls02zixw8ygd978ttq,2025-12-28T22:05:22.907Z,2026-08-04T15:50:48.381Z,TCNMEM16438,2,cmkujgcjy02lhxw2edr3kc4fd
cmjqa2tls02zjxw8y1jejib2s,2025-12-28T22:05:22.907Z,2026-08-04T15:50:48.391Z,TCNMEM16439,2,cmkujgcjz02lixw2e5wgsktkq
cmjqa2tls02zkxw8yf89iryep,2025-12-28T22:05:22.907Z,2026-08-04T15:50:48.402Z,TCNMEM16440,2,cmkujgck102ljxw2e2lt5vsvd
cmjqa2tls02zlxw8yn9rft55h,2025-12-28T22:05:22.907Z,2026-08-04T15:50:48.412Z,TCNMEM16441,2,cmkujgck202lkxw2ejp9jduu1
cmjqa2tls02zmxw8yph8ngfx1,2025-12-28T22:05:22.907Z,2026-08-04T15:50:48.422Z,TCNMEM16442,2,cmkujgck402llxw2eqj3vg2sg
cmjqa2tls02zpxw8yzo6kkl45,2025-12-28T22:05:22.907Z,2026-08-04T15:50:48.433Z,TCNMEM16445,2,cmkujgck802loxw2ekjmm2ei9
cmjqa2tls02zqxw8y5or8dm3d,2025-12-28T22:05:22.907Z,2026-08-04T15:50:48.443Z,TCNMEM16446,2,cmkujgcka02lpxw2ei9d9hbsq
cmjqa2tls02zrxw8yozrepbg2,2025-12-28T22:05:22.907Z,2026-08-04T15:50:48.452Z,TCNMEM16447,2,cmkujgckb02lqxw2emhux3o4q
cmjqa2tls02zsxw8y82o6tp0h,2025-12-28T22:05:22.907Z,2026-08-04T15:50:48.461Z,TCNMEM16448,2,cmkujgckd02lrxw2ebm1a68ta
cmjqa2tls02ztxw8yt42iz79t,2025-12-28T22:05:22.907Z,2026-08-04T15:50:48.470Z,TCNMEM16449,2,cmkujgckf02lsxw2ekpx0t3uq
cmjqa2tls02zuxw8ywwaduw2x,2025-12-28T22:05:22.907Z,2026-08-04T15:50:48.480Z,TCNMEM16450,2,cmkujgckg02ltxw2ezo1z9ktt
cmjqa2tls02zxxw8yy1zkwohi,2025-12-28T22:05:22.907Z,2026-08-04T15:50:48.490Z,TCNMEM16453,2,cmkujgckl02lwxw2ea94nhs09
cmjqa2tls02zyxw8ybaou4cxm,2025-12-28T22:05:22.907Z,2026-08-04T15:50:48.500Z,TCNMEM16454,2,cmkujgckm02lxxw2e80ivy31c
cmjqa2tls02zzxw8yb6mmt3uz,2025-12-28T22:05:22.907Z,2026-08-04T15:50:48.511Z,TCNMEM16455,2,cmkujgcko02lyxw2excsi4xk2
cmjqa2tls0301xw8yqiz3uo3v,2025-12-28T22:05:22.907Z,2026-08-04T15:50:48.522Z,TCNMEM16457,2,cmkujgckr02m0xw2exka4u0lm
cmjqa2tls0302xw8yi21q1zno,2025-12-28T22:05:22.907Z,2026-08-04T15:50:48.534Z,TCNMEM16458,2,cmkujgcks02m1xw2ernuz2kca
cmjqa2tls0303xw8yvs1tvc4u,2025-12-28T22:05:22.907Z,2026-08-04T15:50:48.544Z,TCNMEM16459,2,cmkujgcku02m2xw2eish9og0c
cmjqa2tls0304xw8yy34nvhso,2025-12-28T22:05:22.907Z,2026-08-04T15:50:48.554Z,TCNMEM16460,2,cmkujgckv02m3xw2e5wh9akyl
cmjqa2tls0305xw8yrxns6ikk,2025-12-28T22:05:22.907Z,2026-08-04T15:50:48.563Z,TCNMEM16461,2,cmkujgckx02m4xw2ev70rhe5f
cmjqa2tls0306xw8yq53b9qpa,2025-12-28T22:05:22.907Z,2026-08-04T15:50:48.576Z,TCNMEM16462,2,cmkujgckz02m5xw2ey3byipfo
cmjqa2tls0307xw8y0tir5ycd,2025-12-28T22:05:22.907Z,2026-08-04T15:50:48.588Z,TCNMEM16463,2,cmkujgcl002m6xw2e3r4iy6qa
cmjqa2tls0308xw8y5x1y4w7p,2025-12-28T22:05:22.907Z,2026-08-04T15:50:48.598Z,TCNMEM16464,2,cmkujgcl202m7xw2exg6k86og
cmjqa2tls0309xw8y7mn5tjjj,2025-12-28T22:05:22.907Z,2026-08-04T15:50:48.609Z,TCNMEM16465,2,cmkujgcl302m8xw2e506sq86c
cmjqa2tls030axw8y962deb2c,2025-12-28T22:05:22.907Z,2026-08-04T15:50:48.620Z,TCNMEM16466,2,cmkujgcl502m9xw2e58rgjm1h
cmjqa2tls030bxw8y38l84qam,2025-12-28T22:05:22.907Z,2026-08-04T15:50:48.629Z,TCNMEM16467,2,cmkujgcl602maxw2ez73758sy
cmjqa2tls030dxw8y6yzjln6w,2025-12-28T22:05:22.907Z,2026-08-04T15:50:48.641Z,TCNMEM16469,2,cmkujgcl902mcxw2e7oe9xiup
cmjqa2tls030exw8y6jbpnbd2,2025-12-28T22:05:22.907Z,2026-08-04T15:50:48.651Z,TCNMEM16470,2,cmkujgclb02mdxw2e8rw3icyg
cmjqa2tls030fxw8ye05otpsv,2025-12-28T22:05:22.907Z,2026-08-04T15:50:48.662Z,TCNMEM16471,2,cmkujgcld02mexw2ec0hwnkzj
cmjqa2tls030hxw8yotd9pj99,2025-12-28T22:05:22.907Z,2026-08-04T15:50:48.671Z,TCNMEM16473,2,cmkujgclg02mgxw2ee53hac6n
cmjqa2tls030ixw8yh8dxyx48,2025-12-28T22:05:22.907Z,2026-08-04T15:50:48.681Z,TCNMEM16474,2,cmkujgclh02mhxw2e9pvc18z3
cmjqa2tls030jxw8yvlz21g5o,2025-12-28T22:05:22.907Z,2026-08-04T15:50:48.690Z,TCNMEM16475,2,cmkujgclj02mixw2e9gt1lif4
cmjqa2tls030lxw8yzmvr24zs,2025-12-28T22:05:22.907Z,2026-08-04T15:50:48.700Z,TCNMEM16477,2,cmkujgclm02mkxw2e1pojk4rq
cmjqa2tls030mxw8y6eullcvz,2025-12-28T22:05:22.907Z,2026-08-04T15:50:48.709Z,TCNMEM16478,2,cmkujgclo02mlxw2enab67r00
cmjqa2tls030nxw8y8e8dn7jd,2025-12-28T22:05:22.907Z,2026-08-04T15:50:48.717Z,TCNMEM16479,2,cmkujgclp02mmxw2ewg1je7b7
cmjqa2tls030oxw8y1egymq6c,2025-12-28T22:05:22.907Z,2026-08-04T15:50:48.725Z,TCNMEM16480,2,cmkujgclr02mnxw2ez4gixhls
cmjqa2tls030pxw8y5tngtm2k,2025-12-28T22:05:22.907Z,2026-08-04T15:50:48.734Z,TCNMEM16481,2,cmkujgcls02moxw2eny0o9u80
cmjqa2tlt030txw8yg0204xtr,2025-12-28T22:05:22.907Z,2026-08-04T15:50:48.743Z,TCNMEM16485,2,cmkujgclz02msxw2eywr4ogk4
cmjqa2tlt030xxw8yvpgjt6fv,2025-12-28T22:05:22.907Z,2026-08-04T15:50:48.751Z,TCNMEM16489,2,cmkujgcm502mwxw2ey546scfb
cmjqa2tlt030zxw8yauwaywpc,2025-12-28T22:05:22.907Z,2026-08-04T15:50:48.761Z,TCNMEM16491,2,cmkujgcm802myxw2ecjd90o4u
cmjqa2tlt0313xw8yl3oyst6s,2025-12-28T22:05:22.907Z,2026-08-04T15:50:48.771Z,TCNMEM16495,2,cmkujgcmf02n2xw2eamy6gu8g
cmjqa2tlt0317xw8ylm5hzxgr,2025-12-28T22:05:22.907Z,2026-08-04T15:50:48.781Z,TCNMEM16499,2,cmkujgcml02n6xw2e9k3hiym4
cmjqa2tlt0319xw8ytdovh0km,2025-12-28T22:05:22.907Z,2026-08-04T15:50:48.790Z,TCNMEM16501,2,cmkujgcmo02n8xw2eoaqf1k61
cmjqa2tlt031bxw8ye2facet2,2025-12-28T22:05:22.907Z,2026-08-04T15:50:48.798Z,TCNMEM16503,2,cmkujgcmr02naxw2eub7x82kz
cmjqa2tlt031cxw8yv7blep1t,2025-12-28T22:05:22.907Z,2026-08-04T15:50:48.806Z,TCNMEM16504,2,cmkujgcmt02nbxw2e7dmhr616
cmjqa2tlt031dxw8yx3vbl7d7,2025-12-28T22:05:22.907Z,2026-08-04T15:50:48.815Z,TCNMEM16505,2,cmkujgcmu02ncxw2eaha47lr9
cmjqa2tlt031fxw8y6des7mfr,2025-12-28T22:05:22.907Z,2026-08-04T15:50:48.824Z,TCNMEM16507,2,cmkujgcmx02nexw2eozr7d7zw
cmjqa2tlt031gxw8yqy214rdk,2025-12-28T22:05:22.907Z,2026-08-04T15:50:48.833Z,TCNMEM16508,2,cmkujgcmz02nfxw2ec08eyh8g
cmjqa2tlt031kxw8y22x6ni5v,2025-12-28T22:05:22.907Z,2026-08-04T15:50:48.842Z,TCNMEM16512,2,cmkujgcn502njxw2e8pdku8i2
cmjqa2tlt031mxw8y2wmzn8u6,2025-12-28T22:05:22.907Z,2026-08-04T15:50:48.851Z,TCNMEM16514,2,cmkujgcn802nlxw2eky7n8d5f
cmjqa2tlt031oxw8y059z4czh,2025-12-28T22:05:22.907Z,2026-08-04T15:50:48.860Z,TCNMEM16516,2,cmkujgcnc02nnxw2exm16a7dg
cmjqa2tlt031pxw8yhkpwv28w,2025-12-28T22:05:22.907Z,2026-08-04T15:50:48.869Z,TCNMEM16517,2,cmkujgcnd02noxw2e078ie0mb
cmjqa2tlt031qxw8y9qsychay,2025-12-28T22:05:22.907Z,2026-08-04T15:50:48.878Z,TCNMEM16518,2,cmkujgcnf02npxw2ex4k1ipu8
cmjqa2tlt031rxw8yjyp1pog9,2025-12-28T22:05:22.907Z,2026-08-04T15:50:48.888Z,TCNMEM16519,2,cmkujgcng02nqxw2eops76kzl
cmjqa2tlt031sxw8yu7wxanzq,2025-12-28T22:05:22.907Z,2026-08-04T15:50:48.898Z,TCNMEM16520,2,cmkujgcni02nrxw2eec1ertuk
cmjqa2tlt031txw8yup7046fk,2025-12-28T22:05:22.907Z,2026-08-04T15:50:48.907Z,TCNMEM16521,2,cmkujgcnj02nsxw2e3atzysb5
cmjqa2tlt031uxw8yfhzxyipr,2025-12-28T22:05:22.907Z,2026-08-04T15:50:48.917Z,TCNMEM16522,2,cmkujgcnl02ntxw2eajbuj7zp
cmjqa2tlt031vxw8y3xdaw9eu,2025-12-28T22:05:22.907Z,2026-08-04T15:50:48.927Z,TCNMEM16523,2,cmkujgcnn02nuxw2ec34vxv1r
cmjqa2tlt031yxw8ys8ju1nsx,2025-12-28T22:05:22.907Z,2026-08-04T15:50:48.935Z,TCNMEM16526,2,cmkujgcnr02nxxw2el3pxast7
cmjqa2tlt0323xw8yrpkd65pe,2025-12-28T22:05:22.907Z,2026-08-04T15:50:56.253Z,TCNMEM16531,2,cmkujgcnz02o2xw2egdon7jr7
cmjqa2tlt0324xw8yebsjd1dw,2025-12-28T22:05:22.907Z,2026-08-04T15:50:56.261Z,TCNMEM16532,2,cmkujgco102o3xw2excb5bo33
cmjqa2tlt0325xw8yekpp57ux,2025-12-28T22:05:22.907Z,2026-08-04T15:50:56.270Z,TCNMEM16533,2,cmkujgco202o4xw2eue1yx3t8
cmjqa2tlt0326xw8y2xtir62k,2025-12-28T22:05:22.907Z,2026-08-04T15:50:56.280Z,TCNMEM16534,2,cmkujgco402o5xw2eyie94obd
cmjqa2tlt0327xw8yreeory8q,2025-12-28T22:05:22.907Z,2026-08-04T15:50:56.290Z,TCNMEM16535,2,cmkujgco502o6xw2erabnz3v7
cmjqa2tlt0328xw8yeroecx7d,2025-12-28T22:05:22.907Z,2026-08-04T15:50:56.300Z,TCNMEM16536,2,cmkujgco702o7xw2ewgxmxagj
cmjqa2tlt0329xw8y5bq2s1un,2025-12-28T22:05:22.907Z,2026-08-04T15:50:56.310Z,TCNMEM16537,2,cmkujgco902o8xw2e79pzz1uk
cmjqa2tlt032axw8yhpfh4uua,2025-12-28T22:05:22.907Z,2026-08-04T15:50:56.319Z,TCNMEM16538,2,cmkujgcoa02o9xw2eh22q4rhg
cmjqa2tlt032bxw8y3y6n51ga,2025-12-28T22:05:22.907Z,2026-08-04T15:50:56.328Z,TCNMEM16539,2,cmkujgcoc02oaxw2e87vjw0xp
cmjqa2tlt032cxw8y4iad2ctk,2025-12-28T22:05:22.907Z,2026-08-04T15:50:56.337Z,TCNMEM16540,2,cmkujgcod02obxw2ew7znusvr
cmjqa2tlt032dxw8yrumb1lxa,2025-12-28T22:05:22.907Z,2026-08-04T15:50:56.346Z,TCNMEM16541,2,cmkujgcof02ocxw2ebig907lm
cmjqa2tlt032exw8yo08376dw,2025-12-28T22:05:22.907Z,2026-08-04T15:50:56.356Z,TCNMEM16542,2,cmkujgcog02odxw2egnyyctl2
cmjqa2tlt032fxw8y134o3dyn,2025-12-28T22:05:22.907Z,2026-08-04T15:50:56.367Z,TCNMEM16543,2,cmkujgcoi02oexw2exnq9iyjq
cmjqa2tlt032gxw8yz1a98vn0,2025-12-28T22:05:22.907Z,2026-08-04T15:50:56.378Z,TCNMEM16544,2,cmkujgcoj02ofxw2ev1pob9c5
cmjqa2tlt032hxw8yj17ta6xb,2025-12-28T22:05:22.907Z,2026-08-04T15:50:56.387Z,TCNMEM16545,2,cmkujgcol02ogxw2eqm0j4q1q
cmjqa2tlt032ixw8yu2bzl1k5,2025-12-28T22:05:22.907Z,2026-08-04T15:50:56.395Z,TCNMEM16546,2,cmkujgcom02ohxw2ehsqon6vi
cmjqa2tlt032jxw8y2ia1nmus,2025-12-28T22:05:22.907Z,2026-08-04T15:50:56.404Z,TCNMEM16547,2,cmkujgcoo02oixw2ebszhloew
cmjqa2tlt032kxw8y6uy1j25j,2025-12-28T22:05:22.907Z,2026-08-04T15:50:56.413Z,TCNMEM16548,2,cmkujgcop02ojxw2e9ak55v6g
cmjqa2tlt032nxw8yesq4hl65,2025-12-28T22:05:22.907Z,2026-08-04T15:50:56.423Z,TCNMEM16551,2,cmkujgcou02omxw2e21flcegy
cmjqa2tlt032oxw8y3fj2t19i,2025-12-28T22:05:22.907Z,2026-08-04T15:50:56.432Z,TCNMEM16552,2,cmkujgcow02onxw2ekyf27q1a
cmjqa2tlt032pxw8yn1t149e7,2025-12-28T22:05:22.907Z,2026-08-04T15:50:56.444Z,TCNMEM16553,2,cmkujgcox02ooxw2e3txsa6xw
cmjqa2tlt032rxw8y8efv9gmu,2025-12-28T22:05:22.907Z,2026-08-04T15:50:56.453Z,TCNMEM16555,2,cmkujgcp102oqxw2e2k9fn3nh
cmjqa2tlt032sxw8y873j58q3,2025-12-28T22:05:22.907Z,2026-08-04T15:50:56.463Z,TCNMEM16556,2,cmkujgcp202orxw2eljfrn8pi
cmjqa2tlt032txw8y70b46suy,2025-12-28T22:05:22.907Z,2026-08-04T15:50:56.473Z,TCNMEM16557,2,cmkujgcp402osxw2e8b3f7c3h
cmjqa2tlt032uxw8y0lx9misn,2025-12-28T22:05:22.907Z,2026-08-04T15:50:56.481Z,TCNMEM16558,2,cmkujgcp502otxw2ecjyl1j4r
cmjqa2tlt032vxw8yu1txyih8,2025-12-28T22:05:22.907Z,2026-08-04T15:50:56.489Z,TCNMEM16559,2,cmkujgcp702ouxw2eh4ohazau
cmjqa2tlt032wxw8yn5upgldm,2025-12-28T22:05:22.907Z,2026-08-04T15:50:56.498Z,TCNMEM16560,2,cmkujgcp802ovxw2e5nqsmihp
cmjqa2tlt032yxw8yyhll4nwq,2025-12-28T22:05:22.907Z,2026-08-04T15:50:56.508Z,TCNMEM16562,2,cmkujgcpb02oxxw2e9ol7bi3w
cmjqa2tlt032zxw8ydi48hi5y,2025-12-28T22:05:22.907Z,2026-08-04T15:50:56.517Z,TCNMEM16563,2,cmkujgcpd02oyxw2eq3gsl5wv
cmjqa2tlt0331xw8ym94e389l,2025-12-28T22:05:22.907Z,2026-08-04T15:50:56.526Z,TCNMEM16565,2,cmkujgcpg02p0xw2ekis88kc3
cmjqa2tlt0332xw8yl34xpsxi,2025-12-28T22:05:22.907Z,2026-08-04T15:50:56.535Z,TCNMEM16566,2,cmkujgcpi02p1xw2eqqjmgj8l
cmjqa2tlt0333xw8yyrusfyly,2025-12-28T22:05:22.907Z,2026-08-04T15:50:56.546Z,TCNMEM16567,2,cmkujgcpj02p2xw2e0sljfxye
cmjqa2tlt0338xw8ywrwwl4t4,2025-12-28T22:05:22.907Z,2026-08-04T15:50:56.557Z,TCNMEM16572,2,cmkujgcpr02p7xw2ej8jitet1
cmjqa2tlt0339xw8ywf63t92z,2025-12-28T22:05:22.907Z,2026-08-04T15:50:56.568Z,TCNMEM16573,2,cmkujgcpt02p8xw2ezrst5qt6
cmjqa2tlt033axw8y7tzllqgu,2025-12-28T22:05:22.907Z,2026-08-04T15:50:56.579Z,TCNMEM16574,2,cmkujgcpu02p9xw2eudq1166c
cmjqa2tm9033bxw8ywyw5uxw4,2025-12-28T22:05:22.929Z,2026-08-04T15:50:56.588Z,TCNMEM16575,2,cmkujgcpw02paxw2e37nzai2s
cmjqa2tmh033cxw8yp98evf6t,2025-12-28T22:05:22.937Z,2026-08-04T15:50:56.598Z,TCNMEM16576,2,cmkujgcpy02pbxw2e79ow61w7
cmjqa2tmh033exw8ynxvehyw5,2025-12-28T22:05:22.937Z,2026-08-04T15:50:56.608Z,TCNMEM16578,2,cmkujgcq102pdxw2ez4wmghkg
cmjqa2tmh033fxw8ytvd71ugj,2025-12-28T22:05:22.937Z,2026-08-04T15:50:56.616Z,TCNMEM16579,2,cmkujgcq202pexw2ee8s5w735
cmjqa2tmh033ixw8ycpcl65ua,2025-12-28T22:05:22.937Z,2026-08-04T15:50:56.624Z,TCNMEM16582,2,cmkujgcq702phxw2e3t6s8b8h
cmjqa2tmh033kxw8y6iuv5nf6,2025-12-28T22:05:22.937Z,2026-08-04T15:50:56.634Z,TCNMEM16584,2,cmkujgcqa02pjxw2epd4nbmzs
cmjqa2tmh033lxw8yzobugoex,2025-12-28T22:05:22.937Z,2026-08-04T15:50:56.644Z,TCNMEM16585,2,cmkujgcqc02pkxw2es6xeztr5
cmjqa2tmh033oxw8y4e2562gc,2025-12-28T22:05:22.937Z,2026-08-04T15:50:56.652Z,TCNMEM16588,2,cmkujgcqh02pnxw2e94jjvbm1
cmjqa2tmh033rxw8ytik95qd4,2025-12-28T22:05:22.937Z,2026-08-04T15:50:56.660Z,TCNMEM16591,2,cmkujgcql02pqxw2eqn7cxfw3
cmjqa2tmh033sxw8yqkp6i41q,2025-12-28T22:05:22.937Z,2026-08-04T15:50:56.668Z,TCNMEM16592,2,cmkujgcqn02prxw2etlx29sq0
cmjqa2tmh033txw8ylelao6ow,2025-12-28T22:05:22.937Z,2026-08-04T15:50:56.676Z,TCNMEM16593,2,cmkujgcqo02psxw2ey30wl1o6
cmjqa2tmi033uxw8y56ftwjou,2025-12-28T22:05:22.937Z,2026-08-04T15:50:56.685Z,TCNMEM16594,2,cmkujgcqq02ptxw2er3728qhh
cmjqa2tmi033vxw8y1up5tpkn,2025-12-28T22:05:22.937Z,2026-08-04T15:50:56.693Z,TCNMEM16595,2,cmkujgcqr02puxw2eftax512u
cmjqa2tmi033yxw8yoebr06ov,2025-12-28T22:05:22.937Z,2026-08-04T15:50:56.702Z,TCNMEM16598,2,cmkujgcqw02pxxw2eebtq5pf1
cmjqa2tmi033zxw8y1kuoz0q6,2025-12-28T22:05:22.937Z,2026-08-04T15:50:56.712Z,TCNMEM16599,2,cmkujgcqy02pyxw2ekr2minn6
cmjqa2tmi0340xw8ydjoslzbx,2025-12-28T22:05:22.937Z,2026-08-04T15:50:56.725Z,TCNMEM16600,2,cmkujgcqz02pzxw2e18iam84d
cmjqa2tmi0341xw8yrwu5mhu4,2025-12-28T22:05:22.937Z,2026-08-04T15:50:56.737Z,TCNMEM16601,2,cmkujgcr102q0xw2e8sfgvrng
cmjqa2tmi0343xw8ye034jp9o,2025-12-28T22:05:22.937Z,2026-08-04T15:50:56.749Z,TCNMEM16603,2,cmkujgcr402q2xw2e9le27rg7
cmjqa2tmi0344xw8yxdm7atkz,2025-12-28T22:05:22.937Z,2026-08-04T15:50:56.766Z,TCNMEM16604,2,cmkujgcr502q3xw2ee6andcd6
cmjqa2tmi034bxw8yqiqme7vu,2025-12-28T22:05:22.937Z,2026-08-04T15:50:56.778Z,TCNMEM16611,2,cmkujgcrh02qaxw2ewcu1knp1
cmjqa2tmi034cxw8ydbwzarwn,2025-12-28T22:05:22.937Z,2026-08-04T15:50:56.789Z,TCNMEM16612,2,cmkujgcri02qbxw2ekfnq8eke
cmjqa2tmi034dxw8yqp1pa05u,2025-12-28T22:05:22.937Z,2026-08-04T15:50:56.798Z,TCNMEM16613,2,cmkujgcrk02qcxw2emmmt3pag
cmjqa2tmi034ixw8yg1t14cq7,2025-12-28T22:05:22.937Z,2026-08-04T15:50:56.807Z,TCNMEM16618,2,cmkujgcrr02qhxw2ejz102np2
cmjqa2tmi034kxw8yuy1lcan4,2025-12-28T22:05:22.937Z,2026-08-04T15:50:56.815Z,TCNMEM16620,2,cmkujgcrv02qjxw2e7w9j6j6f
cmjqa2tmi034lxw8y3kcam0g3,2025-12-28T22:05:22.937Z,2026-08-04T15:50:56.824Z,TCNMEM16621,2,cmkujgcrw02qkxw2esfwbxz0d
cmjqa2tmi034mxw8yzmw4eqjx,2025-12-28T22:05:22.937Z,2026-08-04T15:50:56.833Z,TCNMEM16622,2,cmkujgcry02qlxw2ew2fvj6ae
cmjqa2tmi034nxw8y9m0hsn0q,2025-12-28T22:05:22.937Z,2026-08-04T15:50:56.843Z,TCNMEM16623,2,cmkujgcrz02qmxw2ej9p7fuh4
cmjqa2tmi034pxw8ypx47o4g8,2025-12-28T22:05:22.937Z,2026-08-04T15:50:56.852Z,TCNMEM16625,2,cmkujgcs202qoxw2ejq1ev1ju
cmjqa2tmi034qxw8y760u3rq2,2025-12-28T22:05:22.937Z,2026-08-04T15:50:56.859Z,TCNMEM16626,2,cmkujgcs402qpxw2e8nn4psox
cmjqa2tmi034sxw8ygbigkw7n,2025-12-28T22:05:22.937Z,2026-08-04T15:50:56.867Z,TCNMEM16628,2,cmkujgcs702qrxw2esbylsg8i
cmjqa2tmi034txw8yv8907rtw,2025-12-28T22:05:22.937Z,2026-08-04T15:50:56.876Z,TCNMEM16629,2,cmkujgcs902qsxw2ecv90i0wa
cmjqa2tmi034yxw8yoq7s2dn5,2025-12-28T22:05:22.937Z,2026-08-04T15:50:56.885Z,TCNMEM16634,2,cmkujgcsg02qxxw2efro5h3g2
cmjqa2tmi0351xw8yg9tv75qq,2025-12-28T22:05:22.937Z,2026-08-04T15:50:56.896Z,TCNMEM16637,2,cmkujgcsl02r0xw2e50xupvlm
cmjqa2tmi0354xw8yr3j80t95,2025-12-28T22:05:22.937Z,2026-08-04T15:50:56.905Z,TCNMEM16640,2,cmkujgcsq02r3xw2eu6von5dn
cmjqa2tmi0356xw8y7v30ugy6,2025-12-28T22:05:22.937Z,2026-08-04T15:50:56.915Z,TCNMEM16642,2,cmkujgcst02r5xw2e4verm3i4
cmjqa2tmi0357xw8yd0l6ma0j,2025-12-28T22:05:22.937Z,2026-08-04T15:50:56.924Z,TCNMEM16643,2,cmkujgcsv02r6xw2egxiutifi
cmjqa2tmi0358xw8y88euf4w8,2025-12-28T22:05:22.937Z,2026-08-04T15:50:56.935Z,TCNMEM16644,2,cmkujgcsw02r7xw2ejzyzoqi5
cmjqa2tmi0359xw8y9833tevv,2025-12-28T22:05:22.937Z,2026-08-04T15:50:56.946Z,TCNMEM16645,2,cmkujgcsy02r8xw2ewckws4co
cmjqa2tmi035axw8y7kxp8hqa,2025-12-28T22:05:22.937Z,2026-08-04T15:50:56.958Z,TCNMEM16646,2,cmkujgcsz02r9xw2e633ut2se
cmjqa2tmi035bxw8yw3mcq73y,2025-12-28T22:05:22.937Z,2026-08-04T15:50:56.969Z,TCNMEM16647,2,cmkujgct102raxw2eyppgcff1
cmjqa2tmi035cxw8yjr0sqztc,2025-12-28T22:05:22.937Z,2026-08-04T15:50:56.980Z,TCNMEM16648,2,cmkujgct202rbxw2ezqs2l5ur
cmjqa2tmi035dxw8yy6sg2y8h,2025-12-28T22:05:22.937Z,2026-08-04T15:50:56.992Z,TCNMEM16649,2,cmkujgct402rcxw2eh0unym5o
cmjqa2tmi035exw8yzte1xui2,2025-12-28T22:05:22.937Z,2026-08-04T15:50:57.004Z,TCNMEM16650,2,cmkujgct602rdxw2elkridyk6
cmjqa2tmi035fxw8ypbqd92pg,2025-12-28T22:05:22.937Z,2026-08-04T15:50:57.015Z,TCNMEM16651,2,cmkujgctd02rexw2e23vcr626
cmjqa2tmi035gxw8yvk6d2x5j,2025-12-28T22:05:22.937Z,2026-08-04T15:50:57.026Z,TCNMEM16652,2,cmkujgcth02rfxw2eokotog3i
cmjqa2tmi035hxw8yz1wwcqo0,2025-12-28T22:05:22.937Z,2026-08-04T15:50:57.038Z,TCNMEM16653,2,cmkujgctk02rgxw2eklpokvow
cmjqa2tmi035ixw8yfj09v5qw,2025-12-28T22:05:22.937Z,2026-08-04T15:50:57.062Z,TCNMEM16654,2,cmkujgctn02rhxw2eeku2karo
cmjqa2tmi035jxw8yv5z33h8d,2025-12-28T22:05:22.937Z,2026-08-04T15:50:57.073Z,TCNMEM16655,2,cmkujgctq02rixw2epq9dqxv7
cmjqa2tmi035kxw8ylfh5vpog,2025-12-28T22:05:22.937Z,2026-08-04T15:50:57.084Z,TCNMEM16656,2,cmkujgctu02rjxw2em6mn24nw
cmjqa2tmi035lxw8yx6xq4uy0,2025-12-28T22:05:22.937Z,2026-08-04T15:50:57.094Z,TCNMEM16657,2,cmkujgctx02rkxw2e76drqhm6
cmjqa2tmi035mxw8yx47emcpg,2025-12-28T22:05:22.937Z,2026-08-04T15:50:57.104Z,TCNMEM16658,2,cmkujgcu002rlxw2ey5ocli67
cmjqa2tmi035nxw8y64ke18xu,2025-12-28T22:05:22.937Z,2026-08-04T15:50:57.114Z,TCNMEM16659,2,cmkujgcu302rmxw2eb17l85f2
cmjqa2tmi035oxw8ynu5o8ckh,2025-12-28T22:05:22.937Z,2026-08-04T15:50:57.124Z,TCNMEM16660,2,cmkujgcu702rnxw2ekgy86ow3
cmjqa2tmi035pxw8yrfw9bj8v,2025-12-28T22:05:22.937Z,2026-08-04T15:50:57.136Z,TCNMEM16661,2,cmkujgcua02roxw2e5j86s1v8
cmjqa2tmi035qxw8yl0mlw40l,2025-12-28T22:05:22.937Z,2026-08-04T15:50:57.147Z,TCNMEM16662,2,cmkujgcud02rpxw2ewtzp9b9u
cmjqa2tmi035sxw8ylsy81m9a,2025-12-28T22:05:22.937Z,2026-08-04T15:50:57.158Z,TCNMEM16664,2,cmkujgcuk02rrxw2e3qcd5mpp
cmjqa2tmi035txw8yy9n5dx3z,2025-12-28T22:05:22.937Z,2026-08-04T15:50:57.167Z,TCNMEM16665,2,cmkujgcun02rsxw2egy8uolc8
cmjqa2tmi035uxw8y0abmn2lw,2025-12-28T22:05:22.937Z,2026-08-04T15:50:57.176Z,TCNMEM16666,2,cmkujgcuq02rtxw2ergv4xqwu
cmjqa2tmi035vxw8ym3700qu9,2025-12-28T22:05:22.937Z,2026-08-04T15:50:57.194Z,TCNMEM16667,2,cmkujgcut02ruxw2e8ecljv6p
cmjqa2tmi035wxw8y29ynaos5,2025-12-28T22:05:22.937Z,2026-08-04T15:50:57.204Z,TCNMEM16668,2,cmkujgcuw02rvxw2eu7wefofu
cmjqa2tmi035xxw8y4mkhbz4p,2025-12-28T22:05:22.937Z,2026-08-04T15:50:57.213Z,TCNMEM16669,2,cmkujgcv002rwxw2e0dk5r03z
cmjqa2tmi035zxw8y644j9igy,2025-12-28T22:05:22.937Z,2026-08-04T15:50:57.224Z,TCNMEM16671,2,cmkujgcv602ryxw2ejhlxu1pv
cmjqa2tmi0360xw8ycboa4vfs,2025-12-28T22:05:22.937Z,2026-08-04T15:50:57.236Z,TCNMEM16672,2,cmkujgcv902rzxw2ea72foyl0
cmjqa2tmi0363xw8yw3w35g28,2025-12-28T22:05:22.937Z,2026-08-04T15:50:57.251Z,TCNMEM16675,2,cmkujgcvj02s2xw2e2vdto1xl
cmjqa2tmi0364xw8yp7pct262,2025-12-28T22:05:22.937Z,2026-08-04T15:50:57.261Z,TCNMEM16676,2,cmkujgcvm02s3xw2ee364ywul
cmjqa2tmi0365xw8yj3t16h0c,2025-12-28T22:05:22.937Z,2026-08-04T15:51:04.638Z,TCNMEM16677,2,cmkujgcvp02s4xw2ewao4hjvl
cmjqa2tmi0367xw8yy91fepun,2025-12-28T22:05:22.937Z,2026-08-04T15:51:04.651Z,TCNMEM16679,2,cmkujgcvw02s6xw2eijpskcs4
cmjqa2tmi0368xw8y64pch58n,2025-12-28T22:05:22.937Z,2026-08-04T15:51:04.662Z,TCNMEM16680,2,cmkujgcvz02s7xw2e34aexx9l
cmjqa2tmi0369xw8y4wh0dqzt,2025-12-28T22:05:22.937Z,2026-08-04T15:51:04.673Z,TCNMEM16681,2,cmkujgcw202s8xw2eyahxdg0o
cmjqa2tmj036bxw8y4zit5llh,2025-12-28T22:05:22.937Z,2026-08-04T15:51:04.683Z,TCNMEM16683,2,cmkujgcw802saxw2ezc8qzo5z
cmjqa2tmj036cxw8ym6s49nui,2025-12-28T22:05:22.937Z,2026-08-04T15:51:04.699Z,TCNMEM16684,2,cmkujgcwc02sbxw2ejdg8ysze
cmjqa2tmj036dxw8ywdnv0xv0,2025-12-28T22:05:22.937Z,2026-08-04T15:51:04.710Z,TCNMEM16685,2,cmkujgcwf02scxw2enu5v99t5
cmjqa2tmj036exw8yfmahiukt,2025-12-28T22:05:22.937Z,2026-08-04T15:51:04.720Z,TCNMEM16686,2,cmkujgcwi02sdxw2elma7kl61
cmjqa2tmj036gxw8y4qqudj66,2025-12-28T22:05:22.937Z,2026-08-04T15:51:04.731Z,TCNMEM16688,2,cmkujgcwo02sfxw2ecjbma4ke
cmjqa2tmj036hxw8yegghiwty,2025-12-28T22:05:22.937Z,2026-08-04T15:51:04.742Z,TCNMEM16689,2,cmkujgcwr02sgxw2ew1hzmxrp
cmjqa2tmj036ixw8yp7mw0ze6,2025-12-28T22:05:22.937Z,2026-08-04T15:51:04.757Z,TCNMEM16690,2,cmkujgcwv02shxw2erigbkalp
cmjqa2tmj036jxw8ycgkz57ay,2025-12-28T22:05:22.937Z,2026-08-04T15:51:04.769Z,TCNMEM16691,2,cmkujgcwy02sixw2eyjr43oml
cmjqa2tmj036lxw8y7l5hdhny,2025-12-28T22:05:22.937Z,2026-08-04T15:51:04.779Z,TCNMEM16693,2,cmkujgcx502skxw2etc2dog20
cmjqa2tmj036mxw8yfg39kv2s,2025-12-28T22:05:22.937Z,2026-08-04T15:51:04.790Z,TCNMEM16694,2,cmkujgcx802slxw2eyt1419ku
cmjqa2tmj036sxw8yr1nq8thi,2025-12-28T22:05:22.937Z,2026-08-04T15:51:04.800Z,TCNMEM16700,2,cmkujgcxr02srxw2e73kmemk8
cmjqa2tmj036zxw8yw91o4rrt,2025-12-28T22:05:22.937Z,2026-08-04T15:51:04.811Z,TCNMEM16707,2,cmkujgcye02syxw2eq1365nof
cmjqa2tmj0370xw8yjapvabi7,2025-12-28T22:05:22.937Z,2026-08-04T15:51:04.822Z,TCNMEM16708,2,cmkujgcyh02szxw2e07uba7tt
cmjqa2tmj0371xw8yx6ctxtta,2025-12-28T22:05:22.937Z,2026-08-04T15:51:04.831Z,TCNMEM16709,2,cmkujgcyl02t0xw2e2iz94a7h
cmjqa2tmj0373xw8y2b3gbp99,2025-12-28T22:05:22.937Z,2026-08-04T15:51:04.842Z,TCNMEM16711,2,cmkujgcyu02t2xw2e4qtc2cb1
cmjqa2tmj0375xw8yxp1tzyrp,2025-12-28T22:05:22.937Z,2026-08-04T15:51:04.854Z,TCNMEM16713,2,cmkujgcz502t4xw2ex3u5evuk
cmjqa2tmj0376xw8ypmo04frx,2025-12-28T22:05:22.937Z,2026-08-04T15:51:04.864Z,TCNMEM16714,2,cmkujgcza02t5xw2e41uts1ku
cmjqa2tmj0377xw8yfcgtc8f9,2025-12-28T22:05:22.937Z,2026-08-04T15:51:04.875Z,TCNMEM16715,2,cmkujgczb02t6xw2enee1823h
cmjqa2tmj0378xw8yqsg8ezmn,2025-12-28T22:05:22.937Z,2026-08-04T15:51:04.886Z,TCNMEM16716,2,cmkujgczd02t7xw2e2v3h18s4
cmjqa2tmj037cxw8ymoby8pmz,2025-12-28T22:05:22.937Z,2026-08-04T15:51:04.900Z,TCNMEM16720,2,cmkujgczk02tbxw2eu35amtjb
cmjqa2tmj037dxw8y108ljx1v,2025-12-28T22:05:22.937Z,2026-08-04T15:51:04.912Z,TCNMEM16721,2,cmkujgczl02tcxw2eyrolgjpl
cmjqa2tmj037exw8ysrac0qfj,2025-12-28T22:05:22.937Z,2026-08-04T15:51:04.922Z,TCNMEM16722,2,cmkujgczn02tdxw2etr4aubqd
cmjqa2tmj037fxw8yohe80xsi,2025-12-28T22:05:22.937Z,2026-08-04T15:51:04.931Z,TCNMEM16723,2,cmkujgczp02texw2elibb0tkh
cmjqa2tmj037gxw8y53oivgal,2025-12-28T22:05:22.937Z,2026-08-04T15:51:04.943Z,TCNMEM16724,2,cmkujgczq02tfxw2e2khdkduz
cmjqa2tmj037hxw8y083zh5s3,2025-12-28T22:05:22.937Z,2026-08-04T15:51:04.957Z,TCNMEM16725,2,cmkujgczs02tgxw2e562zl9p6
cmjqa2tmj037kxw8ygv2vmlxa,2025-12-28T22:05:22.937Z,2026-08-04T15:51:04.968Z,TCNMEM16728,2,cmkujgczx02tjxw2eo01jwa9p
cmjqa2tmj037lxw8yl4zqs57u,2025-12-28T22:05:22.937Z,2026-08-04T15:51:04.979Z,TCNMEM16729,2,cmkujgczy02tkxw2ec7nahdw2
cmjqa2tmj037mxw8y0nh6mxb2,2025-12-28T22:05:22.937Z,2026-08-04T15:51:04.989Z,TCNMEM16730,2,cmkujgd0002tlxw2eios48yer
cmjqa2tmj037nxw8ysdw7x3yt,2025-12-28T22:05:22.937Z,2026-08-04T15:51:04.999Z,TCNMEM16731,2,cmkujgd0202tmxw2ep7bxq3ev
cmjqa2tmj037qxw8ymq4bc2lb,2025-12-28T22:05:22.937Z,2026-08-04T15:51:05.009Z,TCNMEM16734,2,cmkujgd0702tpxw2ejqu0uyz7
cmjqa2tmj037rxw8yqbq9vuv7,2025-12-28T22:05:22.937Z,2026-08-04T15:51:05.020Z,TCNMEM16735,2,cmkujgd0802tqxw2efdb45zfl
cmjqa2tmj037sxw8yvuruwjev,2025-12-28T22:05:22.937Z,2026-08-04T15:51:05.030Z,TCNMEM16736,2,cmkujgd0a02trxw2e8rydrqsl
cmjqa2tmj037txw8yf0xmlia8,2025-12-28T22:05:22.937Z,2026-08-04T15:51:05.040Z,TCNMEM16737,2,cmkujgd0c02tsxw2eoz9unatg
cmjqa2tmj037uxw8yvdo3wbsz,2025-12-28T22:05:22.937Z,2026-08-04T15:51:05.050Z,TCNMEM16738,2,cmkujgd0d02ttxw2ez3vgpbcn
cmjqa2tmj037vxw8yxtdkuwzh,2025-12-28T22:05:22.937Z,2026-08-04T15:51:05.059Z,TCNMEM16739,2,cmkujgd0f02tuxw2exj6vc5nq
cmjqa2tmj037zxw8y6npy3kfq,2025-12-28T22:05:22.937Z,2026-08-04T15:51:05.072Z,TCNMEM16743,2,cmkujgd0l02tyxw2etyr7pgdc
cmjqa2tmj0380xw8ycvemuibr,2025-12-28T22:05:22.937Z,2026-08-04T15:51:05.085Z,TCNMEM16744,2,cmkujgd0n02tzxw2e4jp0baje
cmjqa2tmj0381xw8ypsqa4ff2,2025-12-28T22:05:22.937Z,2026-08-04T15:51:05.096Z,TCNMEM16745,2,cmkujgd0p02u0xw2efumv3xzz
cmjqa2tmj0382xw8y0pqbygt2,2025-12-28T22:05:22.937Z,2026-08-04T15:51:05.106Z,TCNMEM16746,2,cmkujgd0q02u1xw2enxxxthg4
cmjqa2tmj0383xw8yfz14ej8q,2025-12-28T22:05:22.937Z,2026-08-04T15:51:05.115Z,TCNMEM16747,2,cmkujgd0s02u2xw2elvce24u5
cmjqa2tmj0384xw8ystdeu28s,2025-12-28T22:05:22.937Z,2026-08-04T15:51:05.125Z,TCNMEM16748,2,cmkujgd0t02u3xw2e62ihzgo6
cmjqa2tmj0385xw8y0i9dcp0q,2025-12-28T22:05:22.937Z,2026-08-04T15:51:05.135Z,TCNMEM16749,2,cmkujgd0v02u4xw2ei2ebswf2
cmjqa2tmj0386xw8y925dca5a,2025-12-28T22:05:22.937Z,2026-08-04T15:51:05.146Z,TCNMEM16750,2,cmkujgd0x02u5xw2eh43o40n7
cmjqa2tmj0387xw8yqgmo29sp,2025-12-28T22:05:22.937Z,2026-08-04T15:51:05.155Z,TCNMEM16751,2,cmkujgd0y02u6xw2ee87r0xac
cmjqa2tmj0388xw8ypy732dpc,2025-12-28T22:05:22.937Z,2026-08-04T15:51:05.165Z,TCNMEM16752,2,cmkujgd1002u7xw2eoka1k6w3
cmjqa2tmj0389xw8y4sfzr2d8,2025-12-28T22:05:22.937Z,2026-08-04T15:51:05.176Z,TCNMEM16753,2,cmkujgd1102u8xw2euer019a8
cmjqa2tmj038axw8yq29yx4yw,2025-12-28T22:05:22.937Z,2026-08-04T15:51:05.186Z,TCNMEM16754,2,cmkujgd1302u9xw2ev8u9mfjy
cmjqa2tmj038bxw8yu1drm42v,2025-12-28T22:05:22.937Z,2026-08-04T15:51:05.196Z,TCNMEM16755,2,cmkujgd1402uaxw2e2oxwyz5p
cmjqa2tmj038dxw8y16rp7tn7,2025-12-28T22:05:22.937Z,2026-08-04T15:51:05.207Z,TCNMEM16757,2,cmkujgd1802ucxw2ece32yacd
cmjqa2tmj038gxw8y6ffoevvc,2025-12-28T22:05:22.937Z,2026-08-04T15:51:05.218Z,TCNMEM16760,2,cmkujgd1d02ufxw2eqtwyszpy
cmjqa2tmj038hxw8ykxrativn,2025-12-28T22:05:22.937Z,2026-08-04T15:51:05.227Z,TCNMEM16761,2,cmkujgd1e02ugxw2en17t6ssh
cmjqa2tmj038ixw8y7346j2ge,2025-12-28T22:05:22.937Z,2026-08-04T15:51:05.236Z,TCNMEM16762,2,cmkujgd1g02uhxw2e5wy3a7m6
cmjqa2tmj038jxw8yp5zlwe7c,2025-12-28T22:05:22.937Z,2026-08-04T15:51:05.245Z,TCNMEM16763,2,cmkujgd1i02uixw2e6ser0n9b
cmjqa2tmj038lxw8ykkc9pr5d,2025-12-28T22:05:22.937Z,2026-08-04T15:51:05.254Z,TCNMEM16765,2,cmkujgd1l02ukxw2ek2vhuq1a
cmjqa2tmj038mxw8y5v7mqtpi,2025-12-28T22:05:22.937Z,2026-08-04T15:51:05.264Z,TCNMEM16766,2,cmkujgd1n02ulxw2ell7kp7om
cmjqa2tmj038oxw8y3tpniibs,2025-12-28T22:05:22.937Z,2026-08-04T15:51:05.275Z,TCNMEM16768,2,cmkujgd1q02unxw2e4g87uhj4
cmjqa2tmj038qxw8y4e8szp2o,2025-12-28T22:05:22.937Z,2026-08-04T15:51:05.286Z,TCNMEM16770,2,cmkujgd1t02upxw2es866jrfh
cmjqa2tmj038rxw8yu57z3tgn,2025-12-28T22:05:22.937Z,2026-08-04T15:51:05.301Z,TCNMEM16771,2,cmkujgd1v02uqxw2e7j4glc6m
cmjqa2tmk038uxw8yp79lgia3,2025-12-28T22:05:22.937Z,2026-08-04T15:51:05.311Z,TCNMEM16774,2,cmkujgd2002utxw2eo5bcijlg
cmjqa2tmk038wxw8yh0pmsb9h,2025-12-28T22:05:22.937Z,2026-08-04T15:51:05.319Z,TCNMEM16776,2,cmkujgd2302uvxw2ez7sp59fe
cmjqa2tmk038xxw8yhcglm78m,2025-12-28T22:05:22.937Z,2026-08-04T15:51:05.337Z,TCNMEM16777,2,cmkujgd2502uwxw2enyqe4ktk
cmjqa2tmk038yxw8ynkbksmx5,2025-12-28T22:05:22.937Z,2026-08-04T15:51:05.348Z,TCNMEM16778,2,cmkujgd2602uxxw2eqrrzdcnq
cmjqa2tmk038zxw8y6l5104h7,2025-12-28T22:05:22.937Z,2026-08-04T15:51:05.358Z,TCNMEM16779,2,cmkujgd2802uyxw2eb4vach2r
cmjqa2tmk0390xw8ynrldasxv,2025-12-28T22:05:22.937Z,2026-08-04T15:51:05.367Z,TCNMEM16780,2,cmkujgd2902uzxw2e63cppjkn
cmjqa2tmk0391xw8yoq40yu3y,2025-12-28T22:05:22.937Z,2026-08-04T15:51:05.377Z,TCNMEM16781,2,cmkujgd2b02v0xw2e00cemord
cmjqa2tmk0392xw8yy5hdun0b,2025-12-28T22:05:22.937Z,2026-08-04T15:51:05.387Z,TCNMEM16782,2,cmkujgd2d02v1xw2eh10377va
cmjqa2tmk0394xw8yshz51llu,2025-12-28T22:05:22.937Z,2026-08-04T15:51:05.397Z,TCNMEM16784,2,cmkujgd2g02v3xw2ebpq4sa7s
cmjqa2tmk0395xw8yw8zhwq29,2025-12-28T22:05:22.937Z,2026-08-04T15:51:05.412Z,TCNMEM16785,2,cmkujgd2i02v4xw2ea1xfns7p
cmjqa2tmk0396xw8ykjqxk27s,2025-12-28T22:05:22.937Z,2026-08-04T15:51:05.422Z,TCNMEM16786,2,cmkujgd2j02v5xw2eb98132bs
cmjqa2tmk0397xw8ycobehgy4,2025-12-28T22:05:22.937Z,2026-08-04T15:51:05.431Z,TCNMEM16787,2,cmkujgd2l02v6xw2epy6ilxrj
cmjqa2tmk0399xw8ybo5a8slm,2025-12-28T22:05:22.937Z,2026-08-04T15:51:05.440Z,TCNMEM16789,2,cmkujgd2o02v8xw2eoi81gspt
cmjqa2tmk039axw8yv56cd7qm,2025-12-28T22:05:22.937Z,2026-08-04T15:51:05.449Z,TCNMEM16790,2,cmkujgd2q02v9xw2e4xf0y96q
cmjqa2tmk039bxw8yahq4odlx,2025-12-28T22:05:22.937Z,2026-08-04T15:51:05.457Z,TCNMEM16791,2,cmkujgd2r02vaxw2e9ejxr86k
cmjqa2tmk039cxw8yxeiscagf,2025-12-28T22:05:22.937Z,2026-08-04T15:51:05.469Z,TCNMEM16792,2,cmkujgd2t02vbxw2eljeyn74d
cmjqa2tmk039dxw8y23h1t9jx,2025-12-28T22:05:22.937Z,2026-08-04T15:51:05.483Z,TCNMEM16793,2,cmkujgd2v02vcxw2eb27ntl5v
cmjqa2tmk039fxw8yy3bcsanu,2025-12-28T22:05:22.937Z,2026-08-04T15:51:05.492Z,TCNMEM16795,2,cmkujgd2y02vexw2ebj48056j
cmjqa2tmk039gxw8y6z7jm7fw,2025-12-28T22:05:22.937Z,2026-08-04T15:51:05.502Z,TCNMEM16796,2,cmkujgd3002vfxw2e44yks3qg
cmjqa2tmk039hxw8yvgammfx5,2025-12-28T22:05:22.937Z,2026-08-04T15:51:05.511Z,TCNMEM16797,2,cmkujgd3102vgxw2e814dxnnt
cmjqa2tmk039ixw8ytf4yo53x,2025-12-28T22:05:22.937Z,2026-08-04T15:51:05.520Z,TCNMEM16798,2,cmkujgd3302vhxw2erbqu4ip6
cmjqa2tmk039jxw8ym5pmhx6n,2025-12-28T22:05:22.937Z,2026-08-04T15:51:05.531Z,TCNMEM16799,2,cmkujgd3402vixw2eykpitppw
cmjqa2tmk039kxw8yiaewo82n,2025-12-28T22:05:22.937Z,2026-08-04T15:51:05.543Z,TCNMEM16800,2,cmkujgd3602vjxw2eyy9ayp0u
cmjqa2tmk039mxw8y9io08ubp,2025-12-28T22:05:22.937Z,2026-08-04T15:51:05.553Z,TCNMEM16802,2,cmkujgd3902vlxw2etushscz0
cmjqa2tmk039nxw8y6f9pxf54,2025-12-28T22:05:22.937Z,2026-08-04T15:51:05.562Z,TCNMEM16803,2,cmkujgd3b02vmxw2ewm0bgq23
cmjqa2tmk039pxw8yu5chl5sc,2025-12-28T22:05:22.937Z,2026-08-04T15:51:05.571Z,TCNMEM16805,2,cmkujgd3e02voxw2e9k2spafx
cmjqa2tmk039sxw8yqkmg5rwp,2025-12-28T22:05:22.937Z,2026-08-04T15:51:05.579Z,TCNMEM16808,2,cmkujgd3j02vrxw2eq5k9bew1
cmjqa2tmk039uxw8yq7hjk2bw,2025-12-28T22:05:22.937Z,2026-08-04T15:51:05.590Z,TCNMEM16810,2,cmkujgd3m02vtxw2eg1rcrowa
cmjqa2tmk039vxw8yy0oufrmk,2025-12-28T22:05:22.937Z,2026-08-04T15:51:05.600Z,TCNMEM16811,2,cmkujgd3o02vuxw2evr4g3j8z
cmjqa2tmk039yxw8y49hqu8n8,2025-12-28T22:05:22.937Z,2026-08-04T15:51:05.610Z,TCNMEM16814,2,cmkujgd3t02vxxw2eeuuapyaz
cmjqa2tmk039zxw8y0krnnb0z,2025-12-28T22:05:22.937Z,2026-08-04T15:51:05.618Z,TCNMEM16815,2,cmkujgd3u02vyxw2em2b3lpdg
cmjqa2tmk03a1xw8yzk29my2r,2025-12-28T22:05:22.937Z,2026-08-04T15:51:05.630Z,TCNMEM16817,2,cmkujgd3x02w0xw2ej5mv9or0
cmjqa2tmk03a4xw8yk79jrscj,2025-12-28T22:05:22.937Z,2026-08-04T15:51:05.639Z,TCNMEM16820,2,cmkujgd4202w3xw2e1tvm62kw
cmjqa2tmk03a5xw8y7oyweeco,2025-12-28T22:05:22.937Z,2026-08-04T15:51:05.650Z,TCNMEM16821,2,cmkujgd4402w4xw2e6ivr972t
cmjqa2tmk03a6xw8yak3k8d1d,2025-12-28T22:05:22.937Z,2026-08-04T15:51:05.660Z,TCNMEM16822,2,cmkujgd4602w5xw2eq1kyauxq
cmjqa2tmk03a8xw8yj6b42nmo,2025-12-28T22:05:22.937Z,2026-08-04T15:51:05.669Z,TCNMEM16824,2,cmkujgd4902w7xw2egpr26ikw
cmjqa2tmk03a9xw8yobqwfp13,2025-12-28T22:05:22.937Z,2026-08-04T15:51:05.677Z,TCNMEM16825,2,cmkujgd4a02w8xw2eiev21g4c
cmjqa2tmk03aaxw8ysuusu27x,2025-12-28T22:05:22.937Z,2026-08-04T15:51:05.686Z,TCNMEM16826,2,cmkujgd4c02w9xw2ee5ho92if
cmjqa2tmk03abxw8yn9p12my7,2025-12-28T22:05:22.937Z,2026-08-04T15:51:13.066Z,TCNMEM16827,2,cmkujgd4e02waxw2eh87u2qec
cmjqa2tmk03acxw8y3fb8lx5d,2025-12-28T22:05:22.937Z,2026-08-04T15:51:13.078Z,TCNMEM16828,2,cmkujgd4f02wbxw2evmda5nz8
cmjqa2tmk03adxw8ytnftgfbw,2025-12-28T22:05:22.937Z,2026-08-04T15:51:13.090Z,TCNMEM16829,2,cmkujgd4h02wcxw2ezmqx1gd5
cmjqa2tmk03afxw8y48vb68mo,2025-12-28T22:05:22.937Z,2026-08-04T15:51:13.100Z,TCNMEM16831,2,cmkujgd4k02wexw2elcva81fy
cmjqa2tmk03agxw8y3mkeuj5d,2025-12-28T22:05:22.937Z,2026-08-04T15:51:13.110Z,TCNMEM16832,2,cmkujgd4m02wfxw2e47sf5eoz
cmjqa2tmk03ahxw8yf75qqfzr,2025-12-28T22:05:22.937Z,2026-08-04T15:51:13.120Z,TCNMEM16833,2,cmkujgd4q02wgxw2em2rbvg0u
cmjqa2tmk03aixw8ycl94jw9x,2025-12-28T22:05:22.937Z,2026-08-04T15:51:13.129Z,TCNMEM16834,2,cmkujgd4t02whxw2e6dxdm1yu
cmjqa2tmk03akxw8yw7amwuzx,2025-12-28T22:05:22.937Z,2026-08-04T15:51:13.138Z,TCNMEM16836,2,cmkujgd4z02wjxw2e0o15t269
cmjqa2tmk03anxw8yglg3zta6,2025-12-28T22:05:22.937Z,2026-08-04T15:51:13.149Z,TCNMEM16839,2,cmkujgd5902wmxw2ei95uvckx
cmjqa2tmk03aoxw8yn7ohp1p5,2025-12-28T22:05:22.937Z,2026-08-04T15:51:13.159Z,TCNMEM16840,2,cmkujgd5c02wnxw2e3jl1le6q
cmjqa2tmk03apxw8yihlirqp0,2025-12-28T22:05:22.937Z,2026-08-04T15:51:13.169Z,TCNMEM16841,2,cmkujgd5f02woxw2exrjo5bdm
cmjqa2tmk03aqxw8yflyvptku,2025-12-28T22:05:22.937Z,2026-08-04T15:51:13.179Z,TCNMEM16842,2,cmkujgd5i02wpxw2e4ktt7pzc
cmjqa2tmk03arxw8y976mefwv,2025-12-28T22:05:22.937Z,2026-08-04T15:51:13.190Z,TCNMEM16843,2,cmkujgd5m02wqxw2e1frmor5e
cmjqa2tmk03asxw8y4s60zmhm,2025-12-28T22:05:22.937Z,2026-08-04T15:51:13.198Z,TCNMEM16844,2,cmkujgd5p02wrxw2edn7v4wie
cmjqa2tmk03atxw8y5q4sg7mv,2025-12-28T22:05:22.937Z,2026-08-04T15:51:13.210Z,TCNMEM16845,2,cmkujgd5s02wsxw2edwkpf06k
cmjqa2tmk03avxw8y1ha8ky69,2025-12-28T22:05:22.937Z,2026-08-04T15:51:13.221Z,TCNMEM16847,2,cmkujgd5y02wuxw2eb47hl9ef
cmjqa2tmk03awxw8yutiq9h6q,2025-12-28T22:05:22.937Z,2026-08-04T15:51:13.231Z,TCNMEM16848,2,cmkujgd6202wvxw2eub0ubhcm
cmjqa2tmk03axxw8yc1m5mg05,2025-12-28T22:05:22.937Z,2026-08-04T15:51:13.242Z,TCNMEM16849,2,cmkujgd6502wwxw2errvf44fg
cmjqa2tmk03ayxw8yqhcyjvjr,2025-12-28T22:05:22.937Z,2026-08-04T15:51:13.255Z,TCNMEM16850,2,cmkujgd6802wxxw2ebarahll6
cmjqa2tmk03azxw8yam3674bc,2025-12-28T22:05:22.937Z,2026-08-04T15:51:13.266Z,TCNMEM16851,2,cmkujgd6b02wyxw2es85fljbj
cmjqa2tmk03b3xw8yw7v14jri,2025-12-28T22:05:22.937Z,2026-08-04T15:51:13.278Z,TCNMEM16855,2,cmkujgd6o02x2xw2ea78mly8e
cmjqa2tmk03b4xw8yljjec70q,2025-12-28T22:05:22.937Z,2026-08-04T15:51:13.288Z,TCNMEM16856,2,cmkujgd6r02x3xw2exxkc809r
cmjqa2tmk03b5xw8y7i21mloe,2025-12-28T22:05:22.937Z,2026-08-04T15:51:13.298Z,TCNMEM16857,2,cmkujgd6u02x4xw2en8mowoq2
cmjqa2tmk03b6xw8y2mf0ckxx,2025-12-28T22:05:22.937Z,2026-08-04T15:51:13.308Z,TCNMEM16858,2,cmkujgd6y02x5xw2etfklyc18
cmjqa2tmk03b8xw8yb7xpghdg,2025-12-28T22:05:22.937Z,2026-08-04T15:51:13.317Z,TCNMEM16860,2,cmkujgd7402x7xw2e1h5jkr9g
cmjqa2tmk03baxw8yrpeubhff,2025-12-28T22:05:22.937Z,2026-08-04T15:51:13.327Z,TCNMEM16862,2,cmkujgd7a02x9xw2e2wy6wqix
cmjqa2tmk03bbxw8y0hwyoqga,2025-12-28T22:05:22.937Z,2026-08-04T15:51:13.340Z,TCNMEM16863,2,cmkujgd7e02xaxw2e1n09wv8p
cmjqa2tml03bcxw8ymkeiwi9q,2025-12-28T22:05:22.937Z,2026-08-04T15:51:13.350Z,TCNMEM16864,2,cmkujgd7h02xbxw2e7nnpx9mn
cmjqa2tml03bdxw8yldmgeeqf,2025-12-28T22:05:22.937Z,2026-08-04T15:51:13.359Z,TCNMEM16865,2,cmkujgd7k02xcxw2e9s610mgn
cmjqa2tml03bexw8yx4gf8zgp,2025-12-28T22:05:22.937Z,2026-08-04T15:51:13.369Z,TCNMEM16866,2,cmkujgd7n02xdxw2en4v96v2e
cmjqa2tml03bgxw8yidtqi2qn,2025-12-28T22:05:22.937Z,2026-08-04T15:51:13.380Z,TCNMEM16868,2,cmkujgd7u02xfxw2eyr0g2ifg
cmjqa2tml03bhxw8y6czgn8aa,2025-12-28T22:05:22.937Z,2026-08-04T15:51:13.390Z,TCNMEM16869,2,cmkujgd7x02xgxw2eve6pq78f
cmjqa2tml03bixw8ykab0r44j,2025-12-28T22:05:22.937Z,2026-08-04T15:51:13.406Z,TCNMEM16870,2,cmkujgd8002xhxw2edus16vr8
cmjqa2tml03bjxw8ye0hytue4,2025-12-28T22:05:22.937Z,2026-08-04T15:51:13.417Z,TCNMEM16871,2,cmkujgd8402xixw2ef3fo0vq4
cmjqa2tml03blxw8yif88qaza,2025-12-28T22:05:22.937Z,2026-08-04T15:51:13.432Z,TCNMEM16873,2,cmkujgd8a02xkxw2e7wuxi6n9
cmjqa2tml03bmxw8ymygwxsd4,2025-12-28T22:05:22.937Z,2026-08-04T15:51:13.443Z,TCNMEM16874,2,cmkujgd8d02xlxw2eefjc8rqe
cmjqa2tml03boxw8yt495lalk,2025-12-28T22:05:22.937Z,2026-08-04T15:51:13.454Z,TCNMEM16876,2,cmkujgd8k02xnxw2exxixrz1x
cmjqa2tml03bpxw8yol0ibtp8,2025-12-28T22:05:22.937Z,2026-08-04T15:51:13.465Z,TCNMEM16877,2,cmkujgd8n02xoxw2en9c9s72i
cmjqa2tml03bqxw8yias1jncl,2025-12-28T22:05:22.937Z,2026-08-04T15:51:13.477Z,TCNMEM16878,2,cmkujgd8q02xpxw2e557bhfci
cmjqa2tml03brxw8yj9jynns5,2025-12-28T22:05:22.937Z,2026-08-04T15:51:13.486Z,TCNMEM16879,2,cmkujgd8t02xqxw2ec401bz7e
cmjqa2tml03bsxw8yr98hkuzw,2025-12-28T22:05:22.937Z,2026-08-04T15:51:13.496Z,TCNMEM16880,2,cmkujgd8x02xrxw2eh85klulo
cmjqa2tml03btxw8yri2sk416,2025-12-28T22:05:22.937Z,2026-08-04T15:51:13.506Z,TCNMEM16881,2,cmkujgd9002xsxw2e4ucfjo8e
cmjqa2tml03buxw8yxwz3qxgw,2025-12-28T22:05:22.937Z,2026-08-04T15:51:13.515Z,TCNMEM16882,2,cmkujgd9302xtxw2eo6kcrknq
cmjqa2tml03bvxw8yj69efjg1,2025-12-28T22:05:22.937Z,2026-08-04T15:51:13.524Z,TCNMEM16883,2,cmkujgd9602xuxw2ecsfltjqj
cmjqa2tml03bwxw8yz1t1w3oy,2025-12-28T22:05:22.937Z,2026-08-04T15:51:13.536Z,TCNMEM16884,2,cmkujgd9902xvxw2ezpixeizz
cmjqa2tml03bxxw8y6dtgwloe,2025-12-28T22:05:22.937Z,2026-08-04T15:51:13.546Z,TCNMEM16885,2,cmkujgd9d02xwxw2egzby1oqo
cmjqa2tml03bzxw8yo2m9cn0j,2025-12-28T22:05:22.937Z,2026-08-04T15:51:13.556Z,TCNMEM16887,2,cmkujgd9l02xyxw2encjjbzwh
cmjqa2tml03c0xw8yac9ssrwr,2025-12-28T22:05:22.937Z,2026-08-04T15:51:13.566Z,TCNMEM16888,2,cmkujgd9v02xzxw2e80r9crgj
cmjqa2tml03c1xw8yhm4t09vl,2025-12-28T22:05:22.937Z,2026-08-04T15:51:13.576Z,TCNMEM16889,2,cmkujgd9x02y0xw2e1i9hippg
cmjqa2tml03c2xw8yqs9scrvu,2025-12-28T22:05:22.937Z,2026-08-04T15:51:13.588Z,TCNMEM16890,2,cmkujgda002y1xw2e4yon8wii
cmjqa2tml03c3xw8yxl3x6ai8,2025-12-28T22:05:22.937Z,2026-08-04T15:51:13.600Z,TCNMEM16891,2,cmkujgda202y2xw2e4bcdx3pg
cmjqa2tml03c4xw8yx7wyu14p,2025-12-28T22:05:22.937Z,2026-08-04T15:51:13.611Z,TCNMEM16892,2,cmkujgda402y3xw2eq4zhgikq
cmjqa2tml03c6xw8y9x1oxw84,2025-12-28T22:05:22.937Z,2026-08-04T15:51:13.621Z,TCNMEM16894,2,cmkujgda702y5xw2e6s4jo96j
cmjqa2tml03c7xw8ys3834f93,2025-12-28T22:05:22.937Z,2026-08-04T15:51:13.630Z,TCNMEM16895,2,cmkujgda802y6xw2e3gqcytd6
cmjqa2tml03c8xw8y0zefbin2,2025-12-28T22:05:22.937Z,2026-08-04T15:51:13.639Z,TCNMEM16896,2,cmkujgdaa02y7xw2e27tfzc8z
cmjqa2tml03c9xw8yskamsz1a,2025-12-28T22:05:22.937Z,2026-08-04T15:51:13.650Z,TCNMEM16897,2,cmkujgdab02y8xw2eyzmf3z8t
cmjqa2tml03cbxw8y63uhepns,2025-12-28T22:05:22.937Z,2026-08-04T15:51:13.663Z,TCNMEM16899,2,cmkujgdae02yaxw2ej159ewhe
cmjqa2tml03ccxw8yk8n18j2t,2025-12-28T22:05:22.937Z,2026-08-04T15:51:13.674Z,TCNMEM16900,2,cmkujgdaf02ybxw2eewh2izg3
cmjqa2tml03cexw8yu3qyql56,2025-12-28T22:05:22.937Z,2026-08-04T15:51:13.685Z,TCNMEM16902,2,cmkujgdai02ydxw2ej37a3edw
cmjqa2tml03cfxw8ypmygp237,2025-12-28T22:05:22.937Z,2026-08-04T15:51:13.695Z,TCNMEM16903,2,cmkujgdaj02yexw2e9if358ji
cmjqa2tml03cgxw8yuvqa97zl,2025-12-28T22:05:22.937Z,2026-08-04T15:51:13.703Z,TCNMEM16904,2,cmkujgdal02yfxw2ei2oxod7l
cmjqa2tml03cixw8yxmldwmdj,2025-12-28T22:05:22.937Z,2026-08-04T15:51:13.712Z,TCNMEM16906,2,cmkujgdan02yhxw2eb4hklhs8
cmjqa2tml03cjxw8y3vq0jlct,2025-12-28T22:05:22.937Z,2026-08-04T15:51:13.723Z,TCNMEM16907,2,cmkujgdap02yixw2ehlkb7th3
cmjqa2tml03ckxw8ydu3bryl4,2025-12-28T22:05:22.937Z,2026-08-04T15:51:13.732Z,TCNMEM16908,2,cmkujgdaq02yjxw2e0qqmj2oc
cmjqa2tml03clxw8yeo8wfldv,2025-12-28T22:05:22.937Z,2026-08-04T15:51:13.740Z,TCNMEM16909,2,cmkujgdas02ykxw2ekrp31up1
cmjqa2tml03cmxw8yjqsxb895,2025-12-28T22:05:22.937Z,2026-08-04T15:51:13.749Z,TCNMEM16910,2,cmkujgdau02ylxw2e2oyhplh2
cmjqa2tml03cnxw8yrhfe6ne8,2025-12-28T22:05:22.937Z,2026-08-04T15:51:13.758Z,TCNMEM16911,2,cmkujgdaw02ymxw2elguo23qz
cmjqa2tml03coxw8yxtbg3dfx,2025-12-28T22:05:22.937Z,2026-08-04T15:51:13.768Z,TCNMEM16912,2,cmkujgdax02ynxw2eyvc6z95f
cmjqa2tml03cpxw8y6cbj82gv,2025-12-28T22:05:22.937Z,2026-08-04T15:51:13.778Z,TCNMEM16913,2,cmkujgdaz02yoxw2egjgn0jmp
cmjqa2tml03crxw8yr032fcyy,2025-12-28T22:05:22.937Z,2026-08-04T15:51:13.791Z,TCNMEM16915,2,cmkujgdb102yqxw2eedg24ao7
cmjqa2tml03csxw8yi1khy0db,2025-12-28T22:05:22.937Z,2026-08-04T15:51:13.802Z,TCNMEM16916,2,cmkujgdb302yrxw2e5odiijk9
cmjqa2tml03ctxw8yx27t111t,2025-12-28T22:05:22.937Z,2026-08-04T15:51:13.812Z,TCNMEM16917,2,cmkujgdb402ysxw2e02zv1wt6
cmjqa2tml03cuxw8ysf4s5l8z,2025-12-28T22:05:22.937Z,2026-08-04T15:51:13.821Z,TCNMEM16918,2,cmkujgdb502ytxw2exrgx0efs
cmjqa2tml03cvxw8yapnrdlxp,2025-12-28T22:05:22.937Z,2026-08-04T15:51:13.830Z,TCNMEM16919,2,cmkujgdb702yuxw2e1aq0qt4u
cmjqa2tml03cwxw8y0ksd2fcj,2025-12-28T22:05:22.937Z,2026-08-04T15:51:13.839Z,TCNMEM16920,2,cmkujgdb802yvxw2enn0x1xo1
cmjqa2tml03cxxw8y23oe48c0,2025-12-28T22:05:22.937Z,2026-08-04T15:51:13.849Z,TCNMEM16921,2,cmkujgdba02ywxw2enbq4z04x
cmjqa2tml03cyxw8ye93tz74e,2025-12-28T22:05:22.937Z,2026-08-04T15:51:13.861Z,TCNMEM16922,2,cmkujgdbb02yxxw2einuwqagu
cmjqa2tml03czxw8y3wat2rid,2025-12-28T22:05:22.937Z,2026-08-04T15:51:13.871Z,TCNMEM16923,2,cmkujgdbc02yyxw2ef0s4sozo
cmjqa2tml03d0xw8yoekrtoiz,2025-12-28T22:05:22.937Z,2026-08-04T15:51:13.878Z,TCNMEM16924,2,cmkujgdbe02yzxw2er50zdqyz
cmjqa2tml03d1xw8y29jpmwvi,2025-12-28T22:05:22.937Z,2026-08-04T15:51:13.888Z,TCNMEM16925,2,cmkujgdbf02z0xw2erqk09vey
cmjqa2tml03d2xw8y50vqnief,2025-12-28T22:05:22.937Z,2026-08-04T15:51:13.896Z,TCNMEM16926,2,cmkujgdbg02z1xw2edmgff35f
cmjqa2tml03d3xw8y7d03b6uv,2025-12-28T22:05:22.937Z,2026-08-04T15:51:13.904Z,TCNMEM16927,2,cmkujgdbi02z2xw2e9klujxrn
cmjqa2tml03d4xw8yg65b9fkq,2025-12-28T22:05:22.937Z,2026-08-04T15:51:13.914Z,TCNMEM16928,2,cmkujgdbj02z3xw2evamw468b
cmjqa2tml03d8xw8y2gyp1xai,2025-12-28T22:05:22.937Z,2026-08-04T15:51:13.924Z,TCNMEM16932,2,cmkujgdbp02z7xw2ez58el4bk
cmjqa2tml03d9xw8ya54kwsxr,2025-12-28T22:05:22.937Z,2026-08-04T15:51:13.933Z,TCNMEM16933,2,cmkujgdbq02z8xw2erydveug5
cmjqa2tml03daxw8ysp907esv,2025-12-28T22:05:22.937Z,2026-08-04T15:51:13.942Z,TCNMEM16934,2,cmkujgdbs02z9xw2eibdjx6m1
cmjqa2tml03dbxw8yt55lth3a,2025-12-28T22:05:22.937Z,2026-08-04T15:51:13.951Z,TCNMEM16935,2,cmkujgdbt02zaxw2euuu8ixen
cmjqa2tml03dcxw8yewbp5m7r,2025-12-28T22:05:22.937Z,2026-08-04T15:51:13.960Z,TCNMEM16936,2,cmkujgdbv02zbxw2ejqx40ty6
cmjqa2tml03ddxw8yxvcf8fa4,2025-12-28T22:05:22.937Z,2026-08-04T15:51:13.968Z,TCNMEM16937,2,cmkujgdbw02zcxw2eec2di3sw
cmjqa2tml03dexw8ydvtqs9gi,2025-12-28T22:05:22.937Z,2026-08-04T15:51:13.980Z,TCNMEM16938,2,cmkujgdby02zdxw2e12vnvz19
cmjqa2tml03dfxw8yl24i9xh0,2025-12-28T22:05:22.937Z,2026-08-04T15:51:13.990Z,TCNMEM16939,2,cmkujgdbz02zexw2eu173be0z
cmjqa2tml03dgxw8ypp7d8hkg,2025-12-28T22:05:22.937Z,2026-08-04T15:51:13.999Z,TCNMEM16940,2,cmkujgdc002zfxw2ewf85eoym
cmjqa2tml03dixw8y7w7ul93e,2025-12-28T22:05:22.937Z,2026-08-04T15:51:14.007Z,TCNMEM16942,2,cmkujgdc302zhxw2erks5ltdi
cmjqa2tml03dkxw8ytxxtz9um,2025-12-28T22:05:22.937Z,2026-08-04T15:51:14.014Z,TCNMEM16944,2,cmkujgdc602zjxw2e7oesflys
cmjqa2tml03dlxw8yq2nk8tsa,2025-12-28T22:05:22.937Z,2026-08-04T15:51:14.022Z,TCNMEM16945,2,cmkujgdc702zkxw2ezqicio92
cmjqa2tml03dmxw8yl8nw4dm5,2025-12-28T22:05:22.937Z,2026-08-04T15:51:14.030Z,TCNMEM16946,2,cmkujgdc802zlxw2eq0ekib75
cmjqa2tml03dpxw8y8xld09f0,2025-12-28T22:05:22.937Z,2026-08-04T15:51:14.044Z,TCNMEM16949,2,cmkujgdcd02zoxw2ekxuzid29
cmjqa2tml03drxw8yapo0owpr,2025-12-28T22:05:22.937Z,2026-08-04T15:51:14.053Z,TCNMEM16951,2,cmkujgdcf02zqxw2et3dyriyn
cmjqa2tml03dtxw8ygl5mgyjf,2025-12-28T22:05:22.937Z,2026-08-04T15:51:14.060Z,TCNMEM16953,2,cmkujgdci02zsxw2eg9sxra7g
cmjqa2tml03duxw8ydkscmm04,2025-12-28T22:05:22.937Z,2026-08-04T15:51:14.068Z,TCNMEM16954,2,cmkujgdcj02ztxw2eae5jjojh
cmjqa2tmm03dwxw8y1c1txxo8,2025-12-28T22:05:22.937Z,2026-08-04T15:51:21.316Z,TCNMEM16956,2,cmkujgdcm02zvxw2e5qinunj8
cmjqa2tmm03dyxw8ylccddrpm,2025-12-28T22:05:22.937Z,2026-08-04T15:51:21.328Z,TCNMEM16958,2,cmkujgdcp02zxxw2exqljcp9s
cmjqa2tmm03e0xw8y6msc4pyk,2025-12-28T22:05:22.937Z,2026-08-04T15:51:21.341Z,TCNMEM16960,2,cmkujgdcr02zzxw2e1cqz23u9
cmjqa2tmm03e2xw8yxydwr1zj,2025-12-28T22:05:22.937Z,2026-08-04T15:51:21.350Z,TCNMEM16962,2,cmkujgdcu0301xw2e7w8g8zby
cmjqa2tmm03e3xw8ykgi6q3yu,2025-12-28T22:05:22.937Z,2026-08-04T15:51:21.359Z,TCNMEM16963,2,cmkujgdcw0302xw2etpl7qtea
cmjqa2tmm03e4xw8y2rtmmjrk,2025-12-28T22:05:22.937Z,2026-08-04T15:51:21.368Z,TCNMEM16964,2,cmkujgdcx0303xw2erfl6tebj
cmjqa2tmm03e5xw8y9xbfluke,2025-12-28T22:05:22.937Z,2026-08-04T15:51:21.378Z,TCNMEM16965,2,cmkujgdcy0304xw2e0c405rej
cmjqa2tmm03e6xw8y63j70ohb,2025-12-28T22:05:22.937Z,2026-08-04T15:51:21.389Z,TCNMEM16966,2,cmkujgdd00305xw2enw0upoor
cmjqa2tmm03e7xw8ywci2o6e3,2025-12-28T22:05:22.937Z,2026-08-04T15:51:21.401Z,TCNMEM16967,2,cmkujgdd10306xw2ezvwhute8
cmjqa2tmm03e9xw8yqh2ow5zy,2025-12-28T22:05:22.937Z,2026-08-04T15:51:21.411Z,TCNMEM16969,2,cmkujgdd40308xw2ebsp0nwtw
cmjqa2tmm03eaxw8yw34ibq0i,2025-12-28T22:05:22.937Z,2026-08-04T15:51:21.423Z,TCNMEM16970,2,cmkujgdd50309xw2e0mcfebfg
cmjqa2tmm03ebxw8y7pg4vxkn,2025-12-28T22:05:22.937Z,2026-08-04T15:51:21.434Z,TCNMEM16971,2,cmkujgdd7030axw2elbythflm
cmjqa2tmm03ecxw8yc2l3foxz,2025-12-28T22:05:22.937Z,2026-08-04T15:51:21.443Z,TCNMEM16972,2,cmkujgdd8030bxw2e2xnnqg9m
cmjqa2tmm03edxw8yh2ttwxfq,2025-12-28T22:05:22.937Z,2026-08-04T15:51:21.452Z,TCNMEM16973,2,cmkujgdd9030cxw2envez0leo
cmjqa2tmm03eexw8y13ifpps1,2025-12-28T22:05:22.937Z,2026-08-04T15:51:21.460Z,TCNMEM16974,2,cmkujgddb030dxw2efbeq16ua
cmjqa2tmm03efxw8ycxos14y9,2025-12-28T22:05:22.937Z,2026-08-04T15:51:21.469Z,TCNMEM16975,2,cmkujgddc030exw2e3c8rtsh7
cmjqa2tmm03egxw8ytni68r96,2025-12-28T22:05:22.937Z,2026-08-04T15:51:21.480Z,TCNMEM16976,2,cmkujgddd030fxw2epasdkczv
cmjqa2tmm03eixw8ykxq8lw6v,2025-12-28T22:05:22.937Z,2026-08-04T15:51:21.493Z,TCNMEM16978,2,cmkujgddg030hxw2e8aousfq8
cmjqa2tmm03ejxw8yuurzaovp,2025-12-28T22:05:22.937Z,2026-08-04T15:51:21.504Z,TCNMEM16979,2,cmkujgddh030ixw2evdh7zfqj
cmjqa2tmm03ekxw8yagygujij,2025-12-28T22:05:22.937Z,2026-08-04T15:51:21.516Z,TCNMEM16980,2,cmkujgddi030jxw2e22uvhjnm
cmjqa2tmm03elxw8yrc393oih,2025-12-28T22:05:22.937Z,2026-08-04T15:51:21.528Z,TCNMEM16981,2,cmkujgddk030kxw2eqezb9u94
cmjqa2tmm03emxw8yq88mhacp,2025-12-28T22:05:22.937Z,2026-08-04T15:51:21.539Z,TCNMEM16982,2,cmkujgddl030lxw2e0kxoepgk
cmjqa2tmm03enxw8ypo8qmy9z,2025-12-28T22:05:22.937Z,2026-08-04T15:51:21.547Z,TCNMEM16983,2,cmkujgddm030mxw2ezu86bx8x
cmjqa2tmm03eoxw8y967xisv2,2025-12-28T22:05:22.937Z,2026-08-04T15:51:21.557Z,TCNMEM16984,2,cmkujgddn030nxw2epralx32t
cmjqa2tmm03epxw8yjxzbo48z,2025-12-28T22:05:22.937Z,2026-08-04T15:51:21.566Z,TCNMEM16985,2,cmkujgddp030oxw2egwbofa74
cmjqa2tmm03eqxw8ye8y3aee0,2025-12-28T22:05:22.937Z,2026-08-04T15:51:21.574Z,TCNMEM16986,2,cmkujgddq030pxw2en4e3bc4p
cmjqa2tmm03erxw8ymufj7cnp,2025-12-28T22:05:22.937Z,2026-08-04T15:51:21.581Z,TCNMEM16987,2,cmkujgddr030qxw2ev4w1gz8d
cmjqa2tmm03esxw8ydf1rvp9j,2025-12-28T22:05:22.937Z,2026-08-04T15:51:21.592Z,TCNMEM16988,2,cmkujgdds030rxw2eamv0cd7m
cmjqa2tmm03etxw8yan9l7ehj,2025-12-28T22:05:22.937Z,2026-08-04T15:51:21.605Z,TCNMEM16989,2,cmkujgddu030sxw2e1o5i9pdg
cmjqa2tmm03evxw8ywqkc0zwf,2025-12-28T22:05:22.937Z,2026-08-04T15:51:21.614Z,TCNMEM16991,2,cmkujgddy030uxw2etm3h31sg
cmjqa2tmm03ewxw8yol45k60r,2025-12-28T22:05:22.937Z,2026-08-04T15:51:21.622Z,TCNMEM16992,2,cmkujgde1030vxw2e1ye4kln1
cmjqa2tmm03exxw8y9athdpon,2025-12-28T22:05:22.937Z,2026-08-04T15:51:21.631Z,TCNMEM16993,2,cmkujgde4030wxw2e5zho8pxf
cmjqa2tmm03ezxw8yori8jd21,2025-12-28T22:05:22.937Z,2026-08-04T15:51:21.642Z,TCNMEM16995,2,cmkujgdea030yxw2eg3u1ffie
cmjqa2tmm03f0xw8y29kgud2i,2025-12-28T22:05:22.937Z,2026-08-04T15:51:21.655Z,TCNMEM16996,2,cmkujgded030zxw2ev1cxu8b5
cmjqa2tmm03f1xw8yb6h888q8,2025-12-28T22:05:22.937Z,2026-08-04T15:51:21.667Z,TCNMEM16997,2,cmkujgdeg0310xw2enogipa1j
cmjqa2tmm03f3xw8yz2xzz1su,2025-12-28T22:05:22.937Z,2026-08-04T15:51:21.678Z,TCNMEM16999,2,cmkujgden0312xw2eosboxmyx
cmjqa2tmm03f5xw8y7nc4699h,2025-12-28T22:05:22.937Z,2026-08-04T15:51:21.688Z,TCNMEM17001,2,cmkujgdet0314xw2eohku5gy4
cmjqa2tmm03f6xw8yyn07ad7m,2025-12-28T22:05:22.937Z,2026-08-04T15:51:21.698Z,TCNMEM17002,2,cmkujgdew0315xw2e3srvdgr9
cmjqa2tmm03f7xw8yrpeyshqi,2025-12-28T22:05:22.937Z,2026-08-04T15:51:21.708Z,TCNMEM17003,2,cmkujgdf00316xw2ecgzyqwfh
cmjqa2tmm03f9xw8yg2ejgskf,2025-12-28T22:05:22.937Z,2026-08-04T15:51:21.718Z,TCNMEM17005,2,cmkujgdf60318xw2e6v8zsrka
cmjqa2tmm03faxw8yrg93qkwl,2025-12-28T22:05:22.937Z,2026-08-04T15:51:21.729Z,TCNMEM17006,2,cmkujgdfa0319xw2e6pz0zm6t
cmjqa2tmm03ffxw8yb1fsgg7l,2025-12-28T22:05:22.937Z,2026-08-04T15:51:21.761Z,TCNMEM17011,2,cmkujgdfk031exw2etven231z
cmjqa2tmm03fgxw8ys50xbw8b,2025-12-28T22:05:22.937Z,2026-08-04T15:51:21.773Z,TCNMEM17012,2,cmkujgdfm031fxw2eqj0tys51
cmjqa2tmm03fixw8ybnnerx4u,2025-12-28T22:05:22.937Z,2026-08-04T15:51:21.785Z,TCNMEM17014,2,cmkujgdfp031hxw2egz5oear7
cmjqa2tmm03fjxw8yu1qg0zid,2025-12-28T22:05:22.937Z,2026-08-04T15:51:21.797Z,TCNMEM17015,2,cmkujgdfq031ixw2eb8e6mqqe
cmjqa2tmm03fkxw8ypghqvwi9,2025-12-28T22:05:22.937Z,2026-08-04T15:51:21.806Z,TCNMEM17016,2,cmkujgdfr031jxw2ex03iqo5a
cmjqa2tmm03flxw8yddbj4ju6,2025-12-28T22:05:22.937Z,2026-08-04T15:51:21.818Z,TCNMEM17017,2,cmkujgdft031kxw2e7v60w848
cmjqa2tmm03foxw8ylid29mrz,2025-12-28T22:05:22.937Z,2026-08-04T15:51:21.828Z,TCNMEM17020,2,cmkujgdfx031nxw2epjallhuh
cmjqa2tmm03fpxw8yqkr7c81k,2025-12-28T22:05:22.937Z,2026-08-04T15:51:21.838Z,TCNMEM17021,2,cmkujgdfz031oxw2ev21t0cj8
cmjqa2tmm03frxw8y598mkorv,2025-12-28T22:05:22.937Z,2026-08-04T15:51:21.849Z,TCNMEM17023,2,cmkujgdg1031qxw2ec9p94e8j
cmjqa2tmm03fsxw8yoqvvg7jg,2025-12-28T22:05:22.937Z,2026-08-04T15:51:21.860Z,TCNMEM17024,2,cmkujgdg3031rxw2ekzx89eow
cmjqa2tmm03ftxw8y8xodwozc,2025-12-28T22:05:22.937Z,2026-08-04T15:51:21.871Z,TCNMEM17025,2,cmkujgdg4031sxw2e04o9nycb
cmjqa2tmm03fvxw8yba0levf7,2025-12-28T22:05:22.937Z,2026-08-04T15:51:21.882Z,TCNMEM17027,2,cmkujgdg9031uxw2e1wzowiya
cmjqa2tmm03fxxw8yct2pfwde,2025-12-28T22:05:22.937Z,2026-08-04T15:51:21.891Z,TCNMEM17029,2,cmkujgdgc031wxw2eesi1j9h9
cmjqa2tmm03fzxw8y7if8o8zl,2025-12-28T22:05:22.937Z,2026-08-04T15:51:21.901Z,TCNMEM17031,2,cmkujgdgf031yxw2ede5chgjc
cmjqa2tmm03g0xw8yirkm0jne,2025-12-28T22:05:22.937Z,2026-08-04T15:51:21.912Z,TCNMEM17032,2,cmkujgdgg031zxw2ekva5uglz
cmjqa2tmm03g1xw8yywhnak3z,2025-12-28T22:05:22.937Z,2026-08-04T15:51:21.923Z,TCNMEM17033,2,cmkujgdgi0320xw2ev5pt163r
cmjqa2tmm03g2xw8ypmmffmbn,2025-12-28T22:05:22.937Z,2026-08-04T15:51:21.933Z,TCNMEM17034,2,cmkujgdgj0321xw2e3zvp6ub1
cmjqa2tmm03g4xw8y80oi3vdu,2025-12-28T22:05:22.937Z,2026-08-04T15:51:21.942Z,TCNMEM17036,2,cmkujgdgl0323xw2eff46pvhg
cmjqa2tmm03g5xw8ya5vekn32,2025-12-28T22:05:22.937Z,2026-08-04T15:51:21.953Z,TCNMEM17037,2,cmkujgdgn0324xw2ep0oznn2x
cmjqa2tmm03g6xw8ysou4a1fj,2025-12-28T22:05:22.937Z,2026-08-04T15:51:21.962Z,TCNMEM17038,2,cmkujgdgo0325xw2euv4wp3vd
cmjqa2tmm03g7xw8yktd09k4o,2025-12-28T22:05:22.937Z,2026-08-04T15:51:21.971Z,TCNMEM17039,2,cmkujgdgq0326xw2erkcwu4aw
cmjqa2tmm03g8xw8y56urh6en,2025-12-28T22:05:22.937Z,2026-08-04T15:51:21.982Z,TCNMEM17040,2,cmkujgdgr0327xw2efh4gsihq
cmjqa2tmm03g9xw8ydypen61k,2025-12-28T22:05:22.937Z,2026-08-04T15:51:21.991Z,TCNMEM17041,2,cmkujgdgs0328xw2etuvla6lf
cmjqa2tmn03gaxw8y6npohhri,2025-12-28T22:05:22.937Z,2026-08-04T15:51:22.003Z,TCNMEM17042,2,cmkujgdgu0329xw2ew5a9wwr6
cmjqa2tmn03gbxw8ycykgttro,2025-12-28T22:05:22.937Z,2026-08-04T15:51:22.012Z,TCNMEM17043,2,cmkujgdgv032axw2esflckrlv
cmjqa2tmn03gcxw8ynuj8wt48,2025-12-28T22:05:22.937Z,2026-08-04T15:51:22.022Z,TCNMEM17044,2,cmkujgdgx032bxw2e8dvftaeg
cmjqa2tmn03gdxw8y4sme1j1w,2025-12-28T22:05:22.937Z,2026-08-04T15:51:22.031Z,TCNMEM17045,2,cmkujgdgy032cxw2ej1hei4y4
cmjqa2tmn03gexw8ygohrgdw7,2025-12-28T22:05:22.937Z,2026-08-04T15:51:22.044Z,TCNMEM17046,2,cmkujgdh0032dxw2e071wpeob
cmjqa2tmn03gfxw8ykii3of97,2025-12-28T22:05:22.937Z,2026-08-04T15:51:22.056Z,TCNMEM17047,2,cmkujgdh1032exw2emd5h5unt
cmjqa2tmn03ghxw8y30jfjbcf,2025-12-28T22:05:22.937Z,2026-08-04T15:51:22.066Z,TCNMEM17049,2,cmkujgdh4032gxw2e4gffo0dj
cmjqa2tmn03gixw8yhgrfw6nk,2025-12-28T22:05:22.937Z,2026-08-04T15:51:22.078Z,TCNMEM17050,2,cmkujgdh5032hxw2eipxdohly
cmjqa2tmn03gjxw8ytfuvh468,2025-12-28T22:05:22.937Z,2026-08-04T15:51:22.089Z,TCNMEM17051,2,cmkujgdh7032ixw2ehqyukmt6
cmjqa2tmn03glxw8y33a4li6a,2025-12-28T22:05:22.937Z,2026-08-04T15:51:22.099Z,TCNMEM17053,2,cmkujgdh9032kxw2ehruervwo
cmjqa2tmn03goxw8y8o33homn,2025-12-28T22:05:22.937Z,2026-08-04T15:51:22.111Z,TCNMEM17056,2,cmkujgdhd032nxw2eymubd2sy
cmjqa2tmn03gpxw8yh7hyihis,2025-12-28T22:05:22.937Z,2026-08-04T15:51:22.122Z,TCNMEM17057,2,cmkujgdhe032oxw2elhv8v0pa
cmjqa2tmn03gqxw8yld05h0pg,2025-12-28T22:05:22.937Z,2026-08-04T15:51:22.132Z,TCNMEM17058,2,cmkujgdhf032pxw2ex0ymliyo
cmjqa2tmn03grxw8yizgkvc9e,2025-12-28T22:05:22.937Z,2026-08-04T15:51:22.142Z,TCNMEM17059,2,cmkujgdhh032qxw2efjdiagkt
cmjqa2tmn03gtxw8y2575c7h8,2025-12-28T22:05:22.937Z,2026-08-04T15:51:22.152Z,TCNMEM17061,2,cmkujgdhj032sxw2e0ghs5vit
cmjqa2tmn03gwxw8ypq44kpvj,2025-12-28T22:05:22.937Z,2026-08-04T15:51:22.162Z,TCNMEM17064,2,cmkujgdhn032vxw2eoilr2npw
cmjqa2tmn03gxxw8y14psjs3h,2025-12-28T22:05:22.937Z,2026-08-04T15:51:22.174Z,TCNMEM17065,2,cmkujgdhp032wxw2e4ua8ibre
cmjqa2tmn03gzxw8ydlfwsk1h,2025-12-28T22:05:22.937Z,2026-08-04T15:51:22.186Z,TCNMEM17067,2,cmkujgdhr032yxw2e2u7g7yum
cmjqa2tmn03h0xw8y4fz430dv,2025-12-28T22:05:22.937Z,2026-08-04T15:51:22.197Z,TCNMEM17068,2,cmkujgdht032zxw2egko1ecmr
cmjqa2tmn03h1xw8ygowwsy45,2025-12-28T22:05:22.937Z,2026-08-04T15:51:22.207Z,TCNMEM17069,2,cmkujgdhu0330xw2equmumz74
cmjqa2tmn03h2xw8yxrwe67r6,2025-12-28T22:05:22.937Z,2026-08-04T15:51:22.218Z,TCNMEM17070,2,cmkujgdhw0331xw2ekwhuczbu
cmjqa2tmn03h3xw8yqc2h9254,2025-12-28T22:05:22.937Z,2026-08-04T15:51:22.232Z,TCNMEM17071,2,cmkujgdhx0332xw2edgl72nq2
cmjqa2tmn03h4xw8ycu4acgmc,2025-12-28T22:05:22.937Z,2026-08-04T15:51:22.243Z,TCNMEM17072,2,cmkujgdhy0333xw2ekh200b9a
cmjqa2tmn03h5xw8yrk821zym,2025-12-28T22:05:22.937Z,2026-08-04T15:51:22.254Z,TCNMEM17073,2,cmkujgdi00334xw2ekmo7jb50
cmjqa2tmn03h6xw8yvqax115q,2025-12-28T22:05:22.937Z,2026-08-04T15:51:22.265Z,TCNMEM17074,2,cmkujgdi10335xw2eqx0insio
cmjqa2tmn03h7xw8yruj8xf78,2025-12-28T22:05:22.937Z,2026-08-04T15:51:22.276Z,TCNMEM17075,2,cmkujgdi30336xw2e8mynhjxe
cmjqa2tn303h8xw8ytfx92pst,2025-12-28T22:05:22.959Z,2026-08-04T15:51:22.289Z,TCNMEM17076,2,cmkujgdi40337xw2eauaa6w77
cmjqa2tnb03h9xw8yvz7dikbd,2025-12-28T22:05:22.967Z,2026-08-04T15:51:22.303Z,TCNMEM17077,2,cmkujgdi50338xw2eiir2uszw
cmjqa2tnb03haxw8ya7m0wqw8,2025-12-28T22:05:22.967Z,2026-08-04T15:51:22.314Z,TCNMEM17078,2,cmkujgdi70339xw2ebs9tdetx
cmjqa2tnb03hbxw8y8xrfcc2g,2025-12-28T22:05:22.967Z,2026-08-04T15:51:22.323Z,TCNMEM17079,2,cmkujgdi8033axw2enxowjvb0
cmjqa2tnb03hcxw8y8jsqm5zf,2025-12-28T22:05:22.967Z,2026-08-04T15:51:22.332Z,TCNMEM17080,2,cmkujgdi9033bxw2ekepr5cb0
cmjqa2tnb03hdxw8ykzjceper,2025-12-28T22:05:22.967Z,2026-08-04T15:51:22.341Z,TCNMEM17081,2,cmkujgdia033cxw2eczkqeepo
cmjqa2tnb03hexw8y3y9ra0t8,2025-12-28T22:05:22.967Z,2026-08-04T15:51:22.350Z,TCNMEM17082,2,cmkujgdic033dxw2ejrbiiavl
cmjqa2tnc03hfxw8y03tg0h4m,2025-12-28T22:05:22.967Z,2026-08-04T15:51:22.359Z,TCNMEM17083,2,cmkujgdid033exw2es4dx2cyy
cmjqa2tnc03hgxw8ywxdext2i,2025-12-28T22:05:22.967Z,2026-08-04T15:51:22.368Z,TCNMEM17084,2,cmkujgdif033fxw2e59ksim63
cmjqa2tnc03hhxw8y92edgqcu,2025-12-28T22:05:22.967Z,2026-08-04T15:51:22.378Z,TCNMEM17085,2,cmkujgdig033gxw2ence8ufw7
cmjqa2tnc03hixw8y4xrhs6ej,2025-12-28T22:05:22.967Z,2026-08-04T15:51:29.699Z,TCNMEM17086,2,cmkujgdih033hxw2egpm940o3
cmjqa2tnc03hjxw8yx77rks3f,2025-12-28T22:05:22.967Z,2026-08-04T15:51:29.708Z,TCNMEM17087,2,cmkujgdij033ixw2ehhgzj268
cmjqa2tnc03hkxw8yi4bew3bb,2025-12-28T22:05:22.967Z,2026-08-04T15:51:29.719Z,TCNMEM17088,2,cmkujgdik033jxw2eu90bwlrx
cmjqa2tnc03hlxw8y7ztir2oh,2025-12-28T22:05:22.967Z,2026-08-04T15:51:29.729Z,TCNMEM17089,2,cmkujgdil033kxw2eppq7hu4o
cmjqa2tnc03hsxw8y0kcsayf5,2025-12-28T22:05:22.967Z,2026-08-04T15:51:29.742Z,TCNMEM17096,2,cmkujgdiu033rxw2e5000u2g9
cmjqa2tnc03htxw8y1ybzkm1l,2025-12-28T22:05:22.967Z,2026-08-04T15:51:29.752Z,TCNMEM17097,2,cmkujgdiw033sxw2emfvizb2p
cmjqa2tnc03huxw8y3r60icwq,2025-12-28T22:05:22.967Z,2026-08-04T15:51:29.762Z,TCNMEM17098,2,cmkujgdix033txw2e5ccpay75
cmjqa2tnc03hvxw8ysgjcf69q,2025-12-28T22:05:22.967Z,2026-08-04T15:51:29.772Z,TCNMEM17099,2,cmkujgdiy033uxw2e1sgad7l7
cmjqa2tnc03hwxw8ytd26k4ja,2025-12-28T22:05:22.967Z,2026-08-04T15:51:29.783Z,TCNMEM17100,2,cmkujgdiz033vxw2endywyae0
cmjqa2tnc03i0xw8y1zhcc3wt,2025-12-28T22:05:22.967Z,2026-08-04T15:51:29.796Z,TCNMEM17104,2,cmkujgdj5033zxw2esado3n95
cmjqa2tnc03i5xw8y5zbuqn30,2025-12-28T22:05:22.967Z,2026-08-04T15:51:29.806Z,TCNMEM17109,2,cmkujgdjc0344xw2eo3f95pel
cmjqa2tnc03i7xw8y8asvo7dt,2025-12-28T22:05:22.967Z,2026-08-04T15:51:29.817Z,TCNMEM17111,2,cmkujgdje0346xw2eankx1xr0
cmjqa2tnc03i8xw8ydwj2hpff,2025-12-28T22:05:22.967Z,2026-08-04T15:51:29.846Z,TCNMEM17112,2,cmkujgdjg0347xw2e5tmrbuna
cmjqa2tnc03i9xw8y47xv2575,2025-12-28T22:05:22.967Z,2026-08-04T15:51:29.858Z,TCNMEM17113,2,cmkujgdjh0348xw2egz9yo4k3
cmjqa2tnc03icxw8yoa21bx5w,2025-12-28T22:05:22.967Z,2026-08-04T15:51:29.869Z,TCNMEM17116,2,cmkujgdjl034bxw2ebgrrb2jq
cmjqa2tnc03idxw8y4e8ly7qe,2025-12-28T22:05:22.967Z,2026-08-04T15:51:29.879Z,TCNMEM17117,2,cmkujgdjn034cxw2ebnk69c7s
cmjqa2tnc03ifxw8y84cgmuwa,2025-12-28T22:05:22.967Z,2026-08-04T15:51:29.888Z,TCNMEM17119,2,cmkujgdjp034exw2e6ajhwxst
cmjqa2tnc03igxw8y679n5xfn,2025-12-28T22:05:22.967Z,2026-08-04T15:51:29.898Z,TCNMEM17120,2,cmkujgdjq034fxw2es2i42tbl
cmjqa2tnc03ihxw8ym37z3gns,2025-12-28T22:05:22.967Z,2026-08-04T15:51:29.908Z,TCNMEM17121,2,cmkujgdjs034gxw2enrhzhfjw
cmjqa2tnc03iixw8y1r8vwd2b,2025-12-28T22:05:22.967Z,2026-08-04T15:51:29.919Z,TCNMEM17122,2,cmkujgdjt034hxw2eumverqi6
cmjqa2tnc03ikxw8y5pvla3lj,2025-12-28T22:05:22.967Z,2026-08-04T15:51:29.928Z,TCNMEM17124,2,cmkujgdjw034jxw2e9bbx0tak
cmjqa2tnc03ilxw8yvdifnv3f,2025-12-28T22:05:22.967Z,2026-08-04T15:51:29.937Z,TCNMEM17125,2,cmkujgdjx034kxw2etmf009p8
cmjqa2tnc03imxw8yrhzyghxm,2025-12-28T22:05:22.967Z,2026-08-04T15:51:29.946Z,TCNMEM17126,2,cmkujgdjz034lxw2ehmh2n4ng
cmjqa2tnc03irxw8yuvdfn6um,2025-12-28T22:05:22.967Z,2026-08-04T15:51:29.955Z,TCNMEM17131,2,cmkujgdk6034qxw2eqt31phdw
cmjqa2tnc03isxw8yw61pzhty,2025-12-28T22:05:22.967Z,2026-08-04T15:51:29.965Z,TCNMEM17132,2,cmkujgdk7034rxw2e81pxfnvj
cmjqa2tnc03itxw8yiya57pjx,2025-12-28T22:05:22.967Z,2026-08-04T15:51:29.973Z,TCNMEM17133,2,cmkujgdk8034sxw2ep6dajnxx
cmjqa2tnc03iuxw8ybd33kn5z,2025-12-28T22:05:22.967Z,2026-08-04T15:51:29.987Z,TCNMEM17134,2,cmkujgdka034txw2ebn912262
cmjqa2tnc03ivxw8ytscwaga6,2025-12-28T22:05:22.967Z,2026-08-04T15:51:30.000Z,TCNMEM17135,2,cmkujgdkb034uxw2edkhobtok
cmjqa2tnc03iwxw8y8tf0awy3,2025-12-28T22:05:22.967Z,2026-08-04T15:51:30.009Z,TCNMEM17136,2,cmkujgdkc034vxw2ey88kgale
cmjqa2tnc03iyxw8ymlai93se,2025-12-28T22:05:22.967Z,2026-08-04T15:51:30.020Z,TCNMEM17138,2,cmkujgdkf034xxw2e9qsjaya5
cmjqa2tnc03izxw8y7vr2v13d,2025-12-28T22:05:22.967Z,2026-08-04T15:51:30.028Z,TCNMEM17139,2,cmkujgdkg034yxw2ej5zwajog
cmjqa2tnc03j0xw8yph9vopa3,2025-12-28T22:05:22.967Z,2026-08-04T15:51:30.038Z,TCNMEM17140,2,cmkujgdki034zxw2ebednrxe3
cmjqa2tnc03j1xw8y1i0tw7oj,2025-12-28T22:05:22.967Z,2026-08-04T15:51:30.050Z,TCNMEM17141,2,cmkujgdkj0350xw2eaxhw359r
cmjqa2tnc03j2xw8yyh5l2y0z,2025-12-28T22:05:22.967Z,2026-08-04T15:51:30.062Z,TCNMEM17142,2,cmkujgdkl0351xw2en4l3lncj
cmjqa2tnc03j3xw8yobc1n1yk,2025-12-28T22:05:22.967Z,2026-08-04T15:51:30.072Z,TCNMEM17143,2,cmkujgdkm0352xw2eqi6n2us6
cmjqa2tnc03j4xw8yb2ns1b54,2025-12-28T22:05:22.967Z,2026-08-04T15:51:30.083Z,TCNMEM17144,2,cmkujgdkn0353xw2enujro62g
cmjqa2tnc03j5xw8ys7zxubyt,2025-12-28T22:05:22.967Z,2026-08-04T15:51:30.093Z,TCNMEM17145,2,cmkujgdkp0354xw2egco7wbyd
cmjqa2tnc03j6xw8yiq9kjqdy,2025-12-28T22:05:22.967Z,2026-08-04T15:51:30.103Z,TCNMEM17146,2,cmkujgdkq0355xw2ezfheb9iu
cmjqa2tnc03j8xw8y7e4i5yeu,2025-12-28T22:05:22.967Z,2026-08-04T15:51:30.113Z,TCNMEM17148,2,cmkujgdks0357xw2exr0z2r4s
cmjqa2tnc03j9xw8yjpbukrlq,2025-12-28T22:05:22.967Z,2026-08-04T15:51:30.122Z,TCNMEM17149,2,cmkujgdku0358xw2elfjkywzx
cmjqa2tnc03jaxw8yekeyj6lt,2025-12-28T22:05:22.967Z,2026-08-04T15:51:30.132Z,TCNMEM17150,2,cmkujgdkv0359xw2e21lvojht
cmjqa2tnc03jbxw8yyoc0gdqh,2025-12-28T22:05:22.967Z,2026-08-04T15:51:30.142Z,TCNMEM17151,2,cmkujgdkw035axw2ee23gzlme
cmjqa2tnc03jdxw8yalzrjbk6,2025-12-28T22:05:22.967Z,2026-08-04T15:51:30.151Z,TCNMEM17153,2,cmkujgdkz035cxw2ec63zh072
cmjqa2tnc03jgxw8ygqgb4pm9,2025-12-28T22:05:22.967Z,2026-08-04T15:51:30.159Z,TCNMEM17156,2,cmkujgdl3035fxw2e48nziia1
cmjqa2tnc03jhxw8y1gogssfm,2025-12-28T22:05:22.967Z,2026-08-04T15:51:30.168Z,TCNMEM17157,2,cmkujgdl5035gxw2etzvxz4io
cmjqa2tnc03jixw8yauiviyvq,2025-12-28T22:05:22.967Z,2026-08-04T15:51:30.180Z,TCNMEM17158,2,cmkujgdl6035hxw2egk0jmb5t
cmjqa2tnc03jkxw8yeo3d0ew0,2025-12-28T22:05:22.967Z,2026-08-04T15:51:30.194Z,TCNMEM17160,2,cmkujgdl9035jxw2e64oiwt21
cmjqa2tnc03jlxw8ye6mxe0jc,2025-12-28T22:05:22.967Z,2026-08-04T15:51:30.205Z,TCNMEM17161,2,cmkujgdla035kxw2eel90bs6j
cmjqa2tnc03jmxw8y1z20xi9v,2025-12-28T22:05:22.967Z,2026-08-04T15:51:30.215Z,TCNMEM17162,2,cmkujgdlc035lxw2eqrjw17it
cmjqa2tnc03jpxw8y7k5fz8r3,2025-12-28T22:05:22.967Z,2026-08-04T15:51:30.227Z,TCNMEM17165,2,cmkujgdlg035oxw2eerwbxooj
cmjqa2tnc03jqxw8y5h8f9vqv,2025-12-28T22:05:22.967Z,2026-08-04T15:51:30.239Z,TCNMEM17166,2,cmkujgdli035pxw2el649gos8
cmjqa2tnd03jtxw8ybx4d4gye,2025-12-28T22:05:22.967Z,2026-08-04T15:51:30.248Z,TCNMEM17169,2,cmkujgdlm035sxw2e81z0iclf
cmjqa2tnd03juxw8y7899dno3,2025-12-28T22:05:22.967Z,2026-08-04T15:51:30.259Z,TCNMEM17170,2,cmkujgdlo035txw2evipvdsbx
cmjqa2tnd03jvxw8yq1ylpguc,2025-12-28T22:05:22.967Z,2026-08-04T15:51:30.268Z,TCNMEM17171,2,cmkujgdlp035uxw2e8wrf2zt5
cmjqa2tnd03jwxw8yxh6se8li,2025-12-28T22:05:22.967Z,2026-08-04T15:51:30.278Z,TCNMEM17172,2,cmkujgdlq035vxw2ecs6sif7t
cmjqa2tnd03jyxw8ymoou1k1i,2025-12-28T22:05:22.967Z,2026-08-04T15:51:30.287Z,TCNMEM17174,2,cmkujgdlt035xxw2e0vbkisal
cmjqa2tnd03jzxw8y5kbp1zhk,2025-12-28T22:05:22.967Z,2026-08-04T15:51:30.298Z,TCNMEM17175,2,cmkujgdlu035yxw2e2jw3ewr7
cmjqa2tnd03k1xw8ymgq9yand,2025-12-28T22:05:22.967Z,2026-08-04T15:51:30.307Z,TCNMEM17177,2,cmkujgdlx0360xw2ehpok70t5
cmjqa2tnd03k2xw8ycbmqjqjg,2025-12-28T22:05:22.967Z,2026-08-04T15:51:30.316Z,TCNMEM17178,2,cmkujgdly0361xw2e5c0dtwqj
cmjqa2tnd03k3xw8ym09vkdgl,2025-12-28T22:05:22.967Z,2026-08-04T15:51:30.326Z,TCNMEM17179,2,cmkujgdm00362xw2efo92spy9
cmjqa2tnd03k4xw8y0m9f69or,2025-12-28T22:05:22.967Z,2026-08-04T15:51:30.335Z,TCNMEM17180,2,cmkujgdm10363xw2e8tp4oxi8
cmjqa2tnd03k6xw8yhd5rwyom,2025-12-28T22:05:22.967Z,2026-08-04T15:51:30.344Z,TCNMEM17182,2,cmkujgdm30365xw2e3pzult2c
cmjqa2tnd03k7xw8yvwuv5xm1,2025-12-28T22:05:22.967Z,2026-08-04T15:51:30.354Z,TCNMEM17183,2,cmkujgdm50366xw2eeia1zzkw
cmjqa2tnd03k8xw8y1s23om4t,2025-12-28T22:05:22.967Z,2026-08-04T15:51:30.364Z,TCNMEM17184,2,cmkujgdm60367xw2esc4jvfsc
cmjqa2tnd03k9xw8yaeydw5bz,2025-12-28T22:05:22.967Z,2026-08-04T15:51:30.373Z,TCNMEM17185,2,cmkujgdm70368xw2e0rg0fg7x
cmjqa2tnd03kaxw8y0r7munez,2025-12-28T22:05:22.967Z,2026-08-04T15:51:30.382Z,TCNMEM17186,2,cmkujgdm90369xw2ev90ccdld
cmjqa2tnd03kcxw8yz88ps4mu,2025-12-28T22:05:22.967Z,2026-08-04T15:51:30.390Z,TCNMEM17188,2,cmkujgdmc036bxw2e83qsi0ds
cmjqa2tnd03kexw8yc6euqloa,2025-12-28T22:05:22.967Z,2026-08-04T15:51:30.399Z,TCNMEM17190,2,cmkujgdmf036dxw2esctobv9y
cmjqa2tnd03kfxw8yl6v1lo4l,2025-12-28T22:05:22.967Z,2026-08-04T15:51:30.408Z,TCNMEM17191,2,cmkujgdmg036exw2ezs7k4319
cmjqa2tnd03kgxw8yw7gtj9j1,2025-12-28T22:05:22.967Z,2026-08-04T15:51:30.419Z,TCNMEM17192,2,cmkujgdmh036fxw2eavz33krr
cmjqa2tnd03khxw8yk1camdnn,2025-12-28T22:05:22.967Z,2026-08-04T15:51:30.430Z,TCNMEM17193,2,cmkujgdmj036gxw2ej8cxs464
cmjqa2tnd03kixw8ye9721ogm,2025-12-28T22:05:22.967Z,2026-08-04T15:51:30.440Z,TCNMEM17194,2,cmkujgdmk036hxw2e90bgi4fq
cmjqa2tnd03kjxw8ygv4dgobf,2025-12-28T22:05:22.967Z,2026-08-04T15:51:30.450Z,TCNMEM17195,2,cmkujgdmm036ixw2ehct0phcg
cmjqa2tnd03kkxw8yqwrccldk,2025-12-28T22:05:22.967Z,2026-08-04T15:51:30.460Z,TCNMEM17196,2,cmkujgdmn036jxw2eryqao0me
cmjqa2tnd03klxw8yz48lscns,2025-12-28T22:05:22.967Z,2026-08-04T15:51:30.470Z,TCNMEM17197,2,cmkujgdmo036kxw2eurchx0qz
cmjqa2tnd03kmxw8y4n1i7dx2,2025-12-28T22:05:22.967Z,2026-08-04T15:51:30.480Z,TCNMEM17198,2,cmkujgdmq036lxw2eik449j0p
cmjqa2tnd03knxw8ynq7i97sp,2025-12-28T22:05:22.967Z,2026-08-04T15:51:30.489Z,TCNMEM17199,2,cmkujgdmr036mxw2ehjg4ubno
cmjqa2tnd03koxw8ynpn7qc4u,2025-12-28T22:05:22.967Z,2026-08-04T15:51:30.501Z,TCNMEM17200,2,cmkujgdms036nxw2eebm3hou1
cmjqa2tnd03kqxw8yvzibc0uv,2025-12-28T22:05:22.967Z,2026-08-04T15:51:30.542Z,TCNMEM17202,2,cmkujgdmv036pxw2exlw2ynui
cmjqa2tnd03krxw8yksw8dupk,2025-12-28T22:05:22.967Z,2026-08-04T15:51:30.552Z,TCNMEM17203,2,cmkujgdmw036qxw2ep4bc4rob
cmjqa2tnd03ksxw8yj7cr5uyi,2025-12-28T22:05:22.967Z,2026-08-04T15:51:30.561Z,TCNMEM17204,2,cmkujgdmy036rxw2ell53whj4
cmjqa2tnd03ktxw8y5zj2r2ia,2025-12-28T22:05:22.967Z,2026-08-04T15:51:30.569Z,TCNMEM17205,2,cmkujgdmz036sxw2eg8863qt4
cmjqa2tnd03kuxw8y3aa5d8np,2025-12-28T22:05:22.967Z,2026-08-04T15:51:30.578Z,TCNMEM17206,2,cmkujgdn1036txw2e06solgja
cmjqa2tnd03kvxw8yvdw4wghz,2025-12-28T22:05:22.967Z,2026-08-04T15:51:30.586Z,TCNMEM17207,2,cmkujgdn2036uxw2e2l0yrcl8
cmjqa2tnd03kwxw8yq4ny4ahv,2025-12-28T22:05:22.967Z,2026-08-04T15:51:30.595Z,TCNMEM17208,2,cmkujgdn4036vxw2e5hsl3y2x
cmjqa2tnd03kxxw8ysmruy963,2025-12-28T22:05:22.967Z,2026-08-04T15:51:30.603Z,TCNMEM17209,2,cmkujgdn5036wxw2exilcr69b
cmjqa2tnd03kzxw8ye8pr7s5l,2025-12-28T22:05:22.967Z,2026-08-04T15:51:30.613Z,TCNMEM17211,2,cmkujgdn8036yxw2e3afdypwr
cmjqa2tnd03l0xw8yk27eollc,2025-12-28T22:05:22.967Z,2026-08-04T15:51:30.622Z,TCNMEM17212,2,cmkujgdna036zxw2eh5nzsa13
cmjqa2tnd03l1xw8y55j2jbbv,2025-12-28T22:05:22.967Z,2026-08-04T15:51:30.631Z,TCNMEM17213,2,cmkujgdnb0370xw2e3gbbtc5g
cmjqa2tnd03l2xw8ytcjli4rx,2025-12-28T22:05:22.967Z,2026-08-04T15:51:30.639Z,TCNMEM17214,2,cmkujgdnd0371xw2ewm5cmpd4
cmjqa2tnd03l3xw8yznbi01sg,2025-12-28T22:05:22.967Z,2026-08-04T15:51:30.649Z,TCNMEM17215,2,cmkujgdne0372xw2e9fs2oxhl
cmjqa2tnd03l4xw8ybip9kzi2,2025-12-28T22:05:22.967Z,2026-08-04T15:51:30.658Z,TCNMEM17216,2,cmkujgdng0373xw2e7wikz6mh
cmjqa2tnd03l5xw8yyvktcevb,2025-12-28T22:05:22.967Z,2026-08-04T15:51:30.666Z,TCNMEM17217,2,cmkujgdnh0374xw2ez4wo1wic
cmjqa2tnd03l6xw8yg00au196,2025-12-28T22:05:22.967Z,2026-08-04T15:51:30.675Z,TCNMEM17218,2,cmkujgdnj0375xw2eawy2pcw9
cmjqa2tnd03l8xw8yw3nlyeuh,2025-12-28T22:05:22.967Z,2026-08-04T15:51:30.685Z,TCNMEM17220,2,cmkujgdnn0377xw2e0jczljc0
cmjqa2tnd03l9xw8yka301jrb,2025-12-28T22:05:22.967Z,2026-08-04T15:51:30.696Z,TCNMEM17221,2,cmkujgdnp0378xw2e2w9gkv1m
cmjqa2tnd03laxw8y7bpol0zf,2025-12-28T22:05:22.967Z,2026-08-04T15:51:30.706Z,TCNMEM17222,2,cmkujgdnq0379xw2eq6ezfgrg
cmjqa2tnd03lcxw8ylk8y34ya,2025-12-28T22:05:22.967Z,2026-08-04T15:51:30.714Z,TCNMEM17224,2,cmkujgdnu037bxw2eb3hc5w9q
cmjqa2tnd03ldxw8yy480fpyo,2025-12-28T22:05:22.967Z,2026-08-04T15:51:30.723Z,TCNMEM17225,2,cmkujgdnw037cxw2epp5wdg0y
cmjqa2tnd03lexw8y9lhu40n6,2025-12-28T22:05:22.967Z,2026-08-04T15:51:30.735Z,TCNMEM17226,2,cmkujgdny037dxw2eve5b9zy1
cmjqa2tnd03lfxw8yyhbf4kir,2025-12-28T22:05:22.967Z,2026-08-04T15:51:38.035Z,TCNMEM17227,2,cmkujgdo0037exw2ebd362yif
cmjqa2tnd03lgxw8yr2j1d5qw,2025-12-28T22:05:22.967Z,2026-08-04T15:51:38.049Z,TCNMEM17228,2,cmkujgdo2037fxw2e7j7c55ph
cmjqa2tnd03lhxw8y1dvsfhv5,2025-12-28T22:05:22.967Z,2026-08-04T15:51:38.059Z,TCNMEM17229,2,cmkujgdo4037gxw2eoxgsloro
cmjqa2tnd03lixw8yfqvfbtta,2025-12-28T22:05:22.967Z,2026-08-04T15:51:38.072Z,TCNMEM17230,2,cmkujgdo6037hxw2e3rzusle0
cmjqa2tnd03ljxw8ytcgk5fxd,2025-12-28T22:05:22.967Z,2026-08-04T15:51:38.082Z,TCNMEM17231,2,cmkujgdo8037ixw2em03zkiie
cmjqa2tnd03lkxw8yfrxe4ny7,2025-12-28T22:05:22.967Z,2026-08-04T15:51:38.094Z,TCNMEM17232,2,cmkujgdoa037jxw2enea3qvj3
cmjqa2tnd03llxw8yz3nvscgv,2025-12-28T22:05:22.967Z,2026-08-04T15:51:38.108Z,TCNMEM17233,2,cmkujgdoc037kxw2ebawew38u
cmjqa2tnd03lmxw8yem5i6wo7,2025-12-28T22:05:22.967Z,2026-08-04T15:51:38.119Z,TCNMEM17234,2,cmkujgdoe037lxw2e7o5ts59h
cmjqa2tnd03lpxw8yzuha8k9s,2025-12-28T22:05:22.967Z,2026-08-04T15:51:38.127Z,TCNMEM17237,2,cmkujgdok037oxw2etgskqlwa
cmjqa2tnd03lqxw8ykec7r3x7,2025-12-28T22:05:22.967Z,2026-08-04T15:51:38.138Z,TCNMEM17238,2,cmkujgdom037pxw2ed15oyfon
cmjqa2tnd03ltxw8yeiizpauf,2025-12-28T22:05:22.967Z,2026-08-04T15:51:38.147Z,TCNMEM17241,2,cmkujgdos037sxw2edtwlnwux
cmjqa2tnd03lvxw8yjb1h8y8o,2025-12-28T22:05:22.967Z,2026-08-04T15:51:38.160Z,TCNMEM17243,2,cmkujgdow037uxw2eoyno4tii
cmjqa2tnd03lxxw8yin4ythj7,2025-12-28T22:05:22.967Z,2026-08-04T15:51:38.170Z,TCNMEM17245,2,cmkujgdoz037wxw2ewhx2a6f1
cmjqa2tnd03lzxw8y1qjwcihk,2025-12-28T22:05:22.967Z,2026-08-04T15:51:38.183Z,TCNMEM17247,2,cmkujgdp3037yxw2ecdpezucu
cmjqa2tnd03m1xw8yop1ekj9s,2025-12-28T22:05:22.967Z,2026-08-04T15:51:38.198Z,TCNMEM17249,2,cmkujgdp70380xw2e2txttntq
cmjqa2tnd03m2xw8yv4mjqn8t,2025-12-28T22:05:22.967Z,2026-08-04T15:51:38.212Z,TCNMEM17250,2,cmkujgdp90381xw2efxh4q7xa
cmjqa2tnd03m8xw8yxck01pqn,2025-12-28T22:05:22.967Z,2026-08-04T15:51:38.222Z,TCNMEM17256,2,cmkujgdpl0387xw2ejrz46jl8
cmjqa2tnd03m9xw8yurj0ldha,2025-12-28T22:05:22.967Z,2026-08-04T15:51:38.234Z,TCNMEM17257,2,cmkujgdpn0388xw2eckpjeu7e
cmjqa2tnd03maxw8yqh41jamb,2025-12-28T22:05:22.967Z,2026-08-04T15:51:38.244Z,TCNMEM17258,2,cmkujgdpp0389xw2e4uchovhd
cmjqa2tnd03mbxw8yzm4mtbzg,2025-12-28T22:05:22.967Z,2026-08-04T15:51:38.255Z,TCNMEM17259,2,cmkujgdpr038axw2edo1gn8vo
cmjqa2tne03mcxw8y4tq0kxdj,2025-12-28T22:05:22.967Z,2026-08-04T15:51:38.264Z,TCNMEM17260,2,cmkujgdpt038bxw2el97vqieh
cmjqa2tne03mdxw8ydie3cy3h,2025-12-28T22:05:22.967Z,2026-08-04T15:51:38.276Z,TCNMEM17261,2,cmkujgdpv038cxw2e29m886qx
cmjqa2tne03mexw8ysfyj0vkl,2025-12-28T22:05:22.967Z,2026-08-04T15:51:38.286Z,TCNMEM17262,2,cmkujgdpw038dxw2e74sy7ctj
cmjqa2tne03mfxw8y77vsdzen,2025-12-28T22:05:22.967Z,2026-08-04T15:51:38.298Z,TCNMEM17263,2,cmkujgdpy038exw2efcu4jl9h
cmjqa2tne03mgxw8yvmswuabs,2025-12-28T22:05:22.967Z,2026-08-04T15:51:38.307Z,TCNMEM17264,2,cmkujgdq0038fxw2ed1ya26k9
cmjqa2tne03mhxw8yojhj2k9l,2025-12-28T22:05:22.967Z,2026-08-04T15:51:38.318Z,TCNMEM17265,2,cmkujgdq2038gxw2esq689lr6
cmjqa2tne03mixw8y36c7uzk7,2025-12-28T22:05:22.967Z,2026-08-04T15:51:38.326Z,TCNMEM17266,2,cmkujgdq4038hxw2et0hsd7j3
cmjqa2tne03mkxw8y5qsmx6cb,2025-12-28T22:05:22.967Z,2026-08-04T15:51:38.337Z,TCNMEM17268,2,cmkujgdq8038jxw2e58nwc4z1
cmjqa2tne03mlxw8y9f07ferq,2025-12-28T22:05:22.967Z,2026-08-04T15:51:38.346Z,TCNMEM17269,2,cmkujgdqa038kxw2e1a9a9twh
cmjqa2tne03mmxw8ytp7ojahr,2025-12-28T22:05:22.967Z,2026-08-04T15:51:38.357Z,TCNMEM17270,2,cmkujgdqc038lxw2echj6vdxw
cmjqa2tne03mnxw8ybabdnv0q,2025-12-28T22:05:22.967Z,2026-08-04T15:51:38.370Z,TCNMEM17271,2,cmkujgdqe038mxw2ehq5gkm0s
cmjqa2tne03mqxw8ye8ryj7fv,2025-12-28T22:05:22.967Z,2026-08-04T15:51:38.383Z,TCNMEM17274,2,cmkujgdqj038pxw2eyp1fz9q4
cmjqa2tne03mrxw8ylndgmi35,2025-12-28T22:05:22.967Z,2026-08-04T15:51:38.393Z,TCNMEM17275,2,cmkujgdql038qxw2eent6jn7e
cmjqa2tne03muxw8y0mu0gdzz,2025-12-28T22:05:22.967Z,2026-08-04T15:51:38.405Z,TCNMEM17278,2,cmkujgdqr038txw2elmaooaut
cmjqa2tne03mvxw8yxfg8ab3s,2025-12-28T22:05:22.967Z,2026-08-04T15:51:38.416Z,TCNMEM17279,2,cmkujgdqt038uxw2eihd95ksl
cmjqa2tne03mwxw8yzlzz65mq,2025-12-28T22:05:22.967Z,2026-08-04T15:51:38.427Z,TCNMEM17280,2,cmkujgdqy038vxw2en8fkp568
cmjqa2tne03mxxw8yzcwyrsgx,2025-12-28T22:05:22.967Z,2026-08-04T15:51:38.438Z,TCNMEM17281,2,cmkujgdr1038wxw2etoipo7jo
cmjqa2tne03myxw8y4cliz1hs,2025-12-28T22:05:22.967Z,2026-08-04T15:51:38.448Z,TCNMEM17282,2,cmkujgdr3038xxw2eo83zi63m
cmjqa2tne03mzxw8ymmgt5frd,2025-12-28T22:05:22.967Z,2026-08-04T15:51:38.458Z,TCNMEM17283,2,cmkujgdr5038yxw2e4iy7gejh
cmjqa2tne03n0xw8yd88hckcp,2025-12-28T22:05:22.967Z,2026-08-04T15:51:38.471Z,TCNMEM17284,2,cmkujgdr7038zxw2e0hhlslty
cmjqa2tne03n1xw8ylbxtvtgk,2025-12-28T22:05:22.967Z,2026-08-04T15:51:38.481Z,TCNMEM17285,2,cmkujgdrb0390xw2eq1ab324z
cmjqa2tne03n2xw8ycas81mhn,2025-12-28T22:05:22.967Z,2026-08-04T15:51:38.493Z,TCNMEM17286,2,cmkujgdrd0391xw2e3xqo9kxu
cmjqa2tne03n4xw8y6bpkv9eh,2025-12-28T22:05:22.967Z,2026-08-04T15:51:38.504Z,TCNMEM17288,2,cmkujgdrh0393xw2ej8txobkj
cmjqa2tne03n5xw8yvkgfexlf,2025-12-28T22:05:22.967Z,2026-08-04T15:51:38.515Z,TCNMEM17289,2,cmkujgdrj0394xw2eyyde5oxf
cmjqa2tne03n7xw8yodzyg7q4,2025-12-28T22:05:22.967Z,2026-08-04T15:51:38.524Z,TCNMEM17291,2,cmkujgdrp0396xw2ecspkq5fx
cmjqa2tne03n8xw8yaooplypz,2025-12-28T22:05:22.967Z,2026-08-04T15:51:38.535Z,TCNMEM17292,2,cmkujgdrr0397xw2en0nsg7a4
cmjqa2tne03n9xw8yv3sp71j8,2025-12-28T22:05:22.967Z,2026-08-04T15:51:38.545Z,TCNMEM17293,2,cmkujgdrt0398xw2euowto9m5
cmjqa2tne03naxw8y3n9zgtcl,2025-12-28T22:05:22.967Z,2026-08-04T15:51:38.556Z,TCNMEM17294,2,cmkujgdrv0399xw2ehdydwjgf
cmjqa2tne03ncxw8yoijab0wc,2025-12-28T22:05:22.967Z,2026-08-04T15:51:38.567Z,TCNMEM17296,2,cmkujgdry039bxw2ewbo98ati
cmjqa2tne03ndxw8ycmh5wort,2025-12-28T22:05:22.967Z,2026-08-04T15:51:38.576Z,TCNMEM17297,2,cmkujgdrz039cxw2e5yrf07ii
cmjqa2tne03nexw8yomodk52g,2025-12-28T22:05:22.967Z,2026-08-04T15:51:38.588Z,TCNMEM17298,2,cmkujgds1039dxw2eo0uapg3d
cmjqa2tne03nfxw8yyh6cb7c8,2025-12-28T22:05:22.967Z,2026-08-04T15:51:38.598Z,TCNMEM17299,2,cmkujgds2039exw2ef7au85g3
cmjqa2tne03ngxw8yobfmavv4,2025-12-28T22:05:22.967Z,2026-08-04T15:51:38.608Z,TCNMEM17300,2,cmkujgds3039fxw2eqi6xpmbu
cmjqa2tne03nhxw8yyfwyy7yw,2025-12-28T22:05:22.967Z,2026-08-04T15:51:38.618Z,TCNMEM17301,2,cmkujgds6039gxw2e184wima2
cmjqa2tne03nkxw8ysmwknlp4,2025-12-28T22:05:22.967Z,2026-08-04T15:51:38.629Z,TCNMEM17304,2,cmkujgdsa039jxw2e6wokydcj
cmjqa2tne03nmxw8yqbc9ao8s,2025-12-28T22:05:22.967Z,2026-08-04T15:51:38.639Z,TCNMEM17306,2,cmkujgdsd039lxw2es6u39we1
cmjqa2tne03noxw8ynbddquip,2025-12-28T22:05:22.967Z,2026-08-04T15:51:38.651Z,TCNMEM17308,2,cmkujgdsg039nxw2exzl1s0xx
cmjqa2tne03npxw8yi95a5rvg,2025-12-28T22:05:22.967Z,2026-08-04T15:51:38.661Z,TCNMEM17309,2,cmkujgdsi039oxw2e3vgsnaym
cmjqa2tne03nqxw8yv83qn33m,2025-12-28T22:05:22.967Z,2026-08-04T15:51:38.671Z,TCNMEM17310,2,cmkujgdsj039pxw2et9ugotsx
cmjqa2tne03nrxw8yebn897p7,2025-12-28T22:05:22.967Z,2026-08-04T15:51:38.681Z,TCNMEM17311,2,cmkujgdsl039qxw2euhka9ocf
cmjqa2tne03nsxw8yupw4tfuf,2025-12-28T22:05:22.967Z,2026-08-04T15:51:38.695Z,TCNMEM17312,2,cmkujgdsm039rxw2es0jgn79r
cmjqa2tne03ntxw8ywnk4nswa,2025-12-28T22:05:22.967Z,2026-08-04T15:51:38.705Z,TCNMEM17313,2,cmkujgdsn039sxw2etxn8jvcp
cmjqa2tne03nuxw8y77qd02i4,2025-12-28T22:05:22.967Z,2026-08-04T15:51:38.716Z,TCNMEM17314,2,cmkujgdsp039txw2ens0qt3qp
cmjqa2tne03nvxw8yvle8rzjk,2025-12-28T22:05:22.967Z,2026-08-04T15:51:38.726Z,TCNMEM17315,2,cmkujgdsq039uxw2e36525fl1
cmjqa2tne03nwxw8y0nwcfdeo,2025-12-28T22:05:22.967Z,2026-08-04T15:51:38.736Z,TCNMEM17316,2,cmkujgdss039vxw2ea74i6w90
cmjqa2tne03nyxw8yadwnr9i7,2025-12-28T22:05:22.967Z,2026-08-04T15:51:38.750Z,TCNMEM17318,2,cmkujgdsv039xxw2e9wi8kwle
cmjqa2tne03nzxw8yzzja4z8i,2025-12-28T22:05:22.967Z,2026-08-04T15:51:38.761Z,TCNMEM17319,2,cmkujgdsw039yxw2esjy1o986
cmjqa2tne03o0xw8yygkh56ml,2025-12-28T22:05:22.967Z,2026-08-04T15:51:38.773Z,TCNMEM17320,2,cmkujgdsy039zxw2e81gvf5sq
cmjqa2tne03o1xw8yjdrplz8e,2025-12-28T22:05:22.967Z,2026-08-04T15:51:38.783Z,TCNMEM17321,2,cmkujgdsz03a0xw2e508f8bot
cmjqa2tne03o2xw8y338na4km,2025-12-28T22:05:22.967Z,2026-08-04T15:51:38.794Z,TCNMEM17322,2,cmkujgdt103a1xw2ejge99scv
cmjqa2tne03o4xw8yaugytb7q,2025-12-28T22:05:22.967Z,2026-08-04T15:51:38.817Z,TCNMEM17324,2,cmkujgdt303a3xw2ep66cai70
cmjqa2tne03o5xw8y4muisp40,2025-12-28T22:05:22.967Z,2026-08-04T15:51:38.836Z,TCNMEM17325,2,cmkujgdt503a4xw2ehx6gbrpd
cmjqa2tne03o6xw8ykyu8o8u2,2025-12-28T22:05:22.967Z,2026-08-04T15:51:38.845Z,TCNMEM17326,2,cmkujgdt703a5xw2ert5p7gzi
cmjqa2tne03o7xw8ya1iksxwr,2025-12-28T22:05:22.967Z,2026-08-04T15:51:38.853Z,TCNMEM17327,2,cmkujgdtb03a6xw2eqf9ki4r3
cmjqa2tne03o8xw8y99i663kq,2025-12-28T22:05:22.967Z,2026-08-04T15:51:38.863Z,TCNMEM17328,2,cmkujgdte03a7xw2eyfnek6hq
cmjqa2tne03o9xw8y49xifrvm,2025-12-28T22:05:22.967Z,2026-08-04T15:51:38.874Z,TCNMEM17329,2,cmkujgdth03a8xw2eaaan0auz
cmjqa2tne03oaxw8yvv76mb85,2025-12-28T22:05:22.967Z,2026-08-04T15:51:38.885Z,TCNMEM17330,2,cmkujgdtk03a9xw2e9sgv2qk6
cmjqa2tne03obxw8yjb4o2myk,2025-12-28T22:05:22.967Z,2026-08-04T15:51:38.893Z,TCNMEM17331,2,cmkujgdto03aaxw2etet4vtks
cmjqa2tne03ocxw8yus71pc8o,2025-12-28T22:05:22.967Z,2026-08-04T15:51:38.902Z,TCNMEM17332,2,cmkujgdtr03abxw2ek0lkj095
cmjqa2tne03odxw8yxgwg8w4k,2025-12-28T22:05:22.967Z,2026-08-04T15:51:38.912Z,TCNMEM17333,2,cmkujgdtu03acxw2ec3sbafys
cmjqa2tne03ofxw8y6olth15c,2025-12-28T22:05:22.967Z,2026-08-04T15:51:38.920Z,TCNMEM17335,2,cmkujgdu103aexw2ez21t81cx
cmjqa2tne03ogxw8yomgj14da,2025-12-28T22:05:22.967Z,2026-08-04T15:51:38.944Z,TCNMEM17336,2,cmkujgdu403afxw2ekky4pnwl
cmjqa2tne03ohxw8y7adnlieh,2025-12-28T22:05:22.967Z,2026-08-04T15:51:38.956Z,TCNMEM17337,2,cmkujgdu703agxw2era2zdwez
cmjqa2tne03ojxw8yld7ugjr3,2025-12-28T22:05:22.967Z,2026-08-04T15:51:38.967Z,TCNMEM17339,2,cmkujgdud03aixw2e9aiwz3xm
cmjqa2tne03olxw8ylkimvlm0,2025-12-28T22:05:22.967Z,2026-08-04T15:51:38.979Z,TCNMEM17341,2,cmkujgduk03akxw2etruobf34
cmjqa2tne03onxw8ylchohuyq,2025-12-28T22:05:22.967Z,2026-08-04T15:51:38.989Z,TCNMEM17343,2,cmkujgduq03amxw2evjtz1vbg
cmjqa2tne03osxw8y8h0g0mus,2025-12-28T22:05:22.967Z,2026-08-04T15:51:39.003Z,TCNMEM17348,2,cmkujgdv603arxw2esnmh3902
cmjqa2tnf03ovxw8ykv5j9chd,2025-12-28T22:05:22.967Z,2026-08-04T15:51:39.015Z,TCNMEM17351,2,cmkujgdvg03auxw2edut9ouz6
cmjqa2tnf03owxw8yvtnzo23q,2025-12-28T22:05:22.967Z,2026-08-04T15:51:39.026Z,TCNMEM17352,2,cmkujgdvj03avxw2e711puo3m
cmjqa2tnf03oxxw8y8735y8mz,2025-12-28T22:05:22.967Z,2026-08-04T15:51:39.037Z,TCNMEM17353,2,cmkujgdvm03awxw2e98fsux5r
cmjqa2tnf03oyxw8y0gyfpxz2,2025-12-28T22:05:22.967Z,2026-08-04T15:51:39.046Z,TCNMEM17354,2,cmkujgdvq03axxw2erpbl40q7
cmjqa2tnf03ozxw8y69tb7kys,2025-12-28T22:05:22.967Z,2026-08-04T15:51:39.056Z,TCNMEM17355,2,cmkujgdvt03ayxw2e71gudktb
cmjqa2tnf03p0xw8yzi8exd97,2025-12-28T22:05:22.967Z,2026-08-04T15:51:39.067Z,TCNMEM17356,2,cmkujgdvw03azxw2e1a4vac9x
cmjqa2tnf03p1xw8yhhh17cq3,2025-12-28T22:05:22.967Z,2026-08-04T15:51:39.077Z,TCNMEM17357,2,cmkujgdvz03b0xw2edcvwmake
cmjqa2tnf03p2xw8ychseymxw,2025-12-28T22:05:22.967Z,2026-08-04T15:51:39.088Z,TCNMEM17358,2,cmkujgdw303b1xw2emik6v6p9
cmjqa2tnf03p3xw8yl34hlfw1,2025-12-28T22:05:22.967Z,2026-08-04T15:51:39.097Z,TCNMEM17359,2,cmkujgdw603b2xw2e1oe6f5r0
cmjqa2tnf03p4xw8yr23m8ibk,2025-12-28T22:05:22.967Z,2026-08-04T15:51:39.108Z,TCNMEM17360,2,cmkujgdw903b3xw2edmoirecq
cmjqa2tnf03p5xw8ytfnh5bv4,2025-12-28T22:05:22.967Z,2026-08-04T15:51:39.117Z,TCNMEM17361,2,cmkujgdwc03b4xw2epx9woyd6
cmjqa2tnf03p6xw8ylj3vluqu,2025-12-28T22:05:22.967Z,2026-08-04T15:51:39.134Z,TCNMEM17362,2,cmkujgdwf03b5xw2ead29bwhu
cmjqa2tnf03p7xw8ylnoszll8,2025-12-28T22:05:22.967Z,2026-08-04T15:51:39.145Z,TCNMEM17363,2,cmkujgdwj03b6xw2e2ew93rgt
cmjqa2tnf03p8xw8yp8idr7l1,2025-12-28T22:05:22.967Z,2026-08-04T15:51:46.368Z,TCNMEM17364,2,cmkujgdwm03b7xw2e05b2dcos
cmjqa2tnf03p9xw8y80gkaaip,2025-12-28T22:05:22.967Z,2026-08-04T15:51:46.378Z,TCNMEM17365,2,cmkujgdwp03b8xw2ew4v21df5
cmjqa2tnf03paxw8y20b5mtte,2025-12-28T22:05:22.967Z,2026-08-04T15:51:46.390Z,TCNMEM17366,2,cmkujgdws03b9xw2ej3rlmz2y
cmjqa2tnf03pbxw8yhbedh9yn,2025-12-28T22:05:22.967Z,2026-08-04T15:51:46.399Z,TCNMEM17367,2,cmkujgdww03baxw2ej5sfq02s
cmjqa2tnf03pcxw8yuhgsfv95,2025-12-28T22:05:22.967Z,2026-08-04T15:51:46.408Z,TCNMEM17368,2,cmkujgdwz03bbxw2e4wt2dr8i
cmjqa2tnf03pfxw8y93p2ri1x,2025-12-28T22:05:22.967Z,2026-08-04T15:51:46.418Z,TCNMEM17371,2,cmkujgdxd03bexw2ek5fsq453
cmjqa2tnf03pgxw8ygntbzyqc,2025-12-28T22:05:22.967Z,2026-08-04T15:51:46.430Z,TCNMEM17372,2,cmkujgdxf03bfxw2eb6vfo64s
cmjqa2tnf03phxw8yggen4u1p,2025-12-28T22:05:22.967Z,2026-08-04T15:51:46.440Z,TCNMEM17373,2,cmkujgdxh03bgxw2e5da2klvj
cmjqa2tnf03pixw8ygx8yu3qd,2025-12-28T22:05:22.967Z,2026-08-04T15:51:46.451Z,TCNMEM17374,2,cmkujgdxj03bhxw2ebjy7879b
cmjqa2tnf03pjxw8y8g617esb,2025-12-28T22:05:22.967Z,2026-08-04T15:51:46.460Z,TCNMEM17375,2,cmkujgdxk03bixw2eym9x9mfp
cmjqa2tnf03pkxw8yvl3ns53d,2025-12-28T22:05:22.967Z,2026-08-04T15:51:46.469Z,TCNMEM17376,2,cmkujgdxm03bjxw2ebwah9u4e
cmjqa2tnf03plxw8ygssjjdfr,2025-12-28T22:05:22.967Z,2026-08-04T15:51:46.480Z,TCNMEM17377,2,cmkujgdxn03bkxw2evg60vo2y
cmjqa2tnf03pmxw8yj5w3hfyt,2025-12-28T22:05:22.967Z,2026-08-04T15:51:46.499Z,TCNMEM17378,2,cmkujgdxp03blxw2etu5y8fz5
cmjqa2tnf03pnxw8ykue54drj,2025-12-28T22:05:22.967Z,2026-08-04T15:51:46.508Z,TCNMEM17379,2,cmkujgdxq03bmxw2e6a83ixbt
cmjqa2tnf03poxw8yv0yhaisv,2025-12-28T22:05:22.967Z,2026-08-04T15:51:46.518Z,TCNMEM17380,2,cmkujgdxs03bnxw2ei0l5vxcy
cmjqa2tnf03pqxw8yp62vd2is,2025-12-28T22:05:22.967Z,2026-08-04T15:51:46.529Z,TCNMEM17382,2,cmkujgdxv03bpxw2ecwcqjctq
cmjqa2tnf03prxw8y2zks8o4s,2025-12-28T22:05:22.967Z,2026-08-04T15:51:46.537Z,TCNMEM17383,2,cmkujgdxx03bqxw2e9p086d03
cmjqa2tnf03psxw8y6g2vpun5,2025-12-28T22:05:22.967Z,2026-08-04T15:51:46.546Z,TCNMEM17384,2,cmkujgdxz03brxw2ex7s012l9
cmjqa2tnf03ptxw8y7g2g177f,2025-12-28T22:05:22.967Z,2026-08-04T15:51:46.556Z,TCNMEM17385,2,cmkujgdy003bsxw2eoxcr3lpz
cmjqa2tnf03puxw8y6f3h3q8w,2025-12-28T22:05:22.967Z,2026-08-04T15:51:46.565Z,TCNMEM17386,2,cmkujgdy203btxw2en58jcnxn
cmjqa2tnf03pvxw8y4as41co8,2025-12-28T22:05:22.967Z,2026-08-04T15:51:46.575Z,TCNMEM17387,2,cmkujgdy403buxw2e29cuyf9z
cmjqa2tnf03pwxw8y3tj8p0dh,2025-12-28T22:05:22.967Z,2026-08-04T15:51:46.583Z,TCNMEM17388,2,cmkujgdy503bvxw2emz15pgm3
cmjqa2tnf03pxxw8yhvwd72wd,2025-12-28T22:05:22.967Z,2026-08-04T15:51:46.591Z,TCNMEM17389,2,cmkujgdy703bwxw2ellmxgud1
cmjqa2tnf03pyxw8yjybe6meb,2025-12-28T22:05:22.967Z,2026-08-04T15:51:46.603Z,TCNMEM17390,2,cmkujgdy803bxxw2ewq2uxpia
cmjqa2tnf03q0xw8yc6hi1x8d,2025-12-28T22:05:22.967Z,2026-08-04T15:51:46.614Z,TCNMEM17392,2,cmkujgdyc03bzxw2ek074hz70
cmjqa2tnf03q1xw8ye28ko9mj,2025-12-28T22:05:22.967Z,2026-08-04T15:51:46.623Z,TCNMEM17393,2,cmkujgdye03c0xw2e4os5mr5z
cmjqa2tg900dxxw8yf4sdm5tv,2025-12-28T22:05:22.713Z,2026-08-04T15:51:46.632Z,TCNMEM17578,2,cmngyqy2b0002xw5k1z6gpusw
cmjqa2tg900dyxw8y2qvbwzlm,2025-12-28T22:05:22.713Z,2026-08-04T15:51:46.640Z,TCNMEM17579,2,cmsetuis80002xw5r5kf0djvp
